bill_id,account_id,adjustment_id,adjustment_type_cd,amount
536042,302361,1,CR,-75.29
537409,302454,2,DR,3.21
512837,300838,3,CR,-20.47
519104,301245,4,PROMO,-22.49
517714,301151,5,CR,-63.88
512956,300845,6,PROMO,-24.28
520704,301348,7,CR,-39.67
514450,300939,8,PROMO,-56.4
524263,301579,9,PROMO,-34.48
500972,300064,10,CR,-82.29
503237,300217,11,CR,-13.31
522227,301444,12,PROMO,-85.41
501581,300103,13,PROMO,-12.7
532774,302149,14,PROMO,-13.23
521006,301365,15,CR,-83.91
535095,302298,16,CR,-50.64
512238,300798,17,CR,-87.32
507061,300459,18,CR,-19.78
538239,301404,19,WRITE_OFF,52.54
531236,302048,20,PROMO,-14.18
512131,300791,21,CR,-45.01
505614,300368,22,CR,-83.41
501573,300103,23,CR,-5.31
526699,301741,24,CR,-12.54
505460,300358,25,DR,62.27
522812,301486,26,CR,-25.12
535594,302330,27,DR,78.33
516512,301075,28,CR,-81.42
514190,300923,29,CR,-50.21
537117,302435,30,DR,64.07
503298,300221,31,PROMO,-80.84
525500,301661,32,CR,-81.91
537378,302452,33,CR,-20.9
523923,301557,34,CR,-58.31
535076,302296,35,DR,20.45
515170,300985,36,DR,68.42
509615,300630,37,DR,39.56
518355,301195,38,CR,-17.18
530087,301972,39,PROMO,-63.45
523394,301524,40,PROMO,-51.16
508462,300552,41,DR,10.91
517513,301139,42,DR,76.39
513271,300864,43,CR,-77.59
508163,300531,44,CR,-58.66
533672,302208,45,PROMO,-56.25
521009,301365,46,PROMO,-36.16
519988,301303,47,CR,-31.57
526140,301705,48,WRITE_OFF,3.66
534789,302277,49,PROMO,-69.67
507464,300486,50,DR,39.88
502057,300135,51,CR,-51.01
530801,302018,52,DR,65.4
521443,301391,53,CR,-32.14
512953,300845,54,CR,-83.41
536022,302360,55,WRITE_OFF,17.52
518788,301222,56,CR,-84.05
505823,300382,57,CR,-26.97
512046,300785,58,PROMO,-60.93
535920,302352,59,CR,-29.08
501545,300101,60,DR,29.64
531914,302089,61,PROMO,-30.45
501840,300122,62,CR,-72.11
525098,301632,63,DR,54.82
506476,300424,64,CR,-80.6
515410,301000,65,CR,-75.56
534503,302258,66,CR,-8.42
536790,302410,67,WRITE_OFF,36.12
527596,301802,68,DR,63.51
512527,300818,69,DR,21.57
513648,300890,70,CR,-20.2
522939,301494,71,DR,55.96
533188,302178,72,CR,-61.71
502176,300143,73,DR,69.64
537506,302461,74,WRITE_OFF,61.45
533718,302210,75,DR,86.96
505310,300347,76,PROMO,-81.71
508349,300544,77,CR,-17.89
511159,300732,78,CR,-32.56
531285,302050,79,CR,-6.84
505065,300332,80,CR,-73.33
521739,301411,81,CR,-6.39
536056,302362,82,CR,-43.95
535202,302306,83,DR,2.89
535717,302338,84,DR,3.38
531712,302077,85,CR,-37.63
502080,300138,86,CR,-25.8
510955,300718,87,CR,-46.94
516921,301103,88,DR,75.64
517502,301139,89,CR,-50.92
505574,300366,90,DR,11.63
527936,301825,91,PROMO,-2.89
517285,301125,92,CR,-63.12
523306,301519,93,WRITE_OFF,12.8
533143,302175,94,CR,-11.6
533644,302206,95,DR,21.55
517853,301160,96,CR,-33.06
527988,301829,97,WRITE_OFF,69.19
506337,300413,98,PROMO,-20.57
517944,301166,99,CR,-13.7
507986,300520,100,PROMO,-66.0
514080,300916,101,WRITE_OFF,35.24
512397,300810,102,CR,-16.97
528282,301850,103,WRITE_OFF,13.24
512991,300847,104,DR,6.57
527892,301822,105,PROMO,-34.62
523705,301542,106,PROMO,-9.36
517942,301166,107,CR,-20.37
519561,301273,108,PROMO,-19.33
524308,301582,109,PROMO,-50.89
533589,302202,110,PROMO,-81.04
510060,300660,111,CR,-73.17
515653,301016,112,DR,74.11
536590,302394,113,DR,52.15
506655,300435,114,DR,76.52
502704,300181,115,PROMO,-84.19
505529,300362,116,CR,-67.41
503457,300231,117,DR,82.47
529493,301931,118,CR,-8.11
521612,301404,119,DR,38.95
530021,301968,120,DR,45.86
515103,300981,121,CR,-69.5
512369,300809,122,DR,29.24
528543,301867,123,DR,44.48
517638,301146,124,CR,-76.6
532321,302120,125,CR,-71.31
511899,300776,126,PROMO,-54.74
535007,302291,127,PROMO,-57.33
508846,300580,128,DR,71.49
518442,301201,129,PROMO,-71.94
531744,302079,130,CR,-46.81
523854,301553,131,CR,-68.94
537954,302491,132,DR,37.46
519843,301293,133,DR,78.2
522662,301477,134,CR,-17.69
529866,301957,135,CR,-23.32
519230,301253,136,CR,-15.33
523552,301534,137,DR,79.05
509444,300619,138,CR,-86.23
511344,300742,139,CR,-73.91
522704,301480,140,CR,-23.88
505739,300377,141,CR,-9.1
504949,300326,142,CR,-67.01
523808,301551,143,PROMO,-33.24
519392,301263,144,CR,-64.51
533316,302187,145,PROMO,-43.9
532901,302157,146,WRITE_OFF,51.87
531891,302088,147,PROMO,-57.06
525917,301691,148,CR,-19.51
518157,301183,149,CR,-67.58
532120,302103,150,CR,-87.6
515961,301042,151,PROMO,-73.67
506246,300408,152,DR,21.5
525761,301677,153,PROMO,-47.14
518486,301204,154,PROMO,-60.2
503841,300255,155,WRITE_OFF,22.05
523714,301544,156,CR,-79.83
522728,301482,157,PROMO,-41.44
510424,300682,158,CR,-61.71
534596,302264,159,CR,-26.22
527840,301819,160,DR,2.39
522217,301443,161,PROMO,-52.86
503676,300244,162,PROMO,-42.11
513712,300895,163,PROMO,-86.14
538297,301045,164,CR,-24.79
533759,302212,165,DR,65.16
508014,300523,166,CR,-21.94
511806,300771,167,DR,22.38
523297,301518,168,DR,60.66
503908,300260,169,CR,-42.43
503699,300246,170,DR,36.42
512508,300817,171,PROMO,-37.48
514995,300975,172,CR,-28.45
526559,301733,173,WRITE_OFF,37.69
524613,301601,174,DR,88.42
524527,301596,175,CR,-19.36
522010,301429,176,DR,83.68
534066,302232,177,CR,-20.94
505038,300331,178,DR,54.03
515392,300999,179,DR,60.72
511339,300742,180,PROMO,-5.97
500331,300024,181,WRITE_OFF,60.15
526945,301759,182,CR,-51.66
509155,300600,183,CR,-26.75
532906,302157,184,PROMO,-84.5
534399,302252,185,CR,-85.3
514063,300915,186,CR,-44.32
528456,301861,187,PROMO,-11.15
511848,300774,188,DR,55.71
537751,302476,189,CR,-58.72
536507,302389,190,DR,42.15
525700,301673,191,CR,-70.46
526437,301726,192,PROMO,-10.72
517176,301118,193,PROMO,-46.59
517991,301171,194,CR,-8.6
517535,301140,195,DR,80.92
530555,302003,196,PROMO,-69.73
527956,301827,197,CR,-65.79
519738,301287,198,DR,69.5
505389,300353,199,DR,42.85
536890,302418,200,PROMO,-45.76
530523,302001,201,PROMO,-11.21
531158,302040,202,PROMO,-31.66
505984,300391,203,PROMO,-33.88
517642,301146,204,WRITE_OFF,51.05
520155,301313,205,PROMO,-60.64
516239,301059,206,CR,-67.2
536153,302368,207,CR,-56.74
502860,300190,208,DR,55.36
536558,302391,209,DR,10.06
512573,300821,210,CR,-89.52
527575,301799,211,CR,-30.58
509321,300609,212,CR,-32.58
511013,300721,213,WRITE_OFF,71.4
503936,300261,214,CR,-56.82
500214,300014,215,PROMO,-48.45
516060,301050,216,DR,10.49
526390,301724,217,DR,49.69
503273,300219,218,CR,-41.38
516704,301089,219,PROMO,-24.45
500682,300047,220,DR,18.15
525683,301673,221,CR,-20.05
529693,301946,222,PROMO,-80.04
500808,300055,223,WRITE_OFF,34.86
527086,301768,224,DR,33.7
533295,302185,225,PROMO,-28.58
538242,300653,226,CR,-3.52
520278,301321,227,DR,2.32
501733,300116,228,WRITE_OFF,68.42
537344,302450,229,WRITE_OFF,71.96
512788,300834,230,PROMO,-9.18
532509,302130,231,CR,-43.8
518844,301226,232,CR,-36.33
531235,302048,233,PROMO,-80.93
534254,302243,234,WRITE_OFF,63.85
509341,300610,235,DR,37.67
527454,301792,236,PROMO,-69.03
511015,300722,237,CR,-11.82
536454,302386,238,PROMO,-83.59
531627,302072,239,PROMO,-52.76
535468,302321,240,DR,25.01
519110,301246,241,WRITE_OFF,23.64
531082,302036,242,CR,-21.37
518676,301216,243,PROMO,-53.49
536737,302406,244,PROMO,-79.35
516001,301045,245,PROMO,-57.39
532016,302095,246,DR,18.97
505655,300371,247,CR,-35.2
525074,301631,248,CR,-49.86
520877,301358,249,CR,-63.02
530663,302010,250,PROMO,-80.0
513026,300849,251,WRITE_OFF,41.81
516426,301070,252,PROMO,-30.51
526352,301719,253,CR,-19.35
519613,301276,254,CR,-28.12
525909,301690,255,WRITE_OFF,58.57
536134,302367,256,DR,58.58
518029,301175,257,WRITE_OFF,65.92
518826,301224,258,CR,-33.6
529094,301904,259,CR,-19.81
533618,302204,260,CR,-63.25
500747,300051,261,DR,21.95
509734,300637,262,CR,-41.84
508132,300529,263,PROMO,-63.44
537163,302437,264,DR,33.9
506618,300432,265,CR,-53.19
503895,300259,266,CR,-12.76
508448,300552,267,CR,-63.72
533525,302199,268,CR,-73.56
536070,302363,269,CR,-39.25
518321,301193,270,CR,-54.48
528154,301842,271,DR,79.34
525421,301653,272,PROMO,-41.56
536954,302423,273,DR,21.5
503394,300228,274,DR,71.66
518734,301219,275,PROMO,-33.69
525506,301661,276,CR,-28.13
530945,302027,277,WRITE_OFF,74.27
525602,301666,278,DR,14.14
532499,302130,279,PROMO,-72.27
513286,300865,280,PROMO,-54.57
505231,300343,281,PROMO,-85.79
531863,302086,282,CR,-83.91
502149,300142,283,CR,-69.38
535683,302336,284,WRITE_OFF,26.22
509005,300591,285,DR,48.74
529823,301954,286,DR,83.74
510549,300691,287,CR,-27.72
506777,300443,288,PROMO,-78.67
506455,300423,289,DR,3.08
500561,300040,290,PROMO,-32.56
512091,300787,291,CR,-14.08
526826,301750,292,PROMO,-81.54
524040,301565,293,CR,-43.71
519386,301262,294,PROMO,-74.61
531094,302037,295,CR,-39.46
515924,301040,296,PROMO,-29.66
535409,302317,297,CR,-52.78
525094,301632,298,CR,-48.15
505656,300371,299,CR,-62.64
521028,301366,300,CR,-29.42
502995,300198,301,PROMO,-16.73
515591,301012,302,PROMO,-76.2
521735,301411,303,CR,-37.49
537655,302470,304,DR,57.55
533864,302219,305,PROMO,-15.59
504416,300293,306,CR,-76.6
506206,300406,307,CR,-11.68
510089,300663,308,WRITE_OFF,19.52
517139,301116,309,CR,-51.85
507699,300502,310,PROMO,-75.56
526169,301707,311,DR,55.94
520778,301352,312,DR,41.73
503569,300238,313,CR,-46.78
507443,300485,314,PROMO,-60.32
504842,300320,315,PROMO,-55.96
504819,300319,316,PROMO,-83.55
527862,301820,317,CR,-43.48
500159,300010,318,DR,60.89
527381,301788,319,PROMO,-45.64
519959,301301,320,CR,-10.43
522229,301444,321,DR,3.1
502059,300135,322,CR,-74.11
511228,300736,323,PROMO,-78.41
516847,301097,324,DR,29.75
536216,302372,325,DR,48.93
526301,301716,326,PROMO,-13.02
536052,302362,327,CR,-46.25
523129,301508,328,DR,78.12
534931,302286,329,PROMO,-76.96
525601,301666,330,CR,-78.68
501958,300128,331,PROMO,-57.81
527817,301817,332,DR,67.12
521337,301385,333,CR,-38.73
530360,301991,334,PROMO,-35.7
504058,300269,335,DR,86.01
524487,301594,336,CR,-5.09
507176,300467,337,DR,74.57
512566,300821,338,WRITE_OFF,36.93
535086,302296,339,PROMO,-30.21
532836,302152,340,DR,45.91
528958,301896,341,CR,-53.5
503368,300226,342,PROMO,-32.24
527594,301800,343,WRITE_OFF,27.47
536571,302392,344,WRITE_OFF,58.27
517229,301122,345,PROMO,-9.09
507431,300485,346,DR,63.32
535622,302333,347,CR,-3.79
523386,301523,348,PROMO,-27.0
513907,300907,349,DR,81.74
502895,300192,350,WRITE_OFF,15.18
516712,301089,351,CR,-15.55
506388,300418,352,PROMO,-38.3
536189,302371,353,PROMO,-30.13
502364,300155,354,CR,-44.97
535549,302326,355,DR,24.01
505734,300377,356,CR,-19.51
525894,301690,357,DR,37.34
503118,300208,358,CR,-19.92
534095,302234,359,DR,68.38
516446,301071,360,PROMO,-42.9
512716,300830,361,PROMO,-27.86
537156,302437,362,WRITE_OFF,20.09
531875,302087,363,CR,-71.61
534119,302235,364,PROMO,-83.95
508439,300551,365,PROMO,-60.78
530884,302023,366,CR,-78.65
500175,300012,367,CR,-41.66
527730,301810,368,CR,-55.31
517022,301110,369,DR,51.29
503216,300216,370,CR,-81.14
508720,300571,371,CR,-23.36
508048,300525,372,DR,63.54
515957,301041,373,DR,23.39
528255,301848,374,PROMO,-33.22
509631,300631,375,DR,67.38
536092,302365,376,PROMO,-88.46
518334,301194,377,CR,-78.24
521447,301392,378,CR,-9.02
521010,301365,379,PROMO,-68.37
511121,300728,380,PROMO,-16.59
506111,300401,381,CR,-82.83
517711,301151,382,CR,-37.52
528405,301858,383,CR,-86.02
520086,301309,384,PROMO,-84.78
502694,300180,385,CR,-82.09
528253,301848,386,CR,-29.51
515337,300996,387,CR,-80.36
527616,301803,388,CR,-86.11
507143,300465,389,DR,38.65
523508,301530,390,CR,-7.01
509223,300604,391,CR,-26.41
507605,300494,392,PROMO,-17.99
502747,300184,393,CR,-67.88
504399,300292,394,CR,-72.01
516395,301068,395,CR,-81.62
523859,301554,396,CR,-65.6
507295,300476,397,CR,-34.15
536820,302412,398,WRITE_OFF,66.01
503619,300241,399,CR,-43.77
537531,302462,400,PROMO,-54.74
501015,300067,401,CR,-71.9
511577,300757,402,DR,68.87
519489,301268,403,PROMO,-70.3
512723,300830,404,CR,-29.52
523436,301526,405,CR,-63.38
504712,300312,406,PROMO,-52.24
509260,300606,407,CR,-17.18
516382,301068,408,CR,-57.41
536083,302363,409,CR,-17.51
536492,302388,410,DR,46.67
535997,302358,411,DR,23.75
503519,300235,412,PROMO,-64.97
505949,300389,413,CR,-33.96
520889,301358,414,CR,-87.51
516679,301087,415,CR,-4.49
529820,301954,416,CR,-60.57
512416,300811,417,PROMO,-29.14
537995,302494,418,DR,60.97
518425,301200,419,CR,-27.2
537912,302488,420,DR,9.13
518907,301233,421,CR,-26.54
527903,301822,422,DR,16.38
515107,300981,423,CR,-61.75
504132,300274,424,CR,-26.13
523418,301525,425,PROMO,-70.83
535295,302311,426,CR,-86.65
527898,301822,427,CR,-20.22
521539,301398,428,PROMO,-84.67
521113,301371,429,DR,30.6
535116,302299,430,CR,-73.3
535009,302291,431,PROMO,-27.0
502625,300174,432,DR,57.09
532250,302115,433,DR,56.0
520974,301363,434,DR,59.01
506190,300405,435,DR,29.12
535823,302345,436,DR,3.77
517692,301150,437,CR,-76.47
516926,301103,438,CR,-80.0
504009,300266,439,PROMO,-19.34
514333,300932,440,DR,83.14
500778,300053,441,WRITE_OFF,25.21
533118,302174,442,WRITE_OFF,66.48
531566,302068,443,CR,-83.93
537041,302430,444,PROMO,-48.54
518415,301199,445,CR,-26.68
534696,302269,446,DR,45.01
529060,301902,447,CR,-32.78
510227,300670,448,CR,-64.96
529531,301933,449,CR,-8.4
519574,301273,450,PROMO,-87.22
517847,301160,451,CR,-15.87
531836,302085,452,CR,-20.2
514601,300948,453,DR,26.03
529814,301954,454,CR,-73.87
536133,302367,455,CR,-77.61
518023,301175,456,DR,44.0
520796,301353,457,CR,-24.9
507610,300495,458,CR,-25.97
502896,300192,459,CR,-58.58
518400,301199,460,CR,-13.33
527680,301806,461,WRITE_OFF,78.69
518364,301196,462,PROMO,-65.01
519140,301247,463,CR,-83.48
509165,300601,464,CR,-48.51
506689,300437,465,DR,58.03
520225,301318,466,CR,-67.48
515897,301035,467,CR,-34.08
529654,301942,468,CR,-69.57
509878,300649,469,DR,20.46
510082,300661,470,CR,-81.98
508853,300581,471,PROMO,-31.37
535236,302308,472,DR,16.77
504905,300323,473,PROMO,-81.86
529515,301932,474,PROMO,-57.0
517345,301129,475,PROMO,-13.55
514232,300926,476,CR,-44.66
503477,300233,477,DR,44.19
507585,300493,478,DR,45.87
507855,300511,479,CR,-68.34
508589,300562,480,WRITE_OFF,10.49
511966,300780,481,CR,-70.22
526591,301735,482,PROMO,-21.91
535128,302301,483,DR,65.64
527239,301779,484,DR,19.04
530094,301972,485,CR,-2.12
509585,300627,486,CR,-3.85
514198,300924,487,CR,-51.5
501599,300105,488,WRITE_OFF,54.73
506174,300404,489,CR,-73.22
535712,302338,490,CR,-82.68
503524,300235,491,WRITE_OFF,23.45
508762,300574,492,CR,-84.74
512106,300788,493,CR,-78.28
508157,300531,494,CR,-46.93
532091,302100,495,PROMO,-38.29
537767,302477,496,CR,-54.35
504950,300326,497,PROMO,-48.0
511326,300741,498,CR,-61.38
533761,302212,499,CR,-10.66
524637,301602,500,CR,-32.79
500793,300054,501,PROMO,-37.76
510844,300710,502,CR,-87.95
516453,301072,503,PROMO,-36.25
507961,300518,504,CR,-66.16
536398,302382,505,CR,-4.09
537168,302438,506,DR,27.41
502401,300157,507,DR,8.33
529392,301923,508,PROMO,-5.67
503101,300206,509,CR,-55.95
523713,301544,510,CR,-25.48
533034,302167,511,DR,65.32
512344,300807,512,WRITE_OFF,2.72
515227,300989,513,CR,-4.25
525567,301664,514,PROMO,-14.78
529061,301902,515,DR,5.84
512282,300803,516,PROMO,-15.66
514668,300952,517,CR,-19.17
516703,301088,518,CR,-27.42
508564,300560,519,DR,56.72
532621,302139,520,DR,60.34
514434,300938,521,DR,67.17
504263,300283,522,CR,-2.14
513556,300883,523,CR,-17.47
523433,301526,524,WRITE_OFF,80.43
501006,300066,525,PROMO,-43.49
516430,301070,526,PROMO,-5.38
527160,301772,527,PROMO,-65.1
503548,300237,528,WRITE_OFF,29.42
527045,301766,529,DR,73.51
528874,301890,530,PROMO,-46.25
504353,300289,531,CR,-5.92
512923,300843,532,CR,-56.31
517748,301153,533,PROMO,-5.78
536508,302389,534,WRITE_OFF,60.38
522602,301472,535,CR,-3.05
521152,301373,536,PROMO,-12.17
534752,302274,537,DR,22.89
504795,300317,538,CR,-42.84
532917,302158,539,CR,-56.86
503896,300259,540,CR,-12.21
503508,300234,541,CR,-89.81
524116,301569,542,PROMO,-86.23
534219,302242,543,WRITE_OFF,56.22
534529,302260,544,DR,34.03
537191,302439,545,CR,-24.0
529171,301909,546,CR,-34.96
533232,302181,547,CR,-41.27
531144,302040,548,PROMO,-79.05
530466,301998,549,CR,-74.42
502734,300183,550,CR,-82.81
505162,300338,551,CR,-82.99
530036,301969,552,PROMO,-63.62
526771,301746,553,PROMO,-17.2
520385,301328,554,CR,-57.01
520001,301303,555,PROMO,-3.28
507019,300456,556,CR,-87.67
522799,301486,557,CR,-18.03
501289,300086,558,CR,-57.22
523355,301521,559,DR,88.45
510211,300669,560,DR,63.7
506835,300446,561,DR,31.07
521610,301404,562,CR,-87.66
525962,301695,563,PROMO,-70.76
533079,302171,564,DR,34.18
529114,301905,565,CR,-35.45
511561,300756,566,CR,-58.76
520777,301352,567,PROMO,-45.84
532490,302129,568,DR,41.07
528241,301847,569,CR,-29.69
532862,302154,570,CR,-45.11
527218,301777,571,DR,2.6
506471,300424,572,PROMO,-34.88
508905,300584,573,DR,56.41
519373,301262,574,PROMO,-80.54
519015,301239,575,CR,-47.89
519499,301269,576,PROMO,-41.33
518671,301215,577,CR,-13.07
506043,300395,578,CR,-41.32
531619,302072,579,CR,-83.86
511684,300763,580,PROMO,-11.07
530565,302004,581,CR,-37.37
512003,300783,582,PROMO,-49.02
536284,302376,583,CR,-24.82
510183,300668,584,DR,75.66
533656,302207,585,PROMO,-69.83
524951,301623,586,DR,6.16
531322,302052,587,CR,-6.11
522590,301471,588,PROMO,-88.72
537038,302429,589,CR,-73.37
530455,301997,590,DR,41.97
525906,301690,591,PROMO,-72.98
502988,300197,592,CR,-87.48
521699,301409,593,DR,8.66
517641,301146,594,PROMO,-26.33
509492,300622,595,PROMO,-18.76
507515,300489,596,CR,-32.87
521617,301404,597,PROMO,-77.64
507926,300515,598,DR,35.61
507341,300480,599,CR,-19.07
513027,300849,600,WRITE_OFF,23.97
517543,301141,601,PROMO,-78.65
513941,300909,602,DR,53.66
510574,300693,603,CR,-83.79
507409,300483,604,CR,-34.71
531155,302040,605,DR,56.01
500661,300046,606,CR,-15.14
533819,302216,607,DR,14.01
507561,300492,608,CR,-10.21
501247,300082,609,DR,11.23
530650,302010,610,DR,76.1
502216,300145,611,DR,12.41
514950,300973,612,CR,-63.8
529638,301941,613,WRITE_OFF,60.69
513551,300883,614,PROMO,-82.0
524895,301620,615,CR,-49.25
519632,301278,616,WRITE_OFF,79.62
531035,302033,617,CR,-20.63
509236,300605,618,DR,58.56
523754,301548,619,PROMO,-55.67
527007,301764,620,CR,-57.26
507051,300458,621,PROMO,-15.82
521622,301404,622,DR,30.12
535575,302328,623,CR,-7.07
531738,302078,624,DR,13.68
522869,301490,625,PROMO,-88.97
525181,301638,626,PROMO,-85.4
514068,300916,627,DR,68.56
509990,300656,628,CR,-53.73
534959,302287,629,PROMO,-73.78
515032,300977,630,DR,57.3
509925,300652,631,CR,-77.89
506117,300401,632,CR,-25.69
531650,302073,633,WRITE_OFF,57.51
509154,300600,634,DR,32.69
534825,302280,635,WRITE_OFF,56.38
508690,300569,636,PROMO,-5.26
525349,301648,637,DR,19.95
535910,302352,638,PROMO,-61.33
518216,301187,639,CR,-78.85
526897,301755,640,WRITE_OFF,12.11
531223,302047,641,DR,35.18
513752,300898,642,DR,16.12
526299,301716,643,PROMO,-15.71
537857,302484,644,PROMO,-59.36
521740,301411,645,PROMO,-57.21
533866,302219,646,WRITE_OFF,68.08
501004,300066,647,CR,-47.21
529495,301931,648,PROMO,-23.96
520212,301317,649,DR,78.88
537615,302468,650,PROMO,-69.06
525580,301665,651,PROMO,-19.82
500334,300024,652,DR,87.34
519491,301268,653,CR,-46.64
531183,302045,654,WRITE_OFF,79.31
504304,300285,655,DR,34.39
508567,300560,656,PROMO,-61.41
525808,301684,657,PROMO,-40.83
535439,302319,658,CR,-37.91
524559,301598,659,CR,-53.12
535142,302302,660,CR,-56.66
537307,302448,661,DR,74.6
535545,302326,662,DR,19.69
528791,301885,663,CR,-5.68
527365,301788,664,WRITE_OFF,70.97
504617,300305,665,DR,62.33
515864,301034,666,CR,-67.51
526988,301763,667,CR,-31.81
521297,301383,668,PROMO,-77.47
505405,300354,669,CR,-86.25
531548,302066,670,DR,53.62
515236,300989,671,CR,-49.76
522335,301453,672,CR,-5.9
502705,300181,673,PROMO,-57.47
527549,301798,674,DR,26.09
507218,300472,675,CR,-68.32
508540,300558,676,PROMO,-16.97
522667,301477,677,WRITE_OFF,9.41
507469,300487,678,PROMO,-41.72
501883,300124,679,CR,-50.61
523719,301546,680,PROMO,-73.39
537651,302470,681,DR,43.01
534473,302256,682,CR,-82.58
531084,302036,683,CR,-57.21
501591,300105,684,PROMO,-13.01
523281,301517,685,PROMO,-31.37
512686,300828,686,CR,-60.92
507784,300507,687,CR,-12.74
524440,301591,688,DR,29.57
532732,302147,689,DR,22.88
534891,302284,690,CR,-25.24
508213,300534,691,CR,-42.48
530050,301970,692,WRITE_OFF,23.01
504258,300283,693,DR,11.8
530183,301978,694,CR,-47.06
506907,300450,695,DR,42.1
501028,300067,696,CR,-85.35
531896,302088,697,PROMO,-77.9
506612,300432,698,PROMO,-67.97
537902,302488,699,CR,-55.18
518879,301230,700,PROMO,-42.76
519275,301256,701,CR,-44.04
518807,301223,702,PROMO,-20.25
502547,300167,703,DR,34.47
535933,302353,704,DR,56.23
503410,300228,705,CR,-16.5
511530,300754,706,PROMO,-65.69
509961,300654,707,WRITE_OFF,69.15
525658,301671,708,CR,-63.62
500730,300050,709,PROMO,-37.41
527315,301784,710,DR,4.71
508010,300521,711,CR,-79.15
520026,301306,712,CR,-25.65
514922,300971,713,DR,32.06
528066,301836,714,DR,4.68
511482,300751,715,CR,-78.0
535591,302330,716,CR,-45.07
514536,300943,717,DR,9.71
504627,300306,718,DR,73.74
506801,300444,719,PROMO,-17.58
521106,301371,720,PROMO,-5.16
523789,301550,721,DR,67.67
509728,300637,722,PROMO,-78.33
538046,302498,723,PROMO,-25.58
527568,301799,724,PROMO,-2.55
507866,300512,725,WRITE_OFF,27.88
505478,300359,726,DR,28.35
523152,301509,727,WRITE_OFF,56.47
501708,300112,728,PROMO,-72.64
516883,301099,729,WRITE_OFF,5.56
536680,302403,730,DR,79.03
500786,300053,731,PROMO,-26.58
500788,300053,732,PROMO,-33.8
507116,300462,733,DR,27.99
535797,302344,734,DR,15.77
530215,301981,735,PROMO,-10.0
509801,300644,736,WRITE_OFF,36.07
536051,302362,737,DR,89.3
529582,301936,738,CR,-17.7
521758,301413,739,PROMO,-36.06
504172,300277,740,CR,-68.08
526706,301742,741,PROMO,-61.27
512888,300841,742,CR,-5.71
532868,302155,743,DR,50.52
526686,301740,744,DR,11.46
516988,301108,745,CR,-39.89
535404,302317,746,CR,-36.88
516763,301093,747,PROMO,-70.35
507212,300471,748,PROMO,-71.29
536561,302392,749,PROMO,-62.61
536005,302359,750,PROMO,-42.23
511003,300721,751,DR,79.77
509579,300627,752,PROMO,-82.95
512492,300816,753,WRITE_OFF,19.4
522846,301488,754,PROMO,-20.29
504359,300289,755,DR,62.24
512858,300839,756,CR,-13.67
509424,300617,757,WRITE_OFF,23.17
534818,302278,758,DR,64.0
517615,301145,759,DR,47.29
536047,302361,760,WRITE_OFF,9.13
506233,300408,761,CR,-28.96
513744,300898,762,PROMO,-16.77
503910,300260,763,DR,20.14
513083,300853,764,DR,48.55
504111,300272,765,PROMO,-2.42
529789,301953,766,CR,-4.57
526685,301740,767,CR,-25.1
526226,301710,768,DR,12.28
507001,300455,769,DR,8.62
531142,302039,770,DR,26.03
517512,301139,771,CR,-67.63
529928,301963,772,CR,-76.82
509581,300627,773,DR,16.01
515148,300984,774,PROMO,-55.36
510563,300692,775,WRITE_OFF,39.64
523124,301508,776,WRITE_OFF,57.41
528935,301895,777,CR,-59.01
523081,301505,778,DR,29.1
504659,300309,779,WRITE_OFF,14.95
525963,301695,780,WRITE_OFF,49.11
514779,300958,781,CR,-74.2
519980,301302,782,WRITE_OFF,84.09
525023,301627,783,PROMO,-41.48
537813,302480,784,DR,54.83
501619,300106,785,PROMO,-83.45
501378,300091,786,CR,-63.3
523861,301554,787,CR,-61.86
525039,301629,788,DR,77.65
506292,300411,789,DR,21.39
520391,301328,790,PROMO,-27.07
505509,300361,791,PROMO,-31.17
521884,301420,792,CR,-41.31
525804,301684,793,CR,-51.77
500727,300050,794,PROMO,-52.95
529107,301905,795,PROMO,-9.23
520759,301351,796,PROMO,-45.86
529560,301935,797,CR,-89.22
516939,301104,798,DR,28.18
523604,301537,799,WRITE_OFF,19.4
504033,300268,800,DR,18.64
533922,302222,801,CR,-17.67
534976,302288,802,CR,-27.05
505261,300345,803,DR,71.58
528219,301846,804,CR,-79.64
515089,300980,805,WRITE_OFF,36.62
516283,301062,806,WRITE_OFF,14.79
531042,302034,807,DR,84.6
507576,300493,808,DR,18.6
534719,302272,809,DR,72.75
501906,300126,810,DR,28.16
504663,300309,811,CR,-49.78
514792,300961,812,CR,-15.57
528964,301896,813,CR,-23.18
533968,302224,814,CR,-85.98
516775,301093,815,WRITE_OFF,75.85
500731,300050,816,PROMO,-44.91
502028,300133,817,CR,-60.45
525015,301627,818,PROMO,-89.53
527873,301821,819,DR,51.16
527501,301795,820,WRITE_OFF,57.47
505527,300362,821,CR,-17.11
504158,300275,822,DR,82.52
507537,300491,823,CR,-49.88
516120,301053,824,PROMO,-68.56
520566,301339,825,WRITE_OFF,27.03
508397,300549,826,CR,-41.96
525095,301632,827,PROMO,-84.44
518859,301228,828,PROMO,-2.21
500699,300048,829,PROMO,-21.32
510679,300699,830,WRITE_OFF,27.17
511139,300729,831,CR,-58.89
517769,301154,832,CR,-25.23
532900,302157,833,PROMO,-44.26
534329,302248,834,CR,-23.78
537895,302487,835,PROMO,-45.29
505746,300377,836,DR,24.32
536450,302385,837,WRITE_OFF,34.86
519006,301239,838,DR,30.23
524297,301582,839,PROMO,-78.6
503435,300230,840,PROMO,-10.36
524253,301578,841,CR,-26.61
502279,300149,842,CR,-76.58
520894,301359,843,PROMO,-26.57
522294,301451,844,DR,75.97
520515,301336,845,CR,-33.59
534795,302277,846,WRITE_OFF,36.57
516262,301061,847,PROMO,-6.07
503915,300260,848,DR,74.67
509277,300607,849,CR,-34.37
506458,300423,850,PROMO,-85.31
516613,301081,851,CR,-49.4
504720,300312,852,CR,-15.72
502491,300164,853,CR,-25.64
514437,300938,854,PROMO,-11.89
527879,301821,855,CR,-51.64
501658,300109,856,CR,-87.1
500868,300058,857,CR,-62.78
532799,302150,858,PROMO,-70.21
534469,302256,859,CR,-83.16
530826,302019,860,PROMO,-2.2
505626,300368,861,DR,9.74
509501,300623,862,CR,-34.1
508200,300533,863,PROMO,-16.16
531015,302032,864,PROMO,-57.46
508361,300545,865,DR,72.57
525202,301639,866,DR,82.44
527717,301809,867,DR,84.61
523560,301534,868,PROMO,-16.87
538207,300725,869,CR,-60.37
511284,300739,870,PROMO,-10.89
525136,301634,871,PROMO,-37.4
538084,302500,872,CR,-27.24
536347,302379,873,CR,-75.77
524068,301566,874,WRITE_OFF,52.49
526358,301719,875,CR,-57.82
508084,300527,876,CR,-16.45
507886,300513,877,PROMO,-53.57
516483,301073,878,WRITE_OFF,89.62
524546,301597,879,CR,-22.35
505698,300374,880,WRITE_OFF,74.33
526424,301725,881,CR,-28.34
521841,301418,882,CR,-60.63
527070,301767,883,CR,-47.66
515882,301035,884,PROMO,-54.12
528807,301886,885,PROMO,-73.0
515169,300985,886,CR,-12.15
534848,302281,887,DR,70.98
533303,302185,888,WRITE_OFF,56.52
529169,301908,889,CR,-42.34
504647,300308,890,PROMO,-4.86
533110,302173,891,CR,-34.57
503275,300220,892,PROMO,-2.97
524959,301624,893,DR,80.29
522510,301464,894,PROMO,-14.28
535861,302348,895,CR,-12.27
532260,302116,896,PROMO,-4.69
524696,301606,897,CR,-81.55
519620,301276,898,WRITE_OFF,60.18
515060,300979,899,DR,59.65
504533,300301,900,CR,-82.33
517577,301143,901,DR,23.59
538061,302499,902,CR,-73.03
524782,301612,903,CR,-35.88
500873,300058,904,CR,-27.72
506922,300451,905,DR,81.73
518858,301228,906,CR,-78.88
529955,301964,907,CR,-76.05
535703,302337,908,PROMO,-45.84
517777,301155,909,DR,69.11
531894,302088,910,CR,-11.9
520401,301329,911,CR,-81.03
500431,300032,912,CR,-4.2
519385,301262,913,PROMO,-11.2
516997,301108,914,CR,-37.77
519981,301302,915,DR,34.95
501587,300103,916,WRITE_OFF,7.83
501404,300093,917,PROMO,-5.84
531509,302064,918,PROMO,-75.97
525846,301687,919,CR,-26.8
510794,300707,920,DR,61.67
514928,300971,921,CR,-35.63
522232,301444,922,CR,-7.19
531265,302049,923,DR,67.43
535309,302312,924,PROMO,-53.03
530244,301983,925,DR,86.12
518564,301208,926,DR,9.68
522037,301430,927,PROMO,-55.89
501669,300110,928,PROMO,-28.25
523217,301513,929,CR,-88.77
501790,300119,930,DR,75.84
533513,302198,931,CR,-5.11
515401,301000,932,DR,42.84
517943,301166,933,PROMO,-73.34
512433,300813,934,CR,-65.65
520458,301332,935,DR,37.39
507808,300508,936,PROMO,-46.11
511332,300742,937,CR,-29.09
534393,302251,938,DR,41.48
525416,301653,939,DR,4.28
533724,302210,940,CR,-6.18
536603,302395,941,CR,-18.02
526002,301698,942,DR,49.72
511194,300734,943,DR,30.38
508553,300559,944,CR,-74.29
511117,300728,945,DR,57.32
532647,302142,946,DR,29.52
536997,302427,947,CR,-20.2
506391,300418,948,DR,81.88
528342,301854,949,PROMO,-53.35
512845,300838,950,DR,62.86
532946,302160,951,PROMO,-32.0
531020,302033,952,DR,86.29
526914,301756,953,WRITE_OFF,76.24
526160,301706,954,PROMO,-17.54
538164,301766,955,CR,-34.59
529913,301961,956,PROMO,-25.73
528315,301852,957,DR,42.11
531169,302041,958,CR,-10.58
520328,301324,959,PROMO,-23.49
521705,301409,960,CR,-10.0
500317,300023,961,CR,-38.26
531459,302060,962,DR,20.13
503732,300249,963,CR,-67.86
521894,301421,964,CR,-3.93
517064,301112,965,PROMO,-36.75
517934,301165,966,DR,27.77
533409,302192,967,DR,33.92
536908,302419,968,PROMO,-66.27
505852,300383,969,WRITE_OFF,84.89
528625,301872,970,PROMO,-83.1
528176,301844,971,DR,29.77
520023,301305,972,DR,59.25
509227,300604,973,PROMO,-39.14
508685,300568,974,PROMO,-23.2
518343,301194,975,PROMO,-63.44
527714,301809,976,PROMO,-52.95
501935,300127,977,CR,-17.22
505120,300336,978,PROMO,-38.33
535063,302295,979,DR,13.79
532653,302142,980,PROMO,-20.65
515663,301017,981,DR,87.81
500910,300061,982,PROMO,-6.58
534164,302237,983,CR,-45.74
537600,302467,984,CR,-36.04
508922,300586,985,DR,12.91
518554,301208,986,CR,-85.8
504807,300318,987,PROMO,-44.86
518639,301213,988,PROMO,-71.95
512404,300811,989,WRITE_OFF,85.81
522600,301471,990,CR,-19.12
504213,300279,991,DR,2.89
507434,300485,992,PROMO,-48.85
524065,301566,993,CR,-68.57
520762,301351,994,DR,4.59
527311,301784,995,DR,55.48
537367,302451,996,PROMO,-43.07
535486,302322,997,PROMO,-17.65
534198,302239,998,CR,-7.1
531842,302085,999,DR,31.19
526261,301712,1000,CR,-46.88
535819,302345,1001,DR,48.06
501981,300130,1002,DR,50.22
529381,301922,1003,PROMO,-13.38
512904,300841,1004,CR,-41.07
513059,300851,1005,PROMO,-13.95
533827,302217,1006,CR,-4.32
507397,300483,1007,CR,-74.58
501314,300088,1008,CR,-53.81
514811,300962,1009,CR,-23.87
508482,300555,1010,WRITE_OFF,16.4
503855,300256,1011,CR,-30.4
507518,300489,1012,DR,51.52
516793,301094,1013,PROMO,-16.63
509986,300656,1014,CR,-73.16
527809,301816,1015,DR,14.72
519004,301239,1016,CR,-2.96
506968,300453,1017,CR,-41.81
520055,301307,1018,PROMO,-40.08
518796,301222,1019,CR,-59.82
520219,301317,1020,PROMO,-31.24
515469,301004,1021,CR,-84.65
518810,301223,1022,CR,-52.33
510407,300681,1023,DR,59.42
501315,300088,1024,DR,75.3
520978,301363,1025,DR,48.26
506919,300451,1026,CR,-40.52
512233,300798,1027,CR,-50.74
527025,301765,1028,PROMO,-66.95
522291,301450,1029,WRITE_OFF,56.97
535838,302347,1030,DR,45.96
521645,301406,1031,CR,-73.18
514342,300932,1032,DR,22.74
507028,300457,1033,PROMO,-73.33
515125,300982,1034,DR,48.47
519077,301244,1035,CR,-61.8
504105,300272,1036,PROMO,-78.74
515209,300987,1037,CR,-43.46
514271,300928,1038,PROMO,-33.25
500047,300004,1039,DR,82.76
501943,300128,1040,PROMO,-15.53
512501,300816,1041,CR,-65.56
532014,302095,1042,CR,-5.74
503587,300239,1043,DR,61.28
527262,301780,1044,DR,12.49
512503,300816,1045,CR,-63.61
509371,300612,1046,PROMO,-76.46
507949,300518,1047,WRITE_OFF,25.32
531296,302051,1048,PROMO,-66.67
533211,302179,1049,DR,77.43
517081,301113,1050,DR,3.77
526720,301743,1051,WRITE_OFF,60.71
513472,300877,1052,DR,43.82
509555,300626,1053,CR,-13.66
518845,301226,1054,PROMO,-28.52
508118,300528,1055,DR,6.8
533607,302203,1056,DR,8.89
535155,302302,1057,CR,-83.03
523847,301553,1058,PROMO,-76.6
507621,300495,1059,PROMO,-68.0
524282,301580,1060,PROMO,-22.4
528296,301851,1061,WRITE_OFF,82.9
533336,302188,1062,CR,-59.14
534550,302261,1063,DR,11.4
518805,301223,1064,DR,19.64
524169,301574,1065,CR,-34.84
517686,301149,1066,CR,-15.76
533302,302185,1067,CR,-8.86
522175,301440,1068,DR,87.96
531369,302055,1069,WRITE_OFF,45.86
526331,301718,1070,CR,-40.38
508155,300531,1071,DR,21.31
509031,300593,1072,CR,-50.57
510866,300713,1073,PROMO,-47.23
507286,300476,1074,DR,29.23
528553,301867,1075,PROMO,-30.55
519678,301280,1076,WRITE_OFF,78.87
518440,301201,1077,WRITE_OFF,49.96
502198,300144,1078,PROMO,-48.79
531034,302033,1079,DR,81.04
511461,300750,1080,CR,-57.14
524049,301565,1081,WRITE_OFF,82.52
517840,301159,1082,CR,-70.77
507251,300474,1083,CR,-50.69
536721,302405,1084,WRITE_OFF,83.68
513188,300860,1085,CR,-39.69
515318,300995,1086,DR,77.33
502249,300148,1087,WRITE_OFF,40.68
516737,301090,1088,DR,83.09
528131,301841,1089,DR,14.71
500125,300008,1090,CR,-72.5
512207,300796,1091,CR,-17.55
532636,302141,1092,DR,57.98
510543,300691,1093,CR,-7.37
505911,300387,1094,WRITE_OFF,10.95
527178,301773,1095,CR,-78.98
537833,302483,1096,PROMO,-14.25
501837,300122,1097,CR,-74.83
529986,301966,1098,DR,38.08
514315,300931,1099,PROMO,-27.06
504672,300309,1100,CR,-78.36
518682,301216,1101,CR,-24.05
504859,300321,1102,DR,21.75
526204,301709,1103,CR,-17.62
515188,300986,1104,PROMO,-35.52
534875,302283,1105,PROMO,-62.0
515624,301014,1106,PROMO,-56.4
503016,300199,1107,DR,37.91
510241,300671,1108,CR,-58.27
512000,300782,1109,DR,43.26
500458,300033,1110,PROMO,-27.08
523059,301502,1111,DR,79.91
519724,301286,1112,CR,-23.6
512616,300824,1113,WRITE_OFF,32.17
519515,301270,1114,DR,85.52
521598,301403,1115,WRITE_OFF,44.27
503233,300217,1116,CR,-36.68
529091,301904,1117,PROMO,-40.09
536436,302385,1118,CR,-60.97
530927,302026,1119,CR,-82.31
529562,301935,1120,CR,-71.98
535454,302320,1121,PROMO,-15.88
523249,301515,1122,CR,-25.06
532126,302103,1123,CR,-24.83
535080,302296,1124,PROMO,-54.15
500725,300050,1125,PROMO,-14.8
527341,301786,1126,CR,-78.86
505540,300364,1127,CR,-65.62
508393,300549,1128,DR,44.99
505543,300364,1129,CR,-25.88
508022,300523,1130,PROMO,-27.94
523076,301503,1131,CR,-69.71
521521,301397,1132,WRITE_OFF,21.11
511303,300740,1133,PROMO,-28.78
518324,301193,1134,DR,68.04
531305,302051,1135,DR,12.05
518230,301188,1136,DR,42.92
524139,301571,1137,CR,-82.25
519651,301279,1138,CR,-12.17
518604,301211,1139,PROMO,-39.87
502672,300179,1140,CR,-54.84
536142,302368,1141,PROMO,-53.2
533349,302189,1142,CR,-71.49
509496,300622,1143,DR,79.54
506132,300402,1144,PROMO,-85.72
512327,300806,1145,WRITE_OFF,74.72
512361,300808,1146,DR,33.35
520506,301335,1147,DR,14.49
531753,302079,1148,CR,-57.72
530019,301968,1149,CR,-30.26
509920,300652,1150,PROMO,-42.12
515134,300983,1151,CR,-43.55
529915,301961,1152,DR,18.22
522996,301498,1153,WRITE_OFF,56.16
500120,300008,1154,PROMO,-36.45
523904,301556,1155,PROMO,-61.11
528421,301859,1156,DR,30.86
527518,301796,1157,PROMO,-71.95
526037,301700,1158,PROMO,-10.15
513547,300883,1159,DR,18.48
523062,301503,1160,WRITE_OFF,58.19
502185,300144,1161,PROMO,-55.16
519328,301259,1162,CR,-86.44
522967,301496,1163,CR,-21.3
505196,300340,1164,CR,-55.04
501521,300100,1165,CR,-72.77
512415,300811,1166,CR,-48.33
512739,300831,1167,CR,-58.42
508894,300583,1168,DR,70.49
516749,301091,1169,CR,-49.6
524704,301606,1170,DR,77.68
507965,300519,1171,PROMO,-46.36
527427,301791,1172,DR,82.41
510013,300657,1173,WRITE_OFF,37.93
503762,300250,1174,CR,-9.04
521229,301379,1175,CR,-66.86
528098,301838,1176,CR,-63.02
526233,301710,1177,PROMO,-77.24
505507,300361,1178,PROMO,-51.76
511597,300758,1179,DR,34.91
505693,300373,1180,CR,-71.19
531597,302070,1181,DR,58.52
507580,300493,1182,PROMO,-85.06
507693,300502,1183,CR,-16.75
512456,300814,1184,CR,-15.9
535704,302337,1185,CR,-26.02
531331,302053,1186,CR,-26.2
515461,301003,1187,DR,28.65
521560,301399,1188,PROMO,-14.11
535243,302308,1189,CR,-48.38
521161,301374,1190,PROMO,-15.06
506184,300405,1191,CR,-31.95
520942,301361,1192,CR,-74.5
525872,301688,1193,DR,71.21
511527,300754,1194,CR,-7.13
534720,302272,1195,DR,2.15
526206,301709,1196,PROMO,-25.88
518148,301182,1197,PROMO,-38.31
529192,301910,1198,PROMO,-79.78
502466,300163,1199,PROMO,-8.19
504594,300304,1200,CR,-54.7
504307,300286,1201,CR,-73.51
517148,301117,1202,WRITE_OFF,70.11
529150,301907,1203,PROMO,-31.32
530351,301990,1204,CR,-60.37
513267,300864,1205,PROMO,-41.9
515076,300980,1206,PROMO,-75.46
505410,300354,1207,WRITE_OFF,21.2
515400,301000,1208,DR,87.51
503125,300208,1209,WRITE_OFF,64.1
510370,300679,1210,DR,87.62
505886,300385,1211,CR,-50.91
537275,302445,1212,PROMO,-37.79
536741,302406,1213,PROMO,-49.77
503174,300211,1214,CR,-76.94
532871,302155,1215,CR,-47.43
538204,302091,1216,PROMO,-39.85
518772,301221,1217,CR,-66.22
522792,301485,1218,PROMO,-38.11
514015,300913,1219,PROMO,-80.73
510690,300700,1220,WRITE_OFF,36.65
535487,302322,1221,CR,-26.38
514045,300914,1222,DR,12.95
507200,300471,1223,DR,55.37
508486,300555,1224,DR,27.26
503238,300217,1225,DR,57.92
529402,301925,1226,CR,-43.35
523078,301503,1227,DR,30.68
521090,301370,1228,DR,60.81
503361,300226,1229,PROMO,-67.45
535898,302350,1230,CR,-59.19
528950,301896,1231,DR,80.02
514880,300968,1232,CR,-21.03
538277,301101,1233,PROMO,-84.96
526863,301753,1234,CR,-59.78
523447,301527,1235,CR,-37.93
500547,300039,1236,DR,60.52
526158,301706,1237,CR,-88.23
522947,301495,1238,PROMO,-52.17
526721,301743,1239,CR,-55.18
513166,300859,1240,CR,-52.61
531854,302086,1241,PROMO,-45.24
537242,302443,1242,CR,-25.12
512647,300826,1243,PROMO,-58.09
525830,301685,1244,DR,73.72
537992,302494,1245,CR,-21.99
504556,300302,1246,DR,30.38
515158,300984,1247,WRITE_OFF,69.46
526625,301737,1248,DR,47.32
509612,300630,1249,DR,8.71
534525,302259,1250,DR,81.22
535186,302305,1251,WRITE_OFF,9.52
500821,300055,1252,DR,83.69
537122,302435,1253,PROMO,-76.45
511220,300735,1254,PROMO,-22.13
517559,301142,1255,CR,-35.33
518186,301184,1256,CR,-42.91
515393,300999,1257,DR,80.51
530342,301990,1258,DR,59.45
531284,302050,1259,DR,31.25
532830,302152,1260,CR,-26.14
527144,301771,1261,WRITE_OFF,27.4
506378,300418,1262,CR,-23.66
501261,300085,1263,CR,-89.29
500687,300048,1264,PROMO,-60.12
511382,300746,1265,CR,-84.93
537653,302470,1266,WRITE_OFF,9.39
501253,300082,1267,PROMO,-74.22
519437,301265,1268,PROMO,-15.5
523184,301511,1269,CR,-51.72
533587,302202,1270,DR,64.25
500763,300052,1271,DR,53.37
503323,300223,1272,DR,67.73
527946,301826,1273,WRITE_OFF,72.26
529300,301916,1274,CR,-10.96
510637,300697,1275,DR,59.27
523392,301524,1276,DR,25.45
505929,300388,1277,PROMO,-82.98
516609,301081,1278,DR,60.14
517898,301163,1279,CR,-48.54
529253,301913,1280,DR,12.68
514452,300939,1281,DR,16.22
518070,301178,1282,CR,-78.56
521378,301387,1283,CR,-49.95
517600,301144,1284,WRITE_OFF,49.19
529276,301914,1285,CR,-81.87
511928,300778,1286,DR,22.73
537160,302437,1287,CR,-16.2
531409,302057,1288,CR,-9.6
517274,301125,1289,DR,61.48
508645,300566,1290,PROMO,-82.92
528276,301850,1291,PROMO,-55.87
532174,302109,1292,PROMO,-58.72
507932,300516,1293,PROMO,-10.65
528794,301885,1294,PROMO,-55.98
518973,301237,1295,DR,71.47
518611,301211,1296,DR,81.51
532709,302145,1297,CR,-11.56
520691,301346,1298,PROMO,-17.63
520587,301341,1299,WRITE_OFF,83.98
510539,300691,1300,DR,26.62
508188,300533,1301,CR,-81.63
508904,300584,1302,CR,-50.88
504755,300314,1303,CR,-57.52
529929,301963,1304,DR,36.1
525258,301642,1305,CR,-45.97
531940,302091,1306,PROMO,-33.08
535777,302341,1307,DR,17.67
504210,300279,1308,PROMO,-54.17
511203,300734,1309,CR,-60.92
522932,301493,1310,CR,-61.97
508962,300588,1311,PROMO,-39.13
511843,300773,1312,PROMO,-75.65
524776,301611,1313,PROMO,-85.58
501463,300096,1314,DR,30.59
536218,302372,1315,PROMO,-46.02
529668,301943,1316,DR,16.23
522936,301494,1317,DR,51.65
524288,301580,1318,CR,-43.33
500766,300052,1319,DR,25.33
505623,300368,1320,PROMO,-31.31
513594,300885,1321,PROMO,-5.62
518902,301233,1322,CR,-5.54
534436,302254,1323,PROMO,-58.34
509408,300614,1324,WRITE_OFF,57.73
515855,301033,1325,WRITE_OFF,56.05
524684,301605,1326,CR,-75.04
510699,300701,1327,PROMO,-28.73
538287,302082,1328,DR,26.16
515546,301008,1329,CR,-21.26
507692,300502,1330,CR,-49.97
509957,300654,1331,PROMO,-79.62
527662,301805,1332,DR,34.75
502944,300194,1333,CR,-50.52
533611,302204,1334,CR,-30.63
530027,301968,1335,PROMO,-7.68
508328,300542,1336,PROMO,-27.54
500149,300010,1337,CR,-36.51
522796,301486,1338,WRITE_OFF,32.41
519332,301259,1339,PROMO,-17.55
501055,300069,1340,CR,-18.83
537911,302488,1341,DR,42.58
506596,300431,1342,CR,-79.91
502972,300196,1343,CR,-86.95
521608,301404,1344,PROMO,-37.8
522417,301458,1345,WRITE_OFF,57.6
535711,302338,1346,PROMO,-46.87
524706,301606,1347,CR,-75.08
524172,301574,1348,PROMO,-32.61
528083,301837,1349,DR,47.09
526796,301748,1350,CR,-64.77
508355,300544,1351,PROMO,-27.71
524391,301588,1352,CR,-16.13
536553,302391,1353,PROMO,-28.61
515991,301044,1354,CR,-42.2
510159,300666,1355,CR,-65.78
523668,301540,1356,PROMO,-8.79
512980,300846,1357,CR,-85.93
524299,301582,1358,DR,28.98
531809,302083,1359,PROMO,-86.36
511025,300722,1360,PROMO,-37.69
513077,300853,1361,DR,82.92
513839,300903,1362,DR,11.65
503055,300202,1363,CR,-19.3
531167,302041,1364,DR,52.9
508196,300533,1365,PROMO,-52.87
505504,300361,1366,DR,68.79
524653,301603,1367,WRITE_OFF,72.14
511320,300741,1368,CR,-86.11
516559,301078,1369,DR,12.69
517224,301122,1370,DR,25.31
500478,300035,1371,CR,-77.88
515617,301014,1372,CR,-86.78
521001,301365,1373,DR,43.14
536293,302376,1374,PROMO,-88.1
521990,301427,1375,CR,-17.14
506072,300398,1376,CR,-85.04
513777,300900,1377,CR,-76.99
537907,302488,1378,PROMO,-64.3
525090,301632,1379,CR,-38.03
504321,300287,1380,WRITE_OFF,9.64
536307,302377,1381,CR,-33.51
514020,300913,1382,CR,-49.5
523487,301529,1383,CR,-61.34
512304,300804,1384,CR,-37.49
510347,300678,1385,WRITE_OFF,27.27
504496,300298,1386,PROMO,-37.06
504369,300290,1387,DR,76.54
536529,302390,1388,PROMO,-45.94
522047,301431,1389,CR,-82.99
520414,301329,1390,CR,-9.62
513139,300857,1391,PROMO,-46.58
504050,300269,1392,DR,60.88
525087,301631,1393,CR,-86.84
507797,300508,1394,WRITE_OFF,22.71
514865,300966,1395,PROMO,-22.72
513154,300858,1396,CR,-50.89
512763,300832,1397,CR,-57.6
536686,302403,1398,PROMO,-76.17
527736,301810,1399,WRITE_OFF,74.91
529317,301918,1400,DR,11.0
510058,300660,1401,PROMO,-39.38
535968,302356,1402,CR,-64.71
506785,300443,1403,CR,-29.27
525185,301638,1404,WRITE_OFF,88.37
515717,301023,1405,CR,-72.78
512699,300828,1406,CR,-84.8
525442,301655,1407,DR,11.61
521446,301392,1408,CR,-74.24
520989,301364,1409,CR,-89.68
508606,300563,1410,DR,14.5
506071,300398,1411,CR,-54.94
532713,302146,1412,WRITE_OFF,44.85
516280,301062,1413,CR,-38.81
518514,301206,1414,DR,66.29
501720,300113,1415,PROMO,-40.73
536816,302411,1416,CR,-86.04
538248,301614,1417,CR,-16.83
517089,301113,1418,CR,-67.97
517115,301115,1419,CR,-80.46
537422,302454,1420,CR,-68.54
510235,300671,1421,CR,-28.38
506529,300427,1422,WRITE_OFF,84.03
538190,300244,1423,WRITE_OFF,59.49
514639,300950,1424,WRITE_OFF,59.27
505183,300339,1425,CR,-81.86
502909,300193,1426,PROMO,-79.54
506719,300439,1427,PROMO,-58.05
514468,300940,1428,DR,55.42
512324,300806,1429,PROMO,-78.97
519684,301283,1430,WRITE_OFF,8.35
535821,302345,1431,CR,-24.91
524022,301564,1432,CR,-79.09
503379,300227,1433,CR,-89.96
503515,300235,1434,DR,80.41
530176,301978,1435,DR,27.0
517493,301138,1436,CR,-88.29
501343,300089,1437,DR,38.94
506855,300447,1438,CR,-55.63
507888,300513,1439,CR,-53.57
514832,300963,1440,PROMO,-33.07
520619,301342,1441,CR,-62.61
506513,300426,1442,PROMO,-10.5
515554,301008,1443,CR,-62.51
530836,302020,1444,PROMO,-58.91
507247,300473,1445,CR,-9.33
521251,301380,1446,DR,38.19
525774,301679,1447,CR,-37.68
523770,301549,1448,CR,-26.53
534262,302244,1449,CR,-12.01
515710,301023,1450,DR,43.86
517321,301127,1451,CR,-57.99
528213,301846,1452,CR,-4.39
514178,300923,1453,DR,69.91
510249,300671,1454,PROMO,-12.32
500095,300007,1455,CR,-71.04
516628,301083,1456,CR,-8.28
527953,301827,1457,PROMO,-19.64
522139,301437,1458,CR,-75.93
518567,301209,1459,CR,-5.53
505971,300390,1460,CR,-64.77
536160,302369,1461,DR,87.09
504377,300290,1462,CR,-80.06
508913,300584,1463,PROMO,-61.74
505657,300371,1464,CR,-54.0
512341,300807,1465,CR,-20.18
505858,300384,1466,PROMO,-59.04
503185,300212,1467,CR,-81.7
510486,300686,1468,CR,-48.02
533789,302214,1469,CR,-77.28
536786,302410,1470,WRITE_OFF,29.36
503314,300222,1471,PROMO,-29.33
532123,302103,1472,DR,50.32
513799,300901,1473,DR,43.18
513695,300894,1474,CR,-24.42
530315,301988,1475,CR,-26.47
514490,300941,1476,DR,79.23
534697,302269,1477,PROMO,-55.27
514635,300950,1478,PROMO,-11.38
516660,301085,1479,PROMO,-34.65
519253,301255,1480,CR,-21.56
509564,300626,1481,DR,39.18
537235,302443,1482,PROMO,-52.05
505790,300380,1483,DR,31.77
522777,301485,1484,PROMO,-68.69
501759,300117,1485,PROMO,-6.05
526800,301748,1486,CR,-26.09
518072,301178,1487,PROMO,-39.87
507187,300470,1488,DR,82.24
523723,301546,1489,DR,38.13
509906,300651,1490,PROMO,-66.03
522948,301495,1491,PROMO,-21.8
515255,300991,1492,WRITE_OFF,43.64
527604,301802,1493,CR,-80.96
519393,301263,1494,PROMO,-40.13
529536,301934,1495,CR,-82.86
516984,301107,1496,CR,-24.11
536483,302387,1497,CR,-16.46
500078,300006,1498,WRITE_OFF,25.1
522970,301496,1499,CR,-41.79
509290,300608,1500,CR,-12.45
510761,300705,1501,PROMO,-40.24
514133,300919,1502,DR,9.57
519312,301258,1503,DR,25.07
512787,300834,1504,CR,-72.89
519011,301239,1505,CR,-33.75
504596,300304,1506,DR,26.58
531274,302050,1507,CR,-38.68
534220,302242,1508,PROMO,-77.38
528694,301877,1509,CR,-46.1
505024,300330,1510,CR,-62.18
508047,300524,1511,CR,-61.3
534201,302241,1512,WRITE_OFF,81.17
515041,300978,1513,CR,-74.77
526746,301745,1514,CR,-27.33
513263,300864,1515,PROMO,-75.15
507842,300510,1516,PROMO,-14.5
528823,301887,1517,CR,-64.08
515833,301032,1518,CR,-83.72
534816,302278,1519,PROMO,-59.13
503183,300212,1520,PROMO,-67.12
527461,301793,1521,PROMO,-59.7
511690,300763,1522,CR,-49.48
507430,300485,1523,DR,35.65
501138,300074,1524,PROMO,-30.75
516021,301047,1525,CR,-42.81
516338,301065,1526,DR,6.12
525502,301661,1527,PROMO,-74.32
522870,301490,1528,DR,42.52
502471,300163,1529,WRITE_OFF,75.4
511628,300760,1530,PROMO,-45.62
517377,301131,1531,DR,85.59
531201,302046,1532,CR,-73.54
537072,302432,1533,CR,-59.95
508807,300578,1534,PROMO,-10.24
507080,300460,1535,CR,-13.9
524675,301604,1536,DR,6.82
504412,300293,1537,CR,-46.34
533555,302200,1538,DR,76.94
508463,300552,1539,PROMO,-66.71
516083,301051,1540,WRITE_OFF,68.33
518562,301208,1541,DR,43.85
532434,302126,1542,CR,-47.33
537482,302458,1543,DR,43.62
517007,301109,1544,DR,34.37
536615,302395,1545,CR,-62.32
515159,300984,1546,CR,-87.44
527387,301789,1547,CR,-75.54
511163,300732,1548,CR,-15.95
516834,301097,1549,PROMO,-45.67
528440,301860,1550,CR,-41.83
518263,301190,1551,CR,-79.2
528159,301843,1552,PROMO,-59.45
509533,300625,1553,DR,67.63
513681,300892,1554,PROMO,-23.49
536776,302409,1555,CR,-36.58
516552,301078,1556,DR,16.15
508098,300527,1557,WRITE_OFF,6.22
507740,300504,1558,CR,-12.91
500241,300016,1559,PROMO,-39.01
531660,302074,1560,DR,85.13
522725,301482,1561,PROMO,-45.82
535528,302325,1562,DR,68.0
500697,300048,1563,CR,-12.9
528288,301851,1564,WRITE_OFF,63.93
537686,302472,1565,PROMO,-9.25
519176,301249,1566,PROMO,-49.73
511094,300727,1567,PROMO,-78.34
525213,301640,1568,PROMO,-4.86
509746,300638,1569,CR,-28.36
535281,302310,1570,PROMO,-47.18
500144,300009,1571,CR,-77.51
505180,300339,1572,PROMO,-4.55
536288,302376,1573,PROMO,-78.58
510050,300659,1574,CR,-26.69
522259,301447,1575,PROMO,-66.28
531580,302068,1576,CR,-3.98
538138,300068,1577,PROMO,-31.75
500199,300013,1578,DR,66.28
518003,301171,1579,DR,10.49
521144,301373,1580,WRITE_OFF,50.72
530795,302018,1581,CR,-6.04
502919,300193,1582,PROMO,-11.23
520015,301305,1583,DR,44.35
518452,301202,1584,DR,17.88
533772,302213,1585,DR,28.82
512759,300832,1586,CR,-9.44
500516,300037,1587,CR,-64.76
538250,300879,1588,DR,73.46
535713,302338,1589,DR,37.34
532763,302148,1590,PROMO,-67.66
516740,301091,1591,CR,-22.62
512211,300797,1592,CR,-42.82
520583,301340,1593,CR,-5.86
514638,300950,1594,DR,71.04
506525,300427,1595,PROMO,-57.68
500104,300007,1596,DR,26.51
500077,300005,1597,PROMO,-62.64
533413,302193,1598,CR,-56.22
509140,300599,1599,CR,-73.61
516260,301061,1600,CR,-38.78
537232,302442,1601,CR,-82.87
535074,302295,1602,DR,11.29
505897,300386,1603,WRITE_OFF,38.55
509350,300611,1604,CR,-59.8
505053,300332,1605,PROMO,-22.2
516345,301066,1606,CR,-66.98
510254,300672,1607,WRITE_OFF,9.37
515062,300979,1608,CR,-56.85
534460,302255,1609,PROMO,-6.39
533682,302208,1610,DR,8.12
512016,300783,1611,PROMO,-38.76
515254,300991,1612,DR,57.53
510555,300692,1613,DR,32.85
520360,301326,1614,PROMO,-52.78
506869,300448,1615,PROMO,-4.56
527170,301773,1616,CR,-43.78
503778,300251,1617,DR,54.03
527273,301780,1618,CR,-75.98
506187,300405,1619,CR,-79.27
505718,300376,1620,WRITE_OFF,86.26
516062,301050,1621,WRITE_OFF,44.01
529788,301952,1622,DR,84.27
511419,300748,1623,DR,57.38
516026,301048,1624,CR,-40.22
520138,301312,1625,DR,53.13
505144,300337,1626,CR,-23.84
508096,300527,1627,CR,-9.01
506254,300409,1628,CR,-43.66
507800,300508,1629,CR,-43.05
522877,301490,1630,DR,29.86
502113,300140,1631,WRITE_OFF,37.54
516607,301081,1632,PROMO,-26.01
505418,300355,1633,CR,-24.43
535768,302341,1634,DR,87.64
536173,302369,1635,DR,76.25
519611,301276,1636,DR,66.76
522150,301438,1637,PROMO,-6.04
514556,300946,1638,CR,-27.73
518737,301219,1639,DR,24.64
537867,302485,1640,PROMO,-75.86
537327,302449,1641,DR,43.46
531040,302034,1642,PROMO,-43.2
511508,300753,1643,WRITE_OFF,64.37
524974,301625,1644,CR,-38.3
518238,301188,1645,PROMO,-46.9
530243,301983,1646,DR,44.22
530501,302000,1647,CR,-36.93
511929,300778,1648,DR,11.83
521532,301397,1649,DR,76.58
529160,301908,1650,PROMO,-27.85
509701,300634,1651,CR,-40.69
513953,300909,1652,PROMO,-53.57
533779,302213,1653,CR,-27.68
528889,301892,1654,CR,-9.29
506763,300442,1655,DR,44.7
531673,302075,1656,PROMO,-22.65
505630,300369,1657,DR,82.36
534026,302229,1658,CR,-32.16
517610,301145,1659,CR,-32.08
524714,301607,1660,CR,-4.16
505201,300341,1661,WRITE_OFF,87.34
535544,302326,1662,PROMO,-85.49
517717,301151,1663,CR,-10.35
518959,301236,1664,PROMO,-13.79
503717,300248,1665,PROMO,-14.28
517251,301124,1666,CR,-73.02
522321,301452,1667,CR,-87.28
524177,301574,1668,DR,4.16
530393,301992,1669,PROMO,-63.23
525843,301687,1670,WRITE_OFF,84.31
509720,300637,1671,PROMO,-9.03
517505,301139,1672,DR,56.0
505052,300331,1673,PROMO,-26.02
503404,300228,1674,DR,68.54
515051,300978,1675,CR,-50.27
528738,301880,1676,CR,-36.36
538240,300196,1677,PROMO,-22.54
519735,301286,1678,PROMO,-14.32
502447,300161,1679,DR,80.54
536678,302402,1680,PROMO,-47.8
508504,300556,1681,DR,72.35
517532,301140,1682,CR,-20.68
502938,300194,1683,DR,47.49
501259,300085,1684,PROMO,-51.82
509643,300631,1685,DR,26.7
512722,300830,1686,DR,43.94
538085,302500,1687,PROMO,-20.12
520952,301362,1688,PROMO,-85.11
508629,300565,1689,CR,-11.11
515756,301026,1690,CR,-41.14
523617,301538,1691,CR,-11.89
534758,302274,1692,CR,-81.27
534141,302236,1693,PROMO,-32.52
527131,301771,1694,PROMO,-46.43
529108,301905,1695,CR,-80.47
533897,302220,1696,WRITE_OFF,58.0
510564,300692,1697,PROMO,-35.33
506665,300435,1698,WRITE_OFF,37.53
503585,300239,1699,DR,78.87
519494,301268,1700,PROMO,-35.25
532061,302098,1701,PROMO,-48.94
511700,300764,1702,CR,-39.51
516401,301069,1703,DR,73.53
521333,301385,1704,DR,3.28
514118,300919,1705,DR,51.58
503543,300236,1706,WRITE_OFF,70.86
501005,300066,1707,CR,-75.76
535138,302301,1708,PROMO,-72.94
525738,301676,1709,DR,53.29
516077,301050,1710,PROMO,-54.46
537875,302486,1711,DR,59.8
520537,301338,1712,CR,-73.77
515768,301028,1713,CR,-72.86
518855,301228,1714,PROMO,-24.57
529606,301939,1715,PROMO,-18.42
529862,301957,1716,DR,14.41
529469,301929,1717,PROMO,-61.87
510493,300686,1718,WRITE_OFF,65.34
532361,302122,1719,DR,81.13
514431,300938,1720,PROMO,-47.53
507488,300488,1721,PROMO,-67.0
527607,301802,1722,PROMO,-59.08
518806,301223,1723,DR,86.17
509416,300617,1724,WRITE_OFF,35.74
514957,300973,1725,DR,83.55
504397,300291,1726,CR,-86.46
514551,300944,1727,CR,-72.4
529120,301906,1728,WRITE_OFF,87.23
504767,300315,1729,CR,-42.77
533793,302214,1730,DR,37.59
500581,300041,1731,DR,62.83
532577,302137,1732,CR,-36.15
525766,301677,1733,CR,-38.56
521766,301414,1734,CR,-32.72
534770,302275,1735,CR,-51.69
521566,301401,1736,DR,54.99
502833,300188,1737,CR,-33.25
534090,302233,1738,PROMO,-69.63
525972,301696,1739,PROMO,-46.59
502597,300173,1740,WRITE_OFF,87.35
501792,300119,1741,DR,20.59
520963,301363,1742,DR,17.57
518875,301230,1743,WRITE_OFF,5.76
501877,300124,1744,DR,89.47
511995,300782,1745,CR,-51.71
513798,300901,1746,CR,-66.66
522353,301454,1747,PROMO,-61.95
503166,300211,1748,DR,78.14
524389,301588,1749,DR,20.44
500900,300060,1750,CR,-77.81
519085,301244,1751,PROMO,-79.07
512093,300788,1752,PROMO,-52.95
513354,300870,1753,PROMO,-46.59
505970,300390,1754,PROMO,-62.99
510670,300699,1755,CR,-35.64
503227,300216,1756,CR,-66.64
504079,300270,1757,WRITE_OFF,32.66
510724,300702,1758,PROMO,-33.84
528467,301861,1759,DR,50.33
521676,301407,1760,CR,-79.93
532478,302129,1761,CR,-32.12
526445,301727,1762,CR,-8.0
522221,301443,1763,CR,-15.21
502396,300157,1764,CR,-11.18
529848,301956,1765,CR,-7.63
536849,302415,1766,CR,-43.87
502612,300174,1767,WRITE_OFF,22.46
528655,301875,1768,CR,-39.42
506691,300437,1769,DR,7.66
507582,300493,1770,CR,-74.24
516680,301087,1771,PROMO,-41.47
518273,301190,1772,CR,-76.34
508485,300555,1773,PROMO,-16.53
510367,300679,1774,DR,41.49
500061,300005,1775,DR,4.66
514136,300920,1776,DR,27.43
517719,301151,1777,PROMO,-50.67
522579,301470,1778,CR,-38.87
528898,301893,1779,CR,-70.87
510121,300664,1780,PROMO,-18.43
501532,300100,1781,CR,-69.17
515039,300978,1782,CR,-57.55
524046,301565,1783,CR,-38.26
522546,301468,1784,PROMO,-2.96
509551,300626,1785,WRITE_OFF,30.72
524736,301609,1786,PROMO,-63.95
502724,300182,1787,WRITE_OFF,10.91
509036,300593,1788,CR,-59.61
504361,300289,1789,DR,29.47
510053,300660,1790,CR,-74.45
531559,302067,1791,CR,-10.67
508646,300566,1792,PROMO,-40.71
512671,300827,1793,WRITE_OFF,79.73
502511,300165,1794,PROMO,-66.5
520158,301313,1795,CR,-87.87
523726,301546,1796,DR,73.7
532401,302124,1797,CR,-61.79
506026,300394,1798,WRITE_OFF,71.57
534775,302275,1799,PROMO,-43.76
511433,300748,1800,PROMO,-46.56
511607,300759,1801,CR,-51.76
515607,301013,1802,CR,-20.02
500861,300057,1803,DR,81.48
500051,300004,1804,CR,-76.21
514939,300972,1805,PROMO,-76.85
511083,300726,1806,DR,5.54
524537,301597,1807,PROMO,-68.87
504593,300304,1808,CR,-32.21
521832,301417,1809,CR,-78.47
500706,300049,1810,PROMO,-13.18
515524,301007,1811,CR,-66.26
530812,302019,1812,WRITE_OFF,8.77
519352,301260,1813,PROMO,-32.05
522049,301431,1814,WRITE_OFF,22.21
510480,300685,1815,PROMO,-14.44
512033,300784,1816,CR,-4.91
501842,300122,1817,PROMO,-3.15
537926,302489,1818,DR,33.4
504958,300326,1819,WRITE_OFF,23.96
503781,300251,1820,DR,79.87
525205,301639,1821,WRITE_OFF,70.59
522867,301490,1822,DR,82.24
517588,301143,1823,CR,-79.37
535051,302294,1824,DR,7.42
511424,300748,1825,DR,63.23
515976,301042,1826,DR,36.47
529099,301904,1827,DR,2.83
526908,301755,1828,CR,-27.35
503949,300262,1829,PROMO,-5.54
501889,300125,1830,PROMO,-41.65
522426,301458,1831,CR,-14.13
534318,302247,1832,DR,60.99
522661,301477,1833,PROMO,-78.07
505280,300346,1834,CR,-4.88
527612,301802,1835,DR,74.86
514662,300952,1836,WRITE_OFF,56.47
500473,300034,1837,PROMO,-43.62
501297,300087,1838,CR,-23.23
514123,300919,1839,WRITE_OFF,59.67
537401,302453,1840,WRITE_OFF,79.02
513232,300862,1841,PROMO,-61.34
505198,300340,1842,CR,-38.06
531052,302034,1843,CR,-61.96
513863,300904,1844,CR,-47.73
511547,300755,1845,DR,33.69
522072,301433,1846,WRITE_OFF,87.58
521815,301416,1847,DR,53.42
504280,300284,1848,PROMO,-27.51
529161,301908,1849,CR,-52.68
520315,301323,1850,CR,-63.09
514423,300937,1851,DR,43.59
521629,301405,1852,CR,-63.57
500784,300053,1853,PROMO,-48.08
526528,301731,1854,CR,-47.76
504260,300283,1855,WRITE_OFF,47.48
517935,301165,1856,CR,-82.38
532921,302158,1857,CR,-68.25
523899,301556,1858,CR,-52.83
537786,302479,1859,PROMO,-20.35
529277,301914,1860,CR,-80.31
504936,300325,1861,CR,-5.89
523385,301523,1862,PROMO,-77.32
530320,301988,1863,DR,3.5
529020,301899,1864,DR,13.17
520956,301362,1865,CR,-86.14
513459,300877,1866,DR,21.16
501500,300098,1867,CR,-87.8
514547,300944,1868,PROMO,-77.76
516467,301072,1869,CR,-27.47
512541,300820,1870,CR,-69.03
500893,300060,1871,CR,-20.91
505849,300383,1872,DR,88.49
502718,300181,1873,WRITE_OFF,85.19
500898,300060,1874,DR,9.95
513099,300854,1875,PROMO,-33.94
508724,300572,1876,WRITE_OFF,43.56
511787,300770,1877,CR,-11.87
504607,300305,1878,CR,-51.81
501643,300109,1879,WRITE_OFF,65.44
506353,300416,1880,CR,-38.52
529624,301940,1881,CR,-58.63
501569,300102,1882,CR,-63.3
513818,300902,1883,CR,-87.64
521524,301397,1884,CR,-71.26
515891,301035,1885,WRITE_OFF,19.77
527322,301784,1886,CR,-63.45
531253,302049,1887,PROMO,-43.49
510598,300694,1888,CR,-42.93
520135,301312,1889,CR,-76.59
500150,300010,1890,DR,80.97
521734,301411,1891,CR,-85.81
513734,300897,1892,PROMO,-4.26
529256,301913,1893,CR,-15.3
504456,300296,1894,PROMO,-57.84
523794,301550,1895,CR,-47.58
507391,300482,1896,DR,64.67
532412,302125,1897,DR,59.93
513545,300882,1898,PROMO,-31.96
505893,300386,1899,CR,-32.98
510132,300665,1900,DR,24.68
522893,301491,1901,WRITE_OFF,45.02
514362,300933,1902,PROMO,-72.22
510967,300719,1903,CR,-39.43
518967,301236,1904,CR,-23.04
523132,301508,1905,CR,-38.35
520482,301334,1906,PROMO,-83.2
503733,300249,1907,DR,85.74
528810,301886,1908,WRITE_OFF,85.64
534878,302283,1909,CR,-2.54
518221,301187,1910,DR,73.23
525877,301689,1911,CR,-74.48
520441,301331,1912,WRITE_OFF,48.76
531058,302035,1913,CR,-42.39
504806,300317,1914,DR,27.31
528862,301890,1915,CR,-83.18
509935,300653,1916,CR,-34.35
520159,301313,1917,DR,34.27
507492,300488,1918,PROMO,-44.4
535561,302327,1919,WRITE_OFF,61.32
515363,300998,1920,CR,-51.91
505873,300385,1921,PROMO,-64.31
515112,300982,1922,DR,28.73
531100,302037,1923,DR,60.82
518851,301226,1924,WRITE_OFF,70.06
536715,302404,1925,CR,-50.89
521581,301402,1926,DR,78.28
506720,300439,1927,WRITE_OFF,51.19
538053,302499,1928,PROMO,-30.82
507744,300505,1929,DR,3.02
504410,300293,1930,WRITE_OFF,56.88
537550,302463,1931,CR,-72.78
506076,300398,1932,CR,-82.13
514822,300962,1933,WRITE_OFF,78.65
524906,301621,1934,CR,-12.67
523120,301507,1935,CR,-25.66
530569,302004,1936,PROMO,-75.8
504432,300294,1937,CR,-33.14
520406,301329,1938,WRITE_OFF,79.01
516881,301099,1939,PROMO,-83.17
534259,302244,1940,CR,-37.7
509547,300625,1941,CR,-16.47
524863,301617,1942,WRITE_OFF,33.4
512488,300816,1943,CR,-39.66
510243,300671,1944,CR,-23.38
517331,301128,1945,DR,47.26
515256,300991,1946,DR,63.94
511672,300762,1947,PROMO,-34.69
506262,300409,1948,CR,-28.85
506157,300403,1949,CR,-43.57
502981,300197,1950,CR,-30.93
534617,302265,1951,WRITE_OFF,47.16
532688,302144,1952,DR,87.39
505370,300352,1953,CR,-82.54
503407,300228,1954,CR,-33.8
516610,301081,1955,WRITE_OFF,70.96
506453,300423,1956,PROMO,-85.9
528113,301840,1957,CR,-18.54
508494,300556,1958,DR,28.75
508822,300579,1959,CR,-74.12
518064,301177,1960,DR,63.4
532882,302156,1961,DR,48.39
524150,301573,1962,CR,-58.66
520805,301354,1963,DR,27.25
525617,301669,1964,PROMO,-59.69
517555,301141,1965,DR,12.29
530947,302027,1966,CR,-51.77
501690,300111,1967,CR,-51.73
504444,300295,1968,CR,-82.63
527578,301799,1969,PROMO,-45.96
514725,300955,1970,DR,16.58
511024,300722,1971,PROMO,-21.41
532242,302114,1972,CR,-76.94
502929,300194,1973,CR,-39.64
513228,300862,1974,CR,-66.59
508819,300579,1975,WRITE_OFF,4.6
538015,302496,1976,DR,3.47
515440,301002,1977,PROMO,-23.54
533778,302213,1978,CR,-75.15
511765,300769,1979,CR,-7.45
511823,300772,1980,CR,-57.01
523649,301539,1981,CR,-77.2
524567,301598,1982,PROMO,-18.03
503799,300253,1983,CR,-63.11
531821,302084,1984,CR,-79.26
510085,300661,1985,DR,18.95
503793,300252,1986,CR,-24.68
510890,300715,1987,CR,-38.94
517127,301115,1988,DR,29.65
527307,301782,1989,PROMO,-2.66
530827,302019,1990,CR,-61.65
524686,301605,1991,PROMO,-60.97
512563,300821,1992,CR,-32.94
521165,301374,1993,PROMO,-64.98
519514,301269,1994,PROMO,-55.36
524915,301621,1995,DR,61.28
524211,301576,1996,DR,59.96
525441,301655,1997,CR,-79.06
529251,301913,1998,CR,-52.32
507335,300479,1999,DR,82.68
500630,300043,2000,WRITE_OFF,28.5
536659,302399,2001,PROMO,-25.06
503495,300234,2002,WRITE_OFF,30.5
504061,300269,2003,PROMO,-55.49
503445,300230,2004,WRITE_OFF,21.56
503571,300238,2005,CR,-86.0
517061,301112,2006,CR,-29.66
524414,301590,2007,PROMO,-72.78
504320,300287,2008,DR,50.5
536727,302405,2009,WRITE_OFF,71.3
516097,301052,2010,CR,-10.66
527380,301788,2011,WRITE_OFF,75.17
530028,301968,2012,CR,-47.64
518082,301178,2013,CR,-68.47
523760,301548,2014,DR,81.78
511075,300726,2015,PROMO,-31.76
502034,300134,2016,CR,-66.29
511294,300740,2017,CR,-5.62
518602,301210,2018,CR,-5.41
520579,301340,2019,PROMO,-32.8
520462,301333,2020,DR,76.41
516291,301063,2021,PROMO,-8.5
516945,301104,2022,CR,-67.54
533154,302176,2023,DR,87.02
525903,301690,2024,CR,-12.86
508800,300578,2025,DR,47.79
508483,300555,2026,CR,-53.09
517286,301126,2027,PROMO,-83.78
535701,302337,2028,DR,63.91
527453,301792,2029,DR,67.22
510324,300677,2030,CR,-49.9
523290,301518,2031,CR,-41.44
531270,302050,2032,CR,-49.43
533152,302176,2033,PROMO,-70.45
521787,301415,2034,CR,-56.08
530642,302009,2035,WRITE_OFF,77.02
528363,301855,2036,CR,-8.25
513474,300877,2037,PROMO,-44.98
533385,302191,2038,PROMO,-36.17
534971,302288,2039,CR,-9.05
511414,300747,2040,DR,71.99
503925,300261,2041,PROMO,-3.89
521590,301403,2042,PROMO,-45.08
521546,301398,2043,DR,31.39
521501,301396,2044,PROMO,-21.33
528858,301889,2045,WRITE_OFF,24.38
503780,300251,2046,PROMO,-6.63
518058,301177,2047,PROMO,-12.54
523335,301520,2048,DR,2.56
528834,301888,2049,PROMO,-13.96
529427,301926,2050,PROMO,-47.42
532042,302097,2051,CR,-15.64
524089,301567,2052,WRITE_OFF,7.5
515945,301041,2053,PROMO,-75.76
507211,300471,2054,CR,-5.5
534788,302277,2055,PROMO,-81.72
532131,302103,2056,PROMO,-76.48
527445,301792,2057,WRITE_OFF,63.02
531135,302039,2058,CR,-65.13
503433,300230,2059,WRITE_OFF,49.61
535809,302344,2060,CR,-11.26
518815,301223,2061,WRITE_OFF,41.96
523796,301550,2062,CR,-16.97
515235,300989,2063,CR,-73.41
527542,301797,2064,DR,85.66
514567,300946,2065,PROMO,-70.78
516717,301089,2066,CR,-66.57
511172,300733,2067,CR,-19.14
529739,301950,2068,DR,31.99
519865,301296,2069,PROMO,-88.52
504600,300304,2070,DR,77.83
526642,301738,2071,PROMO,-54.97
509342,300610,2072,CR,-10.19
521413,301390,2073,CR,-5.63
518013,301174,2074,WRITE_OFF,40.99
507697,300502,2075,DR,5.61
532196,302110,2076,DR,39.77
502564,300169,2077,CR,-6.26
517862,301160,2078,CR,-3.95
504920,300324,2079,CR,-19.29
520428,301331,2080,WRITE_OFF,33.84
501079,300070,2081,CR,-56.85
502566,300169,2082,CR,-55.6
532322,302120,2083,CR,-3.99
528563,301869,2084,WRITE_OFF,22.33
516385,301068,2085,PROMO,-63.09
528093,301838,2086,CR,-45.01
507241,300473,2087,DR,87.84
533685,302208,2088,CR,-32.16
523270,301517,2089,CR,-87.33
523071,301503,2090,PROMO,-10.15
534984,302289,2091,CR,-40.87
511200,300734,2092,CR,-48.66
510358,300678,2093,PROMO,-72.74
518731,301219,2094,CR,-44.1
511646,300761,2095,DR,78.57
520780,301352,2096,DR,73.85
504799,300317,2097,DR,61.26
517937,301166,2098,CR,-54.05
511209,300735,2099,DR,10.77
501382,300091,2100,PROMO,-75.84
500326,300024,2101,CR,-50.37
532727,302146,2102,CR,-15.7
523521,301531,2103,CR,-51.83
517407,301132,2104,CR,-46.14
531316,302052,2105,DR,32.03
522400,301456,2106,CR,-81.68
532905,302157,2107,DR,8.75
535259,302309,2108,DR,81.21
538275,302261,2109,DR,61.36
537699,302473,2110,CR,-2.67
513106,300854,2111,WRITE_OFF,38.28
533666,302207,2112,DR,80.98
531319,302052,2113,CR,-77.91
535534,302325,2114,PROMO,-87.14
515950,301041,2115,CR,-48.86
520779,301352,2116,CR,-74.52
520416,301329,2117,DR,83.52
501171,300077,2118,PROMO,-16.71
536942,302422,2119,WRITE_OFF,28.56
509598,300628,2120,DR,57.07
533228,302180,2121,WRITE_OFF,71.76
527400,301789,2122,PROMO,-36.87
522339,301453,2123,CR,-36.1
527317,301784,2124,CR,-30.17
519590,301274,2125,DR,25.25
523395,301524,2126,CR,-83.18
537507,302461,2127,CR,-55.5
513432,300874,2128,WRITE_OFF,33.69
526052,301700,2129,CR,-48.41
512640,300825,2130,DR,66.64
526886,301754,2131,CR,-27.52
505221,300342,2132,CR,-68.97
537097,302434,2133,DR,78.6
536936,302422,2134,CR,-29.24
506364,300417,2135,PROMO,-60.77
504929,300325,2136,PROMO,-16.89
523175,301510,2137,CR,-59.79
536369,302381,2138,CR,-68.04
528572,301869,2139,CR,-43.21
513871,300905,2140,CR,-80.32
512869,300840,2141,PROMO,-63.12
530603,302007,2142,CR,-20.42
500933,300062,2143,CR,-44.75
521569,301401,2144,DR,56.17
530185,301978,2145,WRITE_OFF,58.08
533461,302195,2146,CR,-3.41
511034,300723,2147,DR,75.63
516695,301088,2148,PROMO,-39.87
513925,300908,2149,CR,-5.9
509724,300637,2150,CR,-34.66
536963,302424,2151,CR,-58.55
510976,300719,2152,CR,-11.57
530283,301986,2153,CR,-84.34
508742,300573,2154,DR,84.4
507864,300512,2155,CR,-26.77
502033,300134,2156,DR,16.23
531383,302056,2157,PROMO,-28.56
520109,301310,2158,CR,-84.33
518841,301226,2159,CR,-31.61
521063,301368,2160,CR,-78.34
503092,300206,2161,CR,-72.24
508666,300567,2162,CR,-87.04
536491,302388,2163,PROMO,-14.31
510438,300683,2164,PROMO,-52.24
507907,300514,2165,PROMO,-21.63
528962,301896,2166,WRITE_OFF,58.18
507394,300483,2167,WRITE_OFF,76.58
507229,300472,2168,DR,47.32
517325,301128,2169,DR,60.33
535926,302353,2170,PROMO,-84.26
517968,301168,2171,PROMO,-6.03
514501,300941,2172,CR,-6.15
537839,302483,2173,DR,56.93
532230,302112,2174,PROMO,-74.84
507418,300484,2175,CR,-25.19
520497,301335,2176,PROMO,-12.19
519276,301256,2177,PROMO,-39.11
525148,301635,2178,CR,-83.72
505654,300371,2179,PROMO,-85.43
523683,301541,2180,PROMO,-65.27
527093,301768,2181,CR,-27.25
528003,301831,2182,PROMO,-22.25
536731,302405,2183,PROMO,-5.61
525269,301643,2184,WRITE_OFF,7.82
528740,301880,2185,CR,-88.67
522606,301472,2186,DR,35.79
503044,300202,2187,PROMO,-10.4
513943,300909,2188,PROMO,-69.94
506456,300423,2189,PROMO,-8.82
502635,300175,2190,PROMO,-48.13
523896,301556,2191,PROMO,-12.28
503578,300238,2192,WRITE_OFF,15.59
514885,300968,2193,CR,-18.04
500193,300013,2194,PROMO,-89.34
526225,301710,2195,CR,-71.42
510880,300714,2196,WRITE_OFF,35.93
529017,301899,2197,DR,6.88
503750,300250,2198,CR,-63.23
510073,300661,2199,DR,35.88
502538,300167,2200,DR,71.49
505317,300348,2201,CR,-18.7
519060,301243,2202,PROMO,-34.47
517497,301138,2203,CR,-85.96
510404,300681,2204,PROMO,-79.62
517048,301111,2205,CR,-34.89
521351,301386,2206,WRITE_OFF,77.76
501801,300120,2207,PROMO,-67.0
509937,300653,2208,CR,-39.7
514086,300917,2209,DR,57.87
502798,300186,2210,DR,8.26
522775,301484,2211,DR,5.52
537455,302456,2212,CR,-82.42
524485,301594,2213,WRITE_OFF,57.53
532547,302135,2214,CR,-86.55
518192,301185,2215,CR,-59.06
511558,300755,2216,CR,-3.69
501326,300088,2217,DR,68.63
500202,300014,2218,CR,-20.82
512475,300815,2219,PROMO,-4.1
536162,302369,2220,PROMO,-9.53
537779,302479,2221,PROMO,-54.41
521320,301384,2222,PROMO,-23.19
512549,300820,2223,CR,-76.53
535476,302321,2224,WRITE_OFF,4.99
515647,301016,2225,CR,-73.79
523767,301548,2226,DR,68.01
512706,300829,2227,CR,-35.82
536866,302416,2228,DR,9.14
502477,300163,2229,CR,-46.67
515594,301012,2230,PROMO,-79.52
520820,301355,2231,CR,-25.73
520788,301353,2232,CR,-55.06
506359,300416,2233,PROMO,-61.13
500460,300033,2234,CR,-21.43
506917,300450,2235,CR,-79.35
531658,302074,2236,CR,-51.93
508210,300534,2237,WRITE_OFF,68.62
535219,302307,2238,CR,-8.61
502330,300152,2239,CR,-29.03
525986,301697,2240,PROMO,-80.5
510432,300683,2241,CR,-75.2
506183,300405,2242,CR,-40.95
524378,301588,2243,CR,-85.03
529149,301907,2244,CR,-83.59
510833,300709,2245,CR,-29.72
532908,302157,2246,DR,4.27
537098,302434,2247,PROMO,-82.61
508751,300573,2248,CR,-22.45
533590,302202,2249,CR,-50.61
524933,301622,2250,CR,-3.61
527968,301828,2251,CR,-50.33
532758,302148,2252,CR,-66.21
507946,300518,2253,CR,-3.96
500875,300059,2254,CR,-62.9
517494,301138,2255,PROMO,-86.09
523065,301503,2256,PROMO,-51.43
507732,300504,2257,WRITE_OFF,81.57
503960,300263,2258,CR,-78.04
510926,300717,2259,CR,-62.59
503406,300228,2260,DR,66.12
504253,300283,2261,PROMO,-82.87
529588,301936,2262,DR,7.28
533577,302202,2263,CR,-77.04
528207,301846,2264,CR,-79.64
507076,300459,2265,CR,-87.07
509003,300591,2266,CR,-60.77
537064,302431,2267,PROMO,-75.05
533899,302221,2268,PROMO,-9.54
505675,300372,2269,WRITE_OFF,67.12
503535,300236,2270,CR,-46.58
528462,301861,2271,DR,82.64
537956,302492,2272,DR,84.73
519672,301280,2273,PROMO,-12.0
528183,301844,2274,DR,6.14
512070,300786,2275,WRITE_OFF,69.22
505134,300336,2276,DR,15.87
517094,301114,2277,PROMO,-20.23
519677,301280,2278,CR,-43.53
515719,301023,2279,PROMO,-51.75
500067,300005,2280,CR,-7.52
530872,302022,2281,CR,-8.13
523761,301548,2282,PROMO,-52.28
537901,302488,2283,CR,-19.11
502109,300139,2284,PROMO,-87.57
509172,300601,2285,WRITE_OFF,7.74
504131,300274,2286,CR,-46.53
507569,300492,2287,PROMO,-35.19
521941,301423,2288,PROMO,-16.15
534573,302262,2289,DR,75.41
532574,302137,2290,CR,-38.88
537476,302458,2291,CR,-47.89
515967,301042,2292,DR,25.64
514463,300939,2293,DR,21.3
512087,300787,2294,WRITE_OFF,50.85
527944,301826,2295,DR,71.72
517649,301147,2296,CR,-69.0
537957,302492,2297,CR,-42.55
519667,301280,2298,DR,60.39
533735,302211,2299,CR,-26.54
517699,301150,2300,DR,22.22
526561,301733,2301,PROMO,-43.67
500321,300023,2302,PROMO,-27.91
516951,301105,2303,WRITE_OFF,39.99
503423,300229,2304,CR,-86.13
514715,300955,2305,PROMO,-42.72
533394,302192,2306,CR,-60.41
500528,300038,2307,PROMO,-27.47
520967,301363,2308,WRITE_OFF,61.93
522647,301476,2309,CR,-79.36
524741,301609,2310,PROMO,-40.84
525045,301629,2311,CR,-82.9
531215,302046,2312,PROMO,-83.61
504198,300279,2313,DR,27.62
521190,301376,2314,DR,27.55
510185,300668,2315,DR,79.02
515749,301026,2316,WRITE_OFF,20.95
537777,302477,2317,DR,73.35
514502,300942,2318,CR,-38.8
511186,300734,2319,CR,-80.31
505761,300378,2320,DR,29.99
501283,300086,2321,DR,55.63
513110,300854,2322,CR,-88.22
511778,300769,2323,CR,-45.47
518276,301190,2324,CR,-38.67
507112,300461,2325,WRITE_OFF,31.71
513959,300910,2326,PROMO,-71.96
528691,301877,2327,CR,-51.07
522918,301493,2328,CR,-73.02
509919,300652,2329,PROMO,-85.74
516292,301063,2330,CR,-71.62
520176,301314,2331,CR,-86.96
511062,300725,2332,PROMO,-36.19
532748,302147,2333,WRITE_OFF,64.46
517124,301115,2334,WRITE_OFF,76.31
518439,301201,2335,PROMO,-57.05
508550,300559,2336,CR,-69.63
523624,301538,2337,DR,60.17
530800,302018,2338,DR,25.01
522331,301453,2339,DR,45.86
519361,301261,2340,PROMO,-26.65
504636,300306,2341,DR,42.74
528963,301896,2342,DR,12.42
526579,301734,2343,CR,-7.72
530515,302001,2344,PROMO,-30.41
510425,300682,2345,WRITE_OFF,55.88
516658,301085,2346,DR,34.3
519624,301276,2347,WRITE_OFF,67.58
522268,301447,2348,WRITE_OFF,87.62
520709,301348,2349,WRITE_OFF,17.71
532294,302118,2350,PROMO,-54.96
502674,300179,2351,CR,-58.77
526272,301713,2352,CR,-61.27
512496,300816,2353,CR,-8.01
521361,301386,2354,PROMO,-41.4
536402,302382,2355,CR,-54.25
535876,302349,2356,CR,-61.79
502296,300150,2357,WRITE_OFF,6.99
521861,301419,2358,CR,-10.67
521348,301386,2359,PROMO,-43.48
512975,300846,2360,DR,75.56
533568,302201,2361,PROMO,-12.33
531437,302059,2362,PROMO,-59.19
528064,301836,2363,CR,-69.47
533108,302173,2364,DR,65.47
500181,300012,2365,PROMO,-7.99
511393,300746,2366,PROMO,-64.55
506588,300431,2367,DR,79.62
505037,300331,2368,CR,-74.87
500753,300051,2369,CR,-75.97
511456,300750,2370,DR,75.43
508555,300560,2371,DR,6.35
515010,300976,2372,PROMO,-19.97
529611,301940,2373,DR,38.68
530102,301974,2374,CR,-61.63
529465,301929,2375,DR,4.74
500924,300061,2376,DR,58.75
509721,300637,2377,PROMO,-89.14
505430,300357,2378,WRITE_OFF,50.35
527335,301786,2379,WRITE_OFF,60.92
519084,301244,2380,WRITE_OFF,73.14
503189,300212,2381,PROMO,-86.99
525795,301683,2382,PROMO,-81.68
534272,302244,2383,WRITE_OFF,17.23
537471,302458,2384,PROMO,-39.01
506036,300394,2385,WRITE_OFF,33.35
519027,301241,2386,CR,-52.54
532390,302124,2387,CR,-16.54
535497,302323,2388,PROMO,-37.18
513944,300909,2389,PROMO,-24.31
500903,300060,2390,CR,-69.97
524523,301596,2391,DR,77.73
528308,301852,2392,WRITE_OFF,41.84
537251,302443,2393,DR,11.14
535383,302316,2394,DR,77.8
534771,302275,2395,DR,48.04
509819,300645,2396,CR,-20.21
510217,300670,2397,PROMO,-68.65
513632,300889,2398,CR,-88.22
521800,301416,2399,PROMO,-59.45
525637,301670,2400,PROMO,-64.71
533648,302206,2401,DR,26.21
522412,301458,2402,DR,41.49
528781,301885,2403,PROMO,-7.79
520255,301319,2404,DR,73.19
535237,302308,2405,CR,-10.04
533535,302199,2406,PROMO,-9.39
517963,301168,2407,PROMO,-89.21
523968,301560,2408,CR,-47.25
506776,300442,2409,CR,-24.03
530395,301993,2410,DR,33.95
534258,302244,2411,PROMO,-19.26
508523,300557,2412,CR,-81.11
508556,300560,2413,CR,-59.1
515177,300985,2414,CR,-69.89
504959,300326,2415,PROMO,-50.23
519975,301302,2416,CR,-73.06
537697,302473,2417,PROMO,-82.21
530057,301970,2418,CR,-84.62
533307,302186,2419,WRITE_OFF,41.62
527775,301814,2420,DR,18.58
536122,302366,2421,WRITE_OFF,65.78
520748,301351,2422,DR,3.0
508910,300584,2423,CR,-2.07
533197,302179,2424,CR,-40.75
532669,302143,2425,DR,36.18
502035,300134,2426,CR,-66.03
530585,302005,2427,CR,-62.74
524920,301622,2428,CR,-71.36
522808,301486,2429,DR,49.46
529019,301899,2430,CR,-24.75
516553,301078,2431,DR,20.46
504904,300323,2432,PROMO,-32.92
517803,301157,2433,CR,-61.5
533708,302210,2434,DR,23.16
506217,300407,2435,CR,-21.4
504826,300319,2436,CR,-3.99
535039,302292,2437,DR,17.14
538229,301063,2438,CR,-58.44
520969,301363,2439,DR,78.88
513781,300900,2440,CR,-72.6
520653,301344,2441,CR,-75.51
518665,301215,2442,PROMO,-37.58
511128,300729,2443,PROMO,-13.25
531134,302039,2444,DR,51.84
502465,300163,2445,WRITE_OFF,80.02
530013,301967,2446,DR,80.99
506969,300453,2447,WRITE_OFF,8.65
507373,300481,2448,CR,-20.72
521476,301393,2449,DR,78.23
532512,302133,2450,CR,-67.61
531332,302053,2451,DR,67.32
509387,300613,2452,WRITE_OFF,15.92
510213,300669,2453,DR,37.42
535253,302309,2454,PROMO,-59.07
531490,302063,2455,DR,14.52
534305,302246,2456,DR,13.6
523361,301522,2457,PROMO,-59.33
500999,300066,2458,PROMO,-36.32
534230,302242,2459,CR,-77.62
504486,300298,2460,CR,-86.01
504843,300320,2461,PROMO,-37.44
518659,301215,2462,CR,-9.17
506622,300433,2463,CR,-73.7
511726,300767,2464,DR,57.82
538050,302498,2465,CR,-29.34
531124,302038,2466,CR,-43.14
518679,301216,2467,PROMO,-38.88
506379,300418,2468,DR,44.77
523241,301514,2469,CR,-21.81
504558,300302,2470,WRITE_OFF,81.83
538079,302500,2471,WRITE_OFF,2.53
525655,301671,2472,DR,59.69
500215,300014,2473,PROMO,-38.3
511225,300736,2474,PROMO,-82.4
529236,301912,2475,CR,-72.42
510530,300690,2476,WRITE_OFF,89.38
511431,300748,2477,CR,-45.54
514458,300939,2478,PROMO,-64.25
518062,301177,2479,WRITE_OFF,85.96
528395,301857,2480,CR,-56.0
535228,302307,2481,CR,-73.84
530276,301984,2482,WRITE_OFF,73.77
525358,301648,2483,PROMO,-50.4
531614,302071,2484,CR,-48.6
527895,301822,2485,WRITE_OFF,86.57
501651,300109,2486,WRITE_OFF,18.36
531645,302073,2487,CR,-32.41
504211,300279,2488,DR,68.83
515605,301013,2489,DR,4.89
526715,301742,2490,CR,-82.42
515059,300979,2491,CR,-11.95
535793,302343,2492,PROMO,-6.88
533391,302191,2493,DR,38.7
534956,302287,2494,CR,-4.04
508702,300569,2495,DR,31.53
528747,301882,2496,PROMO,-48.83
532482,302129,2497,CR,-59.57
512715,300830,2498,WRITE_OFF,83.58
529514,301932,2499,PROMO,-84.16
508354,300544,2500,CR,-84.38
520713,301349,2501,CR,-50.8
503123,300208,2502,WRITE_OFF,40.95
508635,300565,2503,DR,33.84
532229,302112,2504,WRITE_OFF,69.76
505332,300349,2505,PROMO,-16.84
533427,302193,2506,CR,-62.03
508136,300530,2507,DR,8.45
516784,301094,2508,DR,19.72
515909,301038,2509,CR,-23.57
524093,301568,2510,PROMO,-53.35
518520,301206,2511,PROMO,-88.61
512374,300809,2512,CR,-74.98
535603,302331,2513,CR,-84.32
526674,301739,2514,WRITE_OFF,40.48
523556,301534,2515,CR,-58.29
506944,300452,2516,CR,-57.09
513511,300881,2517,DR,21.19
516329,301065,2518,DR,31.39
504855,300321,2519,CR,-74.22
523638,301539,2520,PROMO,-61.0
534297,302246,2521,PROMO,-43.49
536379,302381,2522,DR,41.6
520665,301345,2523,CR,-27.92
535098,302298,2524,WRITE_OFF,20.41
523739,301547,2525,WRITE_OFF,2.95
501723,300113,2526,CR,-25.75
532998,302164,2527,PROMO,-88.34
515839,301032,2528,PROMO,-66.89
509215,300603,2529,DR,29.11
526219,301710,2530,DR,53.46
517075,301113,2531,CR,-40.86
528827,301887,2532,DR,74.1
506515,300426,2533,DR,89.57
535130,302301,2534,PROMO,-22.3
506172,300404,2535,PROMO,-52.69
500055,300004,2536,CR,-28.88
533809,302216,2537,PROMO,-62.66
504520,300300,2538,PROMO,-51.46
502849,300189,2539,CR,-29.77
528546,301867,2540,DR,27.18
513815,300902,2541,CR,-12.51
516705,301089,2542,CR,-17.38
512725,300830,2543,PROMO,-32.02
536321,302378,2544,PROMO,-6.17
517981,301169,2545,CR,-42.76
529583,301936,2546,DR,68.67
524100,301568,2547,PROMO,-54.44
502822,300188,2548,DR,13.27
518626,301212,2549,CR,-57.72
506088,300399,2550,PROMO,-59.49
524098,301568,2551,PROMO,-89.21
504925,300324,2552,PROMO,-37.49
530480,301998,2553,CR,-4.98
508813,300579,2554,CR,-78.17
515399,301000,2555,CR,-75.36
526695,301740,2556,CR,-28.26
532429,302126,2557,PROMO,-30.03
509107,300597,2558,CR,-46.09
506651,300435,2559,CR,-2.09
512287,300803,2560,CR,-77.98
514540,300944,2561,PROMO,-55.79
505166,300338,2562,DR,47.09
533658,302207,2563,WRITE_OFF,84.11
504324,300287,2564,CR,-82.2
502665,300178,2565,CR,-51.65
517575,301143,2566,CR,-42.64
524237,301577,2567,PROMO,-78.69
524662,301604,2568,CR,-50.95
516122,301053,2569,CR,-76.47
501403,300093,2570,PROMO,-60.83
512781,300834,2571,CR,-8.41
529162,301908,2572,CR,-2.14
516855,301098,2573,CR,-37.78
514204,300924,2574,DR,74.01
501489,300097,2575,WRITE_OFF,34.42
530079,301972,2576,CR,-33.33
501910,300126,2577,CR,-28.77
510557,300692,2578,DR,19.8
527143,301771,2579,WRITE_OFF,41.65
501397,300092,2580,PROMO,-13.84
531716,302077,2581,DR,65.25
514968,300974,2582,CR,-17.73
520543,301338,2583,PROMO,-2.03
525343,301648,2584,WRITE_OFF,72.16
530357,301990,2585,CR,-62.81
505491,300360,2586,CR,-85.91
518911,301233,2587,DR,3.75
524357,301587,2588,CR,-46.28
504869,300321,2589,PROMO,-36.78
503988,300265,2590,CR,-15.59
521769,301414,2591,PROMO,-33.05
522910,301492,2592,PROMO,-48.31
516893,301100,2593,PROMO,-33.25
502264,300148,2594,CR,-74.54
511653,300761,2595,DR,31.05
512548,300820,2596,PROMO,-19.93
536985,302427,2597,DR,11.05
521385,301388,2598,DR,44.29
535328,302313,2599,CR,-46.24
532291,302118,2600,CR,-88.31
529068,301903,2601,CR,-28.91
524351,301586,2602,CR,-40.29
531754,302079,2603,CR,-38.69
502771,300185,2604,PROMO,-84.07
532148,302107,2605,CR,-41.82
512155,300793,2606,DR,40.46
525853,301687,2607,CR,-4.89
502818,300187,2608,CR,-23.86
503420,300229,2609,CR,-36.29
527331,301786,2610,CR,-42.18
502240,300147,2611,CR,-66.99
509723,300637,2612,CR,-75.43
514129,300919,2613,CR,-83.5
519199,301251,2614,WRITE_OFF,69.22
527990,301829,2615,DR,86.48
510807,300708,2616,DR,20.04
531596,302070,2617,CR,-49.65
527948,301826,2618,DR,38.77
518190,301185,2619,WRITE_OFF,20.54
503159,300210,2620,CR,-52.09
500123,300008,2621,PROMO,-65.67
533929,302222,2622,PROMO,-65.73
505802,300381,2623,DR,60.51
537432,302455,2624,CR,-34.46
529629,301941,2625,DR,68.14
518610,301211,2626,PROMO,-35.55
504262,300283,2627,DR,36.19
502480,300163,2628,WRITE_OFF,40.04
505276,300346,2629,DR,35.27
514081,300916,2630,DR,4.26
503316,300222,2631,DR,58.02
529204,301910,2632,DR,45.19
500757,300051,2633,PROMO,-69.59
535909,302352,2634,CR,-14.58
518301,301192,2635,PROMO,-7.5
513862,300904,2636,DR,34.48
519797,301291,2637,CR,-84.47
508208,300534,2638,DR,45.12
521675,301407,2639,CR,-14.66
504984,300328,2640,WRITE_OFF,68.05
523150,301509,2641,CR,-67.84
536213,302372,2642,DR,48.5
508620,300564,2643,PROMO,-69.89
502390,300157,2644,WRITE_OFF,32.62
537671,302471,2645,CR,-4.86
529252,301913,2646,PROMO,-76.89
520198,301316,2647,CR,-82.14
509778,300642,2648,PROMO,-57.13
533862,302219,2649,CR,-14.45
518040,301176,2650,PROMO,-45.87
509850,300647,2651,DR,8.96
525840,301687,2652,CR,-89.04
537612,302468,2653,PROMO,-34.48
521004,301365,2654,DR,82.37
526664,301739,2655,WRITE_OFF,72.63
534510,302258,2656,PROMO,-10.4
534526,302259,2657,CR,-50.38
529549,301934,2658,CR,-44.67
528822,301887,2659,CR,-64.93
528533,301865,2660,CR,-26.71
505867,300384,2661,CR,-15.99
530222,301981,2662,CR,-84.59
529375,301922,2663,CR,-22.8
508809,300578,2664,CR,-70.65
535840,302347,2665,DR,76.58
509922,300652,2666,DR,47.48
521715,301410,2667,CR,-87.72
530444,301996,2668,PROMO,-39.65
512214,300797,2669,PROMO,-51.03
502315,300151,2670,PROMO,-78.46
520294,301322,2671,CR,-24.6
517785,301156,2672,DR,53.73
517696,301150,2673,CR,-58.58
517848,301160,2674,PROMO,-53.57
531078,302036,2675,WRITE_OFF,48.56
523408,301524,2676,CR,-67.3
530774,302016,2677,CR,-77.83
535278,302310,2678,PROMO,-62.21
531652,302073,2679,CR,-3.48
518598,301210,2680,PROMO,-86.23
526398,301724,2681,CR,-4.13
502766,300185,2682,DR,46.28
506912,300450,2683,CR,-89.69
526296,301716,2684,CR,-84.4
528502,301863,2685,WRITE_OFF,32.98
509831,300646,2686,PROMO,-20.66
537438,302455,2687,CR,-13.04
511185,300733,2688,PROMO,-14.74
506710,300439,2689,PROMO,-25.39
503264,300219,2690,PROMO,-47.35
522420,301458,2691,PROMO,-36.21
512069,300786,2692,DR,70.55
504711,300312,2693,CR,-87.67
527116,301770,2694,DR,21.24
514514,300942,2695,DR,45.11
529305,301916,2696,PROMO,-54.53
504108,300272,2697,PROMO,-31.02
519644,301278,2698,DR,73.94
512597,300823,2699,PROMO,-68.27
509816,300645,2700,PROMO,-66.36
519202,301251,2701,CR,-62.0
526554,301733,2702,CR,-58.62
533170,302177,2703,CR,-55.51
538071,302500,2704,DR,15.37
519789,301290,2705,CR,-86.71
517573,301142,2706,PROMO,-24.7
522069,301433,2707,CR,-69.59
524814,301613,2708,CR,-47.47
525647,301671,2709,DR,23.06
529601,301939,2710,PROMO,-39.44
524929,301622,2711,PROMO,-57.51
505875,300385,2712,CR,-8.19
519233,301254,2713,CR,-53.92
513578,300884,2714,CR,-10.88
533890,302220,2715,DR,81.38
522477,301461,2716,CR,-65.44
502954,300195,2717,CR,-33.46
523749,301547,2718,CR,-17.56
502726,300182,2719,DR,78.55
512901,300841,2720,PROMO,-41.49
533252,302182,2721,DR,62.78
512969,300846,2722,CR,-54.87
511886,300776,2723,CR,-37.68
538096,302436,2724,WRITE_OFF,33.01
528177,301844,2725,CR,-52.27
517217,301120,2726,PROMO,-84.06
532971,302161,2727,PROMO,-56.22
527718,301809,2728,DR,65.34
511656,300761,2729,PROMO,-26.7
524784,301612,2730,WRITE_OFF,47.01
513682,300892,2731,PROMO,-23.05
518394,301198,2732,PROMO,-9.58
515823,301031,2733,CR,-71.84
509928,300653,2734,CR,-10.85
517745,301153,2735,PROMO,-67.64
521723,301410,2736,DR,10.46
530914,302025,2737,CR,-21.44
514920,300971,2738,PROMO,-45.8
518670,301215,2739,CR,-79.97
532629,302141,2740,DR,9.48
522472,301461,2741,PROMO,-60.8
531837,302085,2742,CR,-15.62
502270,300149,2743,DR,55.23
530344,301990,2744,PROMO,-2.8
515930,301040,2745,DR,28.25
537483,302458,2746,DR,50.28
523577,301535,2747,DR,82.56
517424,301133,2748,WRITE_OFF,32.27
507728,300504,2749,DR,77.11
503943,300262,2750,PROMO,-56.77
527603,301802,2751,CR,-58.04
536323,302378,2752,CR,-50.24
500467,300034,2753,PROMO,-14.14
520573,301340,2754,WRITE_OFF,57.84
517227,301122,2755,DR,26.12
521367,301387,2756,DR,61.69
533066,302169,2757,DR,76.72
505356,300350,2758,PROMO,-39.5
535721,302338,2759,DR,52.65
515560,301009,2760,CR,-7.35
509458,300620,2761,WRITE_OFF,74.24
511088,300727,2762,DR,15.3
534586,302263,2763,WRITE_OFF,19.9
526085,301702,2764,DR,24.13
525056,301630,2765,PROMO,-63.83
535417,302318,2766,CR,-69.24
527034,301765,2767,DR,50.64
502125,300140,2768,CR,-25.51
508335,300542,2769,CR,-41.25
530726,302014,2770,CR,-74.12
531523,302065,2771,PROMO,-74.8
537179,302438,2772,PROMO,-52.39
518915,301233,2773,WRITE_OFF,80.86
506243,300408,2774,DR,34.25
509210,300603,2775,PROMO,-42.07
538231,300734,2776,PROMO,-86.79
507261,300474,2777,DR,77.93
521686,301408,2778,DR,8.9
523328,301520,2779,PROMO,-11.98
533812,302216,2780,PROMO,-49.26
525797,301684,2781,DR,69.07
502590,300172,2782,WRITE_OFF,14.16
502982,300197,2783,CR,-65.31
509661,300632,2784,WRITE_OFF,69.83
501785,300119,2785,CR,-52.99
522001,301427,2786,WRITE_OFF,22.08
513651,300890,2787,PROMO,-11.76
512958,300845,2788,PROMO,-12.33
508887,300583,2789,PROMO,-13.62
524627,301602,2790,CR,-25.5
531061,302035,2791,DR,77.74
511330,300742,2792,DR,40.86
528629,301872,2793,CR,-67.5
506336,300413,2794,DR,82.64
512029,300784,2795,CR,-58.37
521310,301384,2796,PROMO,-6.44
500913,300061,2797,WRITE_OFF,76.74
537984,302494,2798,CR,-53.72
531675,302075,2799,CR,-53.15
522844,301488,2800,CR,-65.31
532102,302102,2801,WRITE_OFF,15.91
516756,301091,2802,DR,34.69
500337,300024,2803,PROMO,-51.36
506181,300405,2804,CR,-64.05
536995,302427,2805,DR,89.7
500963,300064,2806,DR,87.85
501622,300106,2807,WRITE_OFF,12.11
504762,300315,2808,PROMO,-77.23
532332,302120,2809,PROMO,-9.39
508785,300575,2810,PROMO,-50.71
516584,301080,2811,PROMO,-51.96
524666,301604,2812,CR,-25.66
502239,300147,2813,CR,-19.71
501689,300111,2814,CR,-74.36
513505,300880,2815,DR,40.98
502894,300192,2816,CR,-41.72
524424,301590,2817,PROMO,-41.31
527646,301804,2818,WRITE_OFF,40.4
533831,302217,2819,PROMO,-61.7
522023,301429,2820,PROMO,-29.59
516014,301047,2821,CR,-16.81
524869,301617,2822,CR,-26.42
538219,300496,2823,CR,-42.31
507510,300489,2824,PROMO,-38.98
503029,300201,2825,PROMO,-33.25
526937,301757,2826,DR,7.58
526273,301713,2827,PROMO,-28.97
514278,300929,2828,CR,-85.37
524106,301568,2829,CR,-35.24
537933,302489,2830,PROMO,-29.05
500185,300013,2831,WRITE_OFF,7.62
512350,300807,2832,CR,-41.45
521575,301401,2833,CR,-74.42
516529,301077,2834,DR,4.0
533483,302196,2835,CR,-64.86
536185,302370,2836,DR,67.39
521937,301423,2837,DR,63.08
509900,300650,2838,DR,34.25
523965,301560,2839,PROMO,-87.0
518790,301222,2840,CR,-49.62
516544,301078,2841,DR,53.95
512468,300814,2842,DR,81.48
504350,300289,2843,PROMO,-19.4
505145,300337,2844,CR,-4.16
538137,302078,2845,PROMO,-48.23
501804,300120,2846,DR,50.05
529490,301931,2847,CR,-78.33
526968,301760,2848,WRITE_OFF,70.08
530461,301997,2849,DR,23.4
525841,301687,2850,DR,75.8
508917,300584,2851,DR,47.88
527228,301778,2852,CR,-36.6
514340,300932,2853,DR,44.11
526841,301752,2854,DR,20.59
519812,301292,2855,CR,-16.41
516404,301069,2856,CR,-54.52
521681,301408,2857,DR,61.25
516032,301048,2858,CR,-29.7
536636,302397,2859,CR,-78.96
519139,301247,2860,PROMO,-13.87
528338,301854,2861,CR,-32.9
501923,300126,2862,CR,-86.23
532756,302148,2863,WRITE_OFF,37.55
520421,301330,2864,CR,-47.17
528759,301883,2865,CR,-14.09
516427,301070,2866,WRITE_OFF,44.44
512885,300840,2867,DR,84.09
532234,302114,2868,DR,77.85
504737,300313,2869,WRITE_OFF,32.99
505122,300336,2870,PROMO,-64.92
510278,300673,2871,CR,-28.48
529787,301952,2872,PROMO,-31.12
520598,301341,2873,CR,-10.34
530570,302004,2874,CR,-70.7
503017,300199,2875,DR,28.26
508230,300535,2876,PROMO,-20.31
516733,301090,2877,DR,61.54
525302,301644,2878,CR,-12.16
510742,300704,2879,DR,71.29
502253,300148,2880,WRITE_OFF,18.73
521192,301377,2881,PROMO,-27.08
501045,300068,2882,CR,-23.05
525259,301642,2883,PROMO,-46.26
518511,301205,2884,WRITE_OFF,8.87
531125,302038,2885,WRITE_OFF,50.69
506235,300408,2886,PROMO,-43.94
517414,301133,2887,PROMO,-58.74
508801,300578,2888,WRITE_OFF,53.04
536472,302387,2889,PROMO,-12.3
528850,301889,2890,CR,-25.49
520838,301356,2891,CR,-12.59
530760,302016,2892,PROMO,-40.49
510449,300684,2893,PROMO,-78.81
501029,300067,2894,CR,-32.72
531151,302040,2895,DR,89.49
523107,301507,2896,CR,-38.93
518544,301207,2897,DR,19.45
511080,300726,2898,CR,-8.3
530799,302018,2899,WRITE_OFF,19.66
517378,301131,2900,CR,-86.41
537633,302469,2901,CR,-31.01
522727,301482,2902,CR,-60.86
501131,300074,2903,CR,-27.5
506953,300453,2904,DR,77.66
505454,300358,2905,PROMO,-44.19
521442,301391,2906,CR,-82.64
514975,300974,2907,CR,-22.03
529812,301954,2908,DR,41.93
507775,300507,2909,CR,-2.52
505847,300383,2910,CR,-55.05
502005,300131,2911,DR,53.7
501361,300090,2912,DR,9.16
518990,301238,2913,PROMO,-46.85
512711,300830,2914,DR,12.94
536990,302427,2915,DR,55.85
518213,301187,2916,DR,83.71
525471,301658,2917,CR,-85.03
513352,300870,2918,CR,-46.23
525556,301664,2919,CR,-83.22
536951,302422,2920,DR,54.39
532542,302135,2921,DR,48.19
534244,302243,2922,CR,-69.0
512943,300844,2923,DR,33.78
507511,300489,2924,WRITE_OFF,2.32
500309,300023,2925,CR,-63.43
507361,300481,2926,DR,36.36
513325,300867,2927,DR,22.36
538230,302385,2928,PROMO,-61.09
523329,301520,2929,CR,-59.79
510518,300688,2930,CR,-16.14
534098,302234,2931,DR,72.28
508650,300566,2932,PROMO,-35.55
509436,300619,2933,WRITE_OFF,52.02
507843,300510,2934,DR,48.51
516526,301077,2935,PROMO,-77.64
512979,300846,2936,PROMO,-17.77
500554,300039,2937,CR,-40.8
502424,300159,2938,CR,-87.59
523064,301503,2939,PROMO,-11.76
515589,301012,2940,WRITE_OFF,59.97
504169,300277,2941,CR,-67.67
514219,300925,2942,PROMO,-35.33
522733,301482,2943,CR,-4.89
531625,302072,2944,CR,-20.17
526411,301725,2945,CR,-75.68
501165,300076,2946,PROMO,-22.53
514056,300915,2947,PROMO,-2.78
515016,300976,2948,DR,31.93
511452,300749,2949,CR,-50.56
516913,301101,2950,WRITE_OFF,20.13
537480,302458,2951,DR,31.02
527179,301773,2952,CR,-82.09
507783,300507,2953,CR,-39.88
530503,302000,2954,DR,3.94
532793,302150,2955,CR,-45.26
503149,300210,2956,WRITE_OFF,48.61
516655,301085,2957,PROMO,-9.22
515434,301002,2958,DR,55.58
508688,300569,2959,CR,-54.92
510179,300668,2960,WRITE_OFF,79.96
535912,302352,2961,CR,-61.88
533988,302226,2962,CR,-44.63
508090,300527,2963,CR,-42.12
521533,301397,2964,DR,83.75
501576,300103,2965,CR,-48.85
506620,300432,2966,CR,-21.69
521078,301369,2967,WRITE_OFF,82.7
521308,301383,2968,CR,-36.49
503429,300229,2969,PROMO,-41.84
522527,301466,2970,CR,-11.84
527619,301803,2971,DR,73.89
526291,301714,2972,CR,-49.9
530380,301992,2973,DR,25.18
536966,302424,2974,CR,-44.54
523831,301552,2975,CR,-22.36
527115,301770,2976,DR,8.04
514636,300950,2977,DR,69.18
534935,302286,2978,CR,-39.74
500319,300023,2979,DR,45.5
515841,301032,2980,WRITE_OFF,24.86
532050,302097,2981,DR,19.44
524319,301584,2982,PROMO,-75.18
531606,302071,2983,CR,-43.38
505751,300378,2984,DR,64.76
500475,300034,2985,DR,51.95
519238,301254,2986,CR,-37.35
526373,301721,2987,CR,-57.16
505194,300340,2988,PROMO,-5.87
532983,302163,2989,PROMO,-34.36
523168,301510,2990,CR,-46.22
529810,301954,2991,PROMO,-71.26
520257,301320,2992,CR,-12.5
519100,301245,2993,DR,84.16
500295,300020,2994,CR,-48.1
501905,300125,2995,CR,-56.82
526549,301732,2996,PROMO,-34.68
512591,300822,2997,DR,33.27
529024,301900,2998,DR,22.61
522233,301444,2999,CR,-57.37
521500,301396,3000,CR,-81.49
520099,301310,3001,PROMO,-59.91
537669,302471,3002,DR,18.2
528567,301869,3003,CR,-23.4
531262,302049,3004,CR,-61.87
511663,300762,3005,DR,33.46
527084,301768,3006,DR,14.81
532175,302109,3007,DR,40.5
516394,301068,3008,CR,-16.0
507498,300488,3009,CR,-38.16
519916,301299,3010,CR,-73.03
503456,300231,3011,PROMO,-61.45
537868,302485,3012,CR,-40.83
512730,300831,3013,WRITE_OFF,30.84
522898,301491,3014,CR,-87.81
503954,300262,3015,PROMO,-55.09
520808,301354,3016,PROMO,-60.67
510607,300694,3017,DR,45.2
526563,301733,3018,CR,-10.56
511764,300769,3019,PROMO,-40.5
533035,302167,3020,CR,-17.62
521502,301396,3021,DR,74.21
510895,300715,3022,PROMO,-79.11
531582,302070,3023,PROMO,-62.73
524327,301585,3024,DR,41.63
503851,300256,3025,DR,43.13
537402,302453,3026,CR,-38.33
514095,300917,3027,WRITE_OFF,57.35
506789,300443,3028,CR,-64.93
515398,301000,3029,CR,-63.29
531906,302089,3030,DR,47.8
516197,301057,3031,CR,-87.71
523889,301555,3032,PROMO,-79.14
505153,300337,3033,PROMO,-12.2
526710,301742,3034,CR,-71.4
513630,300889,3035,CR,-62.25
509121,300598,3036,WRITE_OFF,3.84
516781,301094,3037,DR,24.15
524027,301564,3038,PROMO,-85.41
509908,300651,3039,PROMO,-5.9
510162,300667,3040,DR,67.26
509293,300608,3041,CR,-63.01
520002,301303,3042,DR,45.12
503236,300217,3043,DR,14.57
510802,300707,3044,CR,-53.03
510415,300682,3045,CR,-41.62
504358,300289,3046,CR,-38.56
525428,301654,3047,PROMO,-73.07
532544,302135,3048,CR,-48.03
501227,300081,3049,CR,-36.03
530450,301997,3050,DR,14.42
525639,301670,3051,PROMO,-67.49
524500,301595,3052,CR,-60.03
507264,300474,3053,DR,81.9
536094,302365,3054,DR,54.65
506284,300411,3055,CR,-6.83
507198,300471,3056,DR,6.61
501172,300077,3057,CR,-64.63
505421,300355,3058,PROMO,-83.58
513852,300904,3059,WRITE_OFF,33.23
513129,300857,3060,WRITE_OFF,69.54
507399,300483,3061,DR,82.56
501226,300081,3062,CR,-52.15
519687,301283,3063,DR,40.09
518700,301217,3064,DR,26.55
520465,301333,3065,WRITE_OFF,40.37
