device_id,account_id,device_type_cd,install_date
1100001,301339,RTR,2019-02-12
1100002,300655,RTR,2018-07-08
1100003,300735,SW,2020-12-08
1100004,301629,AP,2026-01-27
1100005,302485,ONT,2021-10-24
1100006,300298,ONT,2020-04-22
1100007,302309,AP,2022-06-12
1100008,301774,SW,2023-02-10
1100009,300110,RTR,2019-12-12
1100010,301229,SW,2019-08-24
1100011,302061,ONT,2025-06-05
1100012,300872,ONT,2022-11-20
1100013,300087,ONT,2023-03-07
1100014,301700,RTR,2024-02-29
1100015,300360,ONT,2025-05-10
1100016,300944,SW,2019-03-26
1100017,302039,ONT,2022-01-27
1100018,302451,ONT,2019-07-07
1100019,300715,ONT,2021-06-23
1100020,300928,AP,2021-11-08
1100021,300269,RTR,2023-06-01
1100022,300183,ONT,2023-04-09
1100023,300497,RTR,2022-11-12
1100024,300746,ONT,2024-06-30
1100025,300542,ONT,2019-09-05
1100026,301677,ONT,2021-02-14
1100027,300523,RTR,2021-02-08
1100028,302427,RTR,2018-10-14
1100029,300284,ONT,2022-01-01
1100030,300235,ONT,2022-01-05
1100031,300614,RTR,2019-10-12
1100032,301296,ONT,2022-06-29
1100033,302050,SW,2022-01-26
1100034,302290,ONT,2020-06-18
1100035,301262,SW,2018-06-23
1100036,302202,RTR,2021-07-09
1100037,301030,RTR,2026-04-20
1100038,300282,SW,2018-09-25
1100039,300745,ONT,2020-08-10
1100040,301820,RTR,2026-02-03
1100041,301888,SW,2020-07-10
1100042,301867,RTR,2021-02-25
1100043,302268,ONT,2023-07-07
1100044,301466,ONT,2025-07-08
1100045,300683,ONT,2020-12-26
1100046,300580,ONT,2023-01-11
1100047,301964,RTR,2025-11-22
1100048,301571,SW,2021-02-01
1100049,302443,ONT,2025-10-31
1100050,301577,ONT,2019-01-31
1100051,301556,ONT,2020-07-19
1100052,300804,RTR,2024-03-14
1100053,300364,RTR,2022-06-20
1100054,301080,RTR,2026-01-06
1100055,300739,ONT,2018-07-19
1100056,301118,SW,2025-03-03
1100057,300331,SW,2025-02-12
1100058,301581,RTR,2018-08-05
1100059,300195,RTR,2022-07-30
1100060,301902,RTR,2022-10-02
1100061,301975,RTR,2020-04-26
1100062,302013,ONT,2022-06-06
1100063,302455,RTR,2025-03-04
1100064,302394,SW,2024-03-08
1100065,302387,ONT,2025-03-21
1100066,302153,RTR,2020-07-11
1100067,302035,ONT,2021-03-04
1100068,301738,ONT,2024-05-24
1100069,301213,ONT,2023-08-10
1100070,302134,RTR,2025-12-22
1100071,300187,ONT,2023-08-14
1100072,302087,AP,2022-05-07
1100073,301076,RTR,2021-09-08
1100074,301122,ONT,2024-12-25
1100075,300550,RTR,2024-06-12
1100076,301946,RTR,2023-02-04
1100077,300238,RTR,2023-12-04
1100078,300301,ONT,2021-04-09
1100079,301250,RTR,2025-05-03
1100080,302046,RTR,2025-06-29
1100081,301485,ONT,2024-04-15
1100082,300136,RTR,2025-08-19
1100083,301142,ONT,2021-09-27
1100084,302000,ONT,2018-02-08
1100085,301829,ONT,2018-05-28
1100086,301665,SW,2025-03-03
1100087,300848,RTR,2026-04-04
1100088,300328,ONT,2022-04-08
1100089,300335,ONT,2019-07-12
1100090,301655,AP,2019-05-07
1100091,301782,SW,2021-05-26
1100092,300085,RTR,2022-10-09
1100093,301884,AP,2024-01-10
1100094,301404,AP,2022-11-13
1100095,300015,RTR,2025-03-27
1100096,301227,ONT,2019-03-16
1100097,300867,RTR,2019-10-31
1100098,301308,ONT,2022-08-03
1100099,301420,ONT,2023-10-19
1100100,300889,RTR,2021-10-03
1100101,302474,RTR,2021-11-04
1100102,300695,ONT,2025-02-24
1100103,300159,ONT,2020-06-04
1100104,300702,ONT,2024-03-01
1100105,300705,ONT,2022-03-20
1100106,300198,RTR,2019-10-11
1100107,300277,RTR,2019-10-30
1100108,300451,ONT,2020-08-21
1100109,301596,RTR,2021-08-12
1100110,301063,ONT,2025-12-29
1100111,301582,RTR,2020-12-10
1100112,302341,RTR,2020-04-15
1100113,300361,ONT,2018-09-07
1100114,300558,ONT,2022-08-23
1100115,300536,ONT,2024-07-06
1100116,301464,RTR,2023-06-10
1100117,301841,ONT,2026-04-30
1100118,300329,ONT,2020-03-04
1100119,301765,ONT,2023-02-27
1100120,302143,ONT,2018-10-15
1100121,300725,ONT,2026-02-16
1100122,300402,ONT,2023-10-08
1100123,301975,RTR,2025-03-10
1100124,300302,ONT,2021-07-09
1100125,301470,RTR,2022-08-12
1100126,301668,RTR,2019-06-04
1100127,301822,RTR,2024-05-27
1100128,301299,ONT,2020-05-24
1100129,300722,SW,2018-10-08
1100130,301690,AP,2023-04-10
1100131,301691,RTR,2023-08-08
1100132,301840,RTR,2021-03-18
1100133,301221,ONT,2024-09-08
1100134,300454,ONT,2022-05-19
1100135,301186,RTR,2020-04-30
1100136,302125,ONT,2025-05-24
1100137,301453,RTR,2021-04-28
1100138,302344,ONT,2019-04-12
1100139,300640,ONT,2020-06-19
1100140,301927,RTR,2023-02-02
1100141,300078,ONT,2024-10-20
1100142,301619,ONT,2021-12-23
1100143,301526,RTR,2021-09-29
1100144,300594,SW,2024-07-25
1100145,300365,SW,2025-11-03
1100146,300154,RTR,2019-02-04
1100147,301646,RTR,2023-08-19
1100148,300543,ONT,2023-03-14
1100149,301346,RTR,2019-07-24
1100150,300710,RTR,2022-12-28
1100151,302477,ONT,2019-11-01
1100152,300534,RTR,2022-09-11
1100153,302488,RTR,2019-11-22
1100154,300254,RTR,2022-12-16
1100155,300384,RTR,2019-05-09
1100156,301866,RTR,2020-05-31
1100157,300770,AP,2022-07-16
1100158,301587,RTR,2019-06-09
1100159,302465,AP,2021-02-05
1100160,302215,RTR,2019-09-27
1100161,300613,RTR,2021-01-22
1100162,300452,RTR,2026-04-06
1100163,301010,RTR,2023-08-01
1100164,301462,RTR,2019-05-23
1100165,300492,RTR,2020-08-12
1100166,301677,ONT,2026-04-10
1100167,300825,RTR,2020-12-26
1100168,300159,SW,2020-01-20
1100169,302322,RTR,2019-11-23
1100170,300887,ONT,2024-05-08
1100171,301540,RTR,2025-07-01
1100172,301578,RTR,2019-05-04
1100173,301388,RTR,2018-08-10
1100174,300921,ONT,2018-12-04
1100175,302488,RTR,2021-11-30
1100176,301281,RTR,2024-09-12
1100177,301214,ONT,2024-07-13
1100178,300928,SW,2023-06-04
1100179,302199,RTR,2025-02-14
1100180,300207,ONT,2023-02-25
1100181,300127,RTR,2021-05-16
1100182,302399,ONT,2020-10-06
1100183,301696,ONT,2019-02-22
1100184,302097,ONT,2019-06-11
1100185,301851,RTR,2020-09-27
1100186,301602,RTR,2024-11-29
1100187,300652,ONT,2023-04-10
1100188,300762,RTR,2018-07-01
1100189,302337,RTR,2021-05-12
1100190,300347,RTR,2022-06-21
1100191,300982,RTR,2019-11-08
1100192,300570,ONT,2019-01-07
1100193,301086,RTR,2026-05-20
1100194,301788,AP,2025-08-23
1100195,300587,RTR,2023-06-08
1100196,302294,ONT,2026-05-23
1100197,301900,ONT,2019-05-31
1100198,300972,RTR,2018-06-15
1100199,300324,RTR,2022-05-21
1100200,300392,ONT,2023-01-15
1100201,301310,ONT,2021-02-07
1100202,301658,ONT,2019-11-11
1100203,301778,ONT,2022-10-24
1100204,300531,ONT,2020-07-13
1100205,300875,RTR,2024-09-15
1100206,301212,ONT,2020-03-05
1100207,302387,ONT,2018-01-23
1100208,302082,ONT,2025-12-18
1100209,301028,ONT,2021-05-24
1100210,302093,ONT,2021-09-19
1100211,301076,ONT,2022-02-15
1100212,300989,RTR,2019-05-10
1100213,301218,ONT,2024-07-06
1100214,300918,AP,2024-10-12
1100215,301655,RTR,2018-09-29
1100216,301046,ONT,2022-10-23
1100217,300599,ONT,2025-01-30
1100218,302067,ONT,2020-12-02
1100219,301778,ONT,2018-04-30
1100220,302003,ONT,2024-12-10
1100221,301039,RTR,2018-04-13
1100222,301269,ONT,2023-08-04
1100223,301006,ONT,2026-03-26
1100224,301044,RTR,2025-11-04
1100225,302240,ONT,2023-06-16
1100226,302304,ONT,2025-02-07
1100227,302293,ONT,2023-04-28
1100228,301898,RTR,2018-07-30
1100229,301064,ONT,2018-04-27
1100230,300552,ONT,2022-02-05
1100231,300893,ONT,2023-10-27
1100232,301669,RTR,2021-07-16
1100233,301128,ONT,2018-07-01
1100234,301842,RTR,2019-03-29
1100235,301768,RTR,2024-02-14
1100236,300950,ONT,2021-09-25
1100237,300813,RTR,2023-04-01
1100238,300809,RTR,2019-08-26
1100239,301409,SW,2019-05-26
1100240,300391,RTR,2018-07-16
1100241,302117,SW,2024-07-12
1100242,300702,ONT,2024-05-23
1100243,300571,RTR,2018-07-05
1100244,302327,RTR,2019-04-12
1100245,301446,SW,2019-02-26
1100246,302476,ONT,2021-06-14
1100247,301475,RTR,2023-08-11
1100248,300124,ONT,2020-07-10
1100249,300703,RTR,2021-03-01
1100250,300537,ONT,2018-08-11
1100251,301341,RTR,2025-12-16
1100252,302206,SW,2024-07-20
1100253,300363,AP,2026-05-22
1100254,300657,ONT,2018-12-01
1100255,300726,ONT,2018-02-05
1100256,300658,RTR,2025-03-08
1100257,301925,ONT,2024-12-20
1100258,300465,RTR,2020-06-11
1100259,300257,RTR,2024-09-06
1100260,300037,ONT,2018-02-02
1100261,301530,ONT,2026-04-13
1100262,301893,ONT,2024-05-23
1100263,302095,SW,2025-09-24
1100264,302407,RTR,2026-05-07
1100265,300295,SW,2019-04-17
1100266,301735,RTR,2025-06-20
1100267,301181,ONT,2021-07-29
1100268,302296,ONT,2026-02-09
1100269,300745,RTR,2022-05-29
1100270,300451,SW,2025-08-25
1100271,300075,ONT,2018-07-20
1100272,302038,SW,2021-09-15
1100273,300512,RTR,2018-04-20
1100274,302455,RTR,2023-11-25
1100275,300093,ONT,2025-04-12
1100276,302214,ONT,2025-09-16
1100277,301300,ONT,2021-03-19
1100278,300332,RTR,2019-07-22
1100279,301515,ONT,2018-04-13
1100280,302258,RTR,2019-02-16
1100281,302021,ONT,2022-03-16
1100282,301456,ONT,2024-01-21
1100283,301406,ONT,2023-07-30
1100284,301851,RTR,2024-11-02
1100285,300616,ONT,2020-06-22
1100286,300537,SW,2023-04-04
1100287,300451,ONT,2025-10-24
1100288,302074,ONT,2024-02-15
1100289,301819,ONT,2021-02-22
1100290,300073,ONT,2018-04-18
1100291,300702,RTR,2020-01-03
1100292,301156,SW,2026-04-21
1100293,301488,ONT,2021-06-04
1100294,301279,RTR,2018-05-01
1100295,301368,ONT,2019-10-29
1100296,301760,SW,2023-12-26
1100297,302189,ONT,2021-06-06
1100298,301435,ONT,2018-11-21
1100299,301253,ONT,2023-09-14
1100300,300583,ONT,2026-01-09
1100301,301597,SW,2018-09-05
1100302,300560,RTR,2026-03-02
1100303,302388,RTR,2020-01-18
1100304,301951,ONT,2019-07-21
1100305,301783,RTR,2021-09-15
1100306,301315,ONT,2020-06-04
1100307,301881,RTR,2018-09-21
1100308,301444,RTR,2018-05-23
1100309,300272,RTR,2025-02-07
1100310,300088,ONT,2024-08-24
1100311,302052,RTR,2019-01-14
1100312,301013,RTR,2025-02-24
1100313,300466,ONT,2024-02-21
1100314,300141,RTR,2025-02-24
1100315,300856,ONT,2019-12-06
1100316,300830,RTR,2022-01-02
1100317,302091,ONT,2019-09-13
1100318,300979,ONT,2020-12-07
1100319,300653,ONT,2020-06-09
1100320,301417,RTR,2020-05-21
1100321,301946,AP,2020-08-15
1100322,302039,RTR,2018-10-29
1100323,300629,SW,2020-11-02
1100324,300936,ONT,2019-10-30
1100325,301419,ONT,2021-10-19
1100326,301732,ONT,2018-11-01
1100327,300432,ONT,2022-08-16
1100328,301254,ONT,2022-07-13
1100329,300251,RTR,2021-10-09
1100330,300612,SW,2022-09-24
1100331,301540,AP,2023-03-09
1100332,302116,ONT,2024-07-31
1100333,301509,ONT,2019-11-10
1100334,302214,ONT,2026-05-13
1100335,300996,RTR,2023-05-15
1100336,302331,RTR,2024-03-09
1100337,301570,ONT,2025-01-15
1100338,300797,RTR,2025-09-29
1100339,300206,ONT,2024-10-15
1100340,300477,ONT,2018-08-09
1100341,302149,ONT,2020-07-28
1100342,300740,RTR,2021-11-29
1100343,300197,AP,2024-06-03
1100344,300796,RTR,2022-07-13
1100345,300084,ONT,2018-03-27
1100346,301109,ONT,2022-11-01
1100347,302011,ONT,2024-06-28
1100348,301841,ONT,2018-07-04
1100349,302349,ONT,2018-04-10
1100350,300680,RTR,2024-05-05
1100351,300410,ONT,2022-02-22
1100352,302147,SW,2022-08-10
1100353,301713,RTR,2022-08-12
1100354,302020,ONT,2022-04-10
1100355,300054,RTR,2023-12-13
1100356,302059,ONT,2019-06-12
1100357,300827,RTR,2023-06-26
1100358,300785,RTR,2020-06-22
1100359,300159,SW,2025-03-31
1100360,300892,AP,2021-05-12
1100361,300411,RTR,2021-02-24
1100362,302389,ONT,2021-09-18
1100363,301857,ONT,2018-07-21
1100364,300048,RTR,2019-07-18
1100365,302438,RTR,2018-05-01
1100366,301007,RTR,2023-12-22
1100367,301089,RTR,2021-03-02
1100368,301052,AP,2019-01-12
1100369,301987,ONT,2025-10-06
1100370,301316,ONT,2018-09-20
1100371,300694,SW,2018-10-16
1100372,300342,ONT,2020-08-16
1100373,300842,ONT,2019-02-07
1100374,301854,ONT,2024-09-14
1100375,300368,RTR,2021-07-19
1100376,301236,ONT,2020-12-01
1100377,300493,ONT,2023-10-30
1100378,301110,RTR,2021-02-02
1100379,302021,ONT,2018-12-05
1100380,301657,RTR,2018-12-25
1100381,301051,ONT,2020-03-25
1100382,300070,SW,2022-02-25
1100383,300187,ONT,2020-06-06
1100384,302258,ONT,2025-05-03
1100385,301355,RTR,2025-03-03
1100386,301611,ONT,2023-02-28
1100387,300879,ONT,2021-10-30
1100388,302144,AP,2021-07-01
1100389,300139,ONT,2022-10-23
1100390,301791,RTR,2018-11-09
1100391,301476,RTR,2020-05-29
1100392,301187,RTR,2020-06-30
1100393,301876,ONT,2020-03-31
1100394,301205,RTR,2024-03-06
1100395,301413,ONT,2023-03-04
1100396,301773,RTR,2023-05-11
1100397,302152,AP,2022-04-25
1100398,300492,RTR,2021-09-27
1100399,302173,RTR,2020-01-17
1100400,302116,ONT,2023-03-28
1100401,301973,RTR,2018-06-26
1100402,301429,ONT,2025-11-07
1100403,302323,RTR,2020-11-30
1100404,300736,RTR,2022-01-05
1100405,301398,RTR,2018-01-19
1100406,301804,ONT,2025-11-07
1100407,301178,RTR,2018-06-18
1100408,301206,ONT,2018-03-14
1100409,300106,ONT,2020-02-10
1100410,301346,ONT,2020-04-28
1100411,301233,ONT,2018-11-04
1100412,302019,ONT,2021-02-28
1100413,301953,RTR,2018-07-10
1100414,301380,ONT,2023-08-01
1100415,301394,ONT,2023-05-17
1100416,301775,ONT,2020-07-12
1100417,302388,ONT,2018-10-10
1100418,301121,SW,2026-04-08
1100419,301140,ONT,2022-01-23
1100420,301307,AP,2019-06-22
1100421,301871,ONT,2026-05-11
1100422,301924,RTR,2021-06-21
1100423,301024,ONT,2019-09-20
1100424,302205,ONT,2024-03-21
1100425,301708,ONT,2021-11-17
1100426,302416,RTR,2020-03-09
1100427,302208,RTR,2022-01-18
1100428,300886,SW,2018-04-03
1100429,300817,ONT,2021-09-15
1100430,301080,ONT,2026-04-04
1100431,300112,AP,2022-01-05
1100432,301152,RTR,2026-02-28
1100433,301489,SW,2025-07-27
1100434,300171,ONT,2021-11-12
1100435,300981,RTR,2020-08-30
1100436,302212,RTR,2024-08-22
1100437,300881,ONT,2019-10-22
1100438,300874,RTR,2020-09-08
1100439,302386,RTR,2019-09-29
1100440,301591,RTR,2022-11-05
1100441,300484,ONT,2018-08-15
1100442,302191,ONT,2020-04-08
1100443,300917,ONT,2020-01-22
1100444,301784,RTR,2021-01-28
1100445,302481,RTR,2020-12-26
1100446,301510,ONT,2019-04-05
1100447,300477,RTR,2026-02-24
1100448,300672,RTR,2020-10-05
1100449,301162,ONT,2020-03-15
1100450,300198,RTR,2024-08-25
1100451,302470,RTR,2023-11-12
1100452,301831,ONT,2019-04-07
1100453,302313,ONT,2023-06-14
1100454,300565,ONT,2024-02-19
1100455,300407,RTR,2019-01-15
1100456,302435,ONT,2021-05-29
1100457,300817,RTR,2025-10-17
1100458,302450,RTR,2025-02-12
1100459,300960,RTR,2022-12-11
1100460,300056,ONT,2023-08-01
1100461,301897,ONT,2024-01-08
1100462,300264,ONT,2023-02-18
1100463,301914,AP,2021-10-29
1100464,301443,SW,2025-11-16
1100465,302136,SW,2019-08-20
1100466,301428,AP,2023-06-13
1100467,300978,ONT,2024-12-07
1100468,300859,ONT,2018-08-13
1100469,300986,AP,2018-05-01
1100470,300389,SW,2019-11-01
1100471,300437,SW,2021-02-12
1100472,300901,ONT,2022-09-27
1100473,300434,SW,2019-06-14
1100474,300959,AP,2023-04-10
1100475,300528,RTR,2023-02-24
1100476,301130,RTR,2023-09-14
1100477,300112,RTR,2024-09-16
1100478,300107,RTR,2024-07-12
1100479,301072,ONT,2024-09-30
1100480,301383,ONT,2023-09-02
1100481,301246,ONT,2022-06-21
1100482,300003,ONT,2018-06-27
1100483,300142,ONT,2022-06-25
1100484,302119,RTR,2019-10-01
1100485,302345,ONT,2020-08-13
1100486,300812,RTR,2024-03-06
1100487,300357,RTR,2023-12-25
1100488,300107,ONT,2024-03-07
1100489,300102,RTR,2021-05-21
1100490,302043,RTR,2020-09-24
1100491,301526,ONT,2023-03-28
1100492,301257,RTR,2022-03-05
1100493,301299,RTR,2024-07-29
1100494,302291,ONT,2025-08-26
1100495,301429,AP,2024-12-07
1100496,301098,RTR,2021-02-20
1100497,301871,RTR,2019-01-13
1100498,301261,RTR,2019-08-27
1100499,300621,RTR,2024-12-22
1100500,300648,ONT,2019-05-12
1100501,302178,ONT,2018-05-09
1100502,302472,RTR,2018-06-14
1100503,301284,RTR,2018-01-18
1100504,301845,ONT,2024-03-27
1100505,300482,AP,2025-07-02
1100506,301956,ONT,2020-07-10
1100507,301909,SW,2019-08-26
1100508,301760,ONT,2021-08-09
1100509,302416,ONT,2026-04-12
1100510,301056,RTR,2019-11-04
1100511,300110,RTR,2021-01-28
1100512,301140,RTR,2021-01-12
1100513,300349,RTR,2025-03-02
1100514,300838,RTR,2020-08-14
1100515,300292,RTR,2020-12-09
1100516,300339,RTR,2021-08-14
1100517,300220,ONT,2025-09-07
1100518,300255,ONT,2020-08-23
1100519,300751,ONT,2025-09-07
1100520,300147,ONT,2022-09-28
1100521,300274,ONT,2025-02-06
1100522,301406,ONT,2020-05-11
1100523,302406,SW,2024-12-20
1100524,301731,ONT,2021-06-12
1100525,301308,AP,2020-08-13
1100526,300070,RTR,2025-07-18
1100527,301787,SW,2024-08-31
1100528,300352,AP,2018-09-28
1100529,300924,RTR,2024-05-21
1100530,302170,AP,2020-09-27
1100531,300346,RTR,2021-02-07
1100532,302359,RTR,2023-08-16
1100533,302133,AP,2024-06-17
1100534,300876,AP,2020-04-14
1100535,302163,RTR,2022-06-18
1100536,301184,RTR,2018-11-20
1100537,300924,SW,2025-09-30
1100538,301741,ONT,2025-05-14
1100539,301064,RTR,2021-12-13
1100540,300154,ONT,2019-07-31
1100541,300894,ONT,2025-11-25
1100542,300792,RTR,2023-04-09
1100543,301709,ONT,2026-05-21
1100544,300175,ONT,2018-09-02
1100545,300330,RTR,2024-04-25
1100546,300130,RTR,2023-11-24
1100547,300067,SW,2025-10-22
1100548,301879,RTR,2022-08-30
1100549,302160,RTR,2018-10-23
1100550,300769,RTR,2018-06-20
1100551,300445,RTR,2023-03-14
1100552,302295,ONT,2021-09-03
1100553,301918,RTR,2026-01-18
1100554,300953,RTR,2022-05-06
1100555,300822,ONT,2022-11-10
1100556,301849,ONT,2025-05-21
1100557,302443,ONT,2025-07-05
1100558,302030,RTR,2021-11-30
1100559,302317,RTR,2020-07-17
1100560,300683,ONT,2026-05-27
1100561,300259,ONT,2019-11-13
1100562,300729,ONT,2022-01-02
1100563,300197,RTR,2024-03-28
1100564,300678,ONT,2023-09-10
1100565,301417,RTR,2021-10-07
1100566,301707,ONT,2020-08-13
1100567,302399,ONT,2019-08-25
1100568,301138,ONT,2021-09-26
1100569,300884,RTR,2021-07-20
1100570,301585,SW,2025-12-01
1100571,300841,ONT,2025-11-07
1100572,300825,RTR,2026-05-27
1100573,300177,RTR,2025-04-07
1100574,300678,RTR,2020-11-15
1100575,301880,SW,2025-05-19
1100576,300765,ONT,2024-05-24
1100577,301371,ONT,2018-05-23
1100578,302476,ONT,2021-10-31
1100579,300114,RTR,2023-07-28
1100580,301925,ONT,2021-02-03
1100581,300622,ONT,2025-05-13
1100582,302466,ONT,2018-08-13
1100583,300909,AP,2024-09-17
1100584,300086,SW,2024-03-10
1100585,302064,RTR,2021-07-30
1100586,301184,ONT,2024-11-23
1100587,302493,RTR,2024-10-22
1100588,301455,RTR,2024-09-06
1100589,302070,ONT,2024-10-22
1100590,302408,SW,2022-12-30
1100591,301162,RTR,2020-07-15
1100592,301471,ONT,2020-01-08
1100593,301277,ONT,2022-09-27
1100594,302329,SW,2022-12-05
1100595,300995,ONT,2022-11-05
1100596,301058,ONT,2023-09-02
1100597,302087,ONT,2022-11-27
1100598,300599,ONT,2020-07-25
1100599,300081,ONT,2020-06-21
1100600,302309,ONT,2020-05-02
1100601,301406,RTR,2018-11-29
1100602,300168,AP,2019-12-23
1100603,301142,ONT,2021-12-20
1100604,301690,ONT,2020-04-29
1100605,301051,RTR,2018-03-22
1100606,300313,RTR,2020-01-28
1100607,300270,SW,2021-12-25
1100608,301512,RTR,2022-06-28
1100609,301323,ONT,2018-12-18
1100610,302363,SW,2023-05-13
1100611,301509,ONT,2024-10-25
1100612,302109,RTR,2023-05-16
1100613,302234,RTR,2025-10-16
1100614,300144,AP,2025-11-05
1100615,301510,ONT,2023-04-17
1100616,300196,RTR,2020-01-16
1100617,300187,RTR,2025-12-31
1100618,302008,RTR,2020-06-08
1100619,300605,AP,2020-11-21
1100620,300011,RTR,2026-03-28
1100621,300670,RTR,2020-11-01
1100622,300439,ONT,2023-03-17
1100623,301031,RTR,2018-04-04
1100624,300848,RTR,2018-07-08
1100625,301132,ONT,2020-02-04
1100626,301635,ONT,2022-06-07
1100627,301633,ONT,2024-01-29
1100628,302199,ONT,2024-12-29
1100629,301027,ONT,2021-10-13
1100630,301739,ONT,2019-12-20
1100631,301234,ONT,2020-12-29
1100632,302376,RTR,2019-07-18
1100633,300500,ONT,2018-02-20
1100634,301762,ONT,2018-10-24
1100635,300865,ONT,2023-01-01
1100636,302175,ONT,2021-09-29
1100637,301206,RTR,2025-07-15
1100638,301471,SW,2025-01-28
1100639,302355,ONT,2022-02-23
1100640,301343,AP,2018-02-08
1100641,301562,ONT,2024-07-05
1100642,300765,ONT,2024-08-06
1100643,301536,AP,2021-07-08
1100644,300290,SW,2021-04-03
1100645,302404,RTR,2019-05-24
1100646,300957,RTR,2023-06-21
1100647,301023,RTR,2018-04-22
1100648,300748,SW,2023-03-07
1100649,301771,RTR,2024-10-16
1100650,301510,ONT,2023-03-07
1100651,300497,RTR,2022-04-27
1100652,301349,ONT,2024-06-05
1100653,301238,AP,2021-07-31
1100654,301923,ONT,2021-11-08
1100655,301704,SW,2025-07-17
1100656,301615,SW,2018-08-01
1100657,301833,ONT,2023-03-09
1100658,300879,ONT,2018-03-31
1100659,300033,RTR,2024-07-06
1100660,301474,RTR,2025-07-08
1100661,300233,SW,2023-12-08
1100662,300440,ONT,2020-10-01
1100663,300887,AP,2026-05-10
1100664,300687,RTR,2018-10-28
1100665,302498,SW,2022-09-18
1100666,300975,RTR,2019-09-29
1100667,301482,RTR,2020-09-28
1100668,300018,RTR,2019-01-18
1100669,301308,ONT,2021-08-15
1100670,301029,RTR,2024-10-11
1100671,301444,ONT,2020-04-10
1100672,300361,ONT,2019-08-20
1100673,300779,ONT,2018-02-05
1100674,301549,RTR,2019-04-18
1100675,302195,ONT,2025-01-14
1100676,301266,ONT,2018-06-26
1100677,300661,RTR,2020-02-10
1100678,300307,RTR,2025-07-15
1100679,300622,ONT,2025-12-31
1100680,302394,SW,2023-11-23
1100681,302067,SW,2019-03-16
1100682,300613,ONT,2019-08-10
1100683,300391,AP,2023-07-14
1100684,302326,ONT,2022-11-17
1100685,300339,AP,2019-04-16
1100686,300019,ONT,2021-02-08
1100687,300215,SW,2019-08-29
1100688,302401,RTR,2021-10-09
1100689,300440,SW,2022-05-19
1100690,300460,RTR,2018-10-06
1100691,300192,RTR,2018-09-07
1100692,300735,ONT,2024-07-03
1100693,301820,ONT,2019-06-01
1100694,301065,RTR,2023-06-17
1100695,300052,RTR,2019-03-09
1100696,301138,ONT,2022-09-07
1100697,301479,ONT,2019-10-19
1100698,301595,ONT,2024-02-26
1100699,300083,ONT,2025-05-13
1100700,300613,ONT,2024-08-16
1100701,301031,RTR,2019-04-26
1100702,301813,RTR,2021-11-18
1100703,300890,SW,2019-10-09
1100704,302468,AP,2022-10-30
1100705,302451,AP,2025-05-17
1100706,300429,ONT,2020-04-25
1100707,301061,ONT,2024-03-07
1100708,302392,ONT,2018-11-09
1100709,301051,RTR,2026-04-16
1100710,301912,RTR,2019-06-29
1100711,301027,ONT,2023-11-25
1100712,300072,ONT,2018-05-04
1100713,300763,ONT,2023-06-09
1100714,302279,SW,2020-10-17
1100715,300886,RTR,2024-08-11
1100716,300698,RTR,2019-09-14
1100717,302010,ONT,2022-04-02
1100718,300528,ONT,2024-04-24
1100719,302305,ONT,2018-10-12
1100720,300906,ONT,2018-12-20
1100721,302324,RTR,2018-07-23
1100722,300101,RTR,2018-06-19
1100723,300880,RTR,2022-02-19
1100724,300558,RTR,2023-03-30
1100725,301971,ONT,2026-05-19
1100726,302192,RTR,2022-08-12
1100727,301194,SW,2024-11-30
1100728,300210,AP,2021-02-02
1100729,300240,ONT,2018-09-19
1100730,300151,ONT,2020-06-02
1100731,300793,ONT,2023-08-02
1100732,300401,ONT,2024-08-13
1100733,302235,ONT,2019-10-09
1100734,302091,ONT,2024-11-12
1100735,302209,RTR,2019-04-22
1100736,300619,SW,2025-09-05
1100737,300284,ONT,2022-11-07
1100738,300873,AP,2020-06-02
1100739,301153,ONT,2022-02-18
1100740,301478,RTR,2020-09-10
1100741,300078,ONT,2018-11-08
1100742,302135,ONT,2018-07-22
1100743,300063,ONT,2020-09-23
1100744,301172,AP,2026-02-04
1100745,300066,RTR,2020-04-20
1100746,302164,ONT,2018-09-24
1100747,302280,SW,2025-01-30
1100748,300286,RTR,2021-07-23
1100749,301060,ONT,2024-09-29
1100750,300384,RTR,2019-09-14
1100751,302023,ONT,2025-07-10
1100752,300484,ONT,2025-06-13
1100753,300016,SW,2024-03-31
1100754,302495,ONT,2019-10-09
1100755,300410,RTR,2020-03-03
1100756,301910,RTR,2025-01-19
1100757,301498,RTR,2018-11-14
1100758,302424,RTR,2026-01-03
1100759,302075,ONT,2021-08-10
1100760,302208,ONT,2021-09-07
1100761,301085,ONT,2019-10-12
1100762,301256,AP,2023-12-13
1100763,301001,SW,2024-05-06
1100764,300001,AP,2024-07-28
1100765,301173,ONT,2021-03-09
1100766,301076,RTR,2024-06-30
1100767,301179,RTR,2025-09-05
1100768,301562,ONT,2024-10-08
1100769,300380,ONT,2022-10-11
1100770,301330,ONT,2020-10-31
1100771,302166,SW,2025-10-04
1100772,301825,AP,2018-07-22
1100773,302020,RTR,2019-06-25
1100774,300457,ONT,2026-05-02
1100775,301256,ONT,2024-04-20
1100776,302363,ONT,2023-10-07
1100777,301372,ONT,2024-04-17
1100778,300248,SW,2019-11-26
1100779,300943,ONT,2025-03-23
1100780,300016,RTR,2023-09-09
1100781,302130,SW,2023-10-15
1100782,300910,RTR,2019-04-24
1100783,300536,ONT,2025-01-07
1100784,300286,AP,2022-01-15
1100785,301731,ONT,2022-10-18
1100786,300386,SW,2019-12-06
1100787,300008,RTR,2018-11-10
1100788,301602,RTR,2023-02-18
1100789,300039,RTR,2019-12-26
1100790,300403,RTR,2022-11-05
1100791,302372,ONT,2023-05-24
1100792,301746,ONT,2021-09-27
1100793,300708,RTR,2026-02-26
1100794,300749,RTR,2025-01-28
1100795,301318,RTR,2023-07-06
1100796,300437,ONT,2022-06-29
1100797,300802,RTR,2023-06-20
1100798,300407,ONT,2022-01-17
1100799,300578,ONT,2022-03-22
1100800,302150,RTR,2023-10-06
1100801,301603,ONT,2023-08-09
1100802,300147,ONT,2024-06-30
1100803,302477,ONT,2019-10-27
1100804,302484,RTR,2022-11-24
1100805,301604,ONT,2022-09-19
1100806,300214,RTR,2019-05-16
1100807,301927,ONT,2019-06-02
1100808,302085,RTR,2023-08-14
1100809,301532,ONT,2026-05-23
1100810,301700,RTR,2023-02-20
1100811,301550,RTR,2020-02-03
1100812,301121,RTR,2022-08-06
1100813,302433,RTR,2026-01-09
1100814,301226,RTR,2026-05-29
1100815,301413,RTR,2022-03-13
1100816,301188,RTR,2018-08-31
1100817,301977,RTR,2023-04-21
1100818,300603,ONT,2018-10-06
1100819,301659,ONT,2020-04-14
1100820,302479,ONT,2018-12-18
1100821,301357,RTR,2024-04-28
1100822,302073,RTR,2021-08-06
1100823,300242,RTR,2021-09-17
1100824,302358,RTR,2025-05-30
1100825,301062,RTR,2026-02-25
1100826,302436,SW,2020-10-19
1100827,300537,AP,2025-09-07
1100828,300983,RTR,2025-06-18
1100829,300623,ONT,2023-12-29
1100830,300807,SW,2019-11-10
1100831,302480,RTR,2024-01-16
1100832,302456,RTR,2024-01-28
1100833,300006,RTR,2019-08-24
1100834,300462,RTR,2019-04-06
1100835,302361,RTR,2025-06-23
1100836,301215,ONT,2025-11-22
1100837,301837,ONT,2022-02-25
1100838,301343,RTR,2023-08-24
1100839,300491,RTR,2021-06-21
1100840,300974,RTR,2024-01-10
1100841,301985,RTR,2019-01-05
1100842,300467,ONT,2022-11-29
1100843,300893,RTR,2025-07-21
1100844,301618,RTR,2019-04-13
1100845,302218,ONT,2023-12-17
1100846,300006,RTR,2025-03-30
1100847,301847,ONT,2019-04-28
1100848,300759,RTR,2021-11-28
1100849,301677,ONT,2023-09-05
1100850,300262,ONT,2024-06-19
1100851,301252,RTR,2026-04-28
1100852,301895,ONT,2023-07-17
1100853,300726,RTR,2022-12-09
1100854,301217,RTR,2020-01-07
1100855,300969,RTR,2020-11-28
1100856,300856,RTR,2019-10-13
1100857,301146,ONT,2025-08-08
1100858,301949,ONT,2023-09-02
1100859,301833,ONT,2020-11-12
1100860,302014,ONT,2022-08-01
1100861,301357,ONT,2019-09-30
1100862,300027,RTR,2022-01-28
1100863,302027,RTR,2024-07-01
1100864,302211,RTR,2022-04-03
1100865,300932,AP,2020-09-02
1100866,301884,RTR,2018-03-24
1100867,301933,ONT,2020-11-27
1100868,301135,RTR,2020-01-02
1100869,300232,ONT,2018-03-30
1100870,302163,RTR,2023-04-20
1100871,300103,ONT,2025-08-20
1100872,300517,ONT,2024-06-07
1100873,300253,ONT,2018-04-12
1100874,301854,ONT,2018-09-14
1100875,301773,RTR,2019-06-27
1100876,301465,ONT,2018-05-15
1100877,301137,AP,2024-06-23
1100878,301077,ONT,2021-01-11
1100879,301818,SW,2026-05-13
1100880,301131,SW,2019-02-22
1100881,302296,SW,2020-01-03
1100882,301685,SW,2018-01-03
1100883,301371,ONT,2023-05-29
1100884,302408,RTR,2023-10-31
1100885,301924,ONT,2026-01-31
1100886,301910,ONT,2020-07-23
1100887,301788,ONT,2018-01-28
1100888,301925,RTR,2023-09-25
1100889,302449,RTR,2021-08-30
1100890,301750,SW,2018-09-10
1100891,302214,RTR,2021-02-13
1100892,302071,RTR,2024-05-19
1100893,302200,ONT,2018-10-21
1100894,302360,RTR,2023-04-06
1100895,301735,ONT,2021-12-08
1100896,300342,ONT,2024-06-01
1100897,301020,ONT,2018-09-07
1100898,301095,RTR,2018-04-22
1100899,302487,ONT,2020-01-14
1100900,302291,RTR,2022-10-22
1100901,300401,ONT,2019-08-24
1100902,300866,RTR,2024-10-04
1100903,300567,ONT,2021-06-01
1100904,301928,ONT,2022-05-18
1100905,300808,RTR,2019-01-01
1100906,302428,ONT,2021-09-22
1100907,301841,RTR,2021-12-23
1100908,301588,SW,2018-04-25
1100909,301017,AP,2022-03-27
1100910,301068,ONT,2020-04-17
1100911,301502,RTR,2020-03-29
1100912,301679,ONT,2023-02-13
1100913,302055,ONT,2024-02-02
1100914,300672,ONT,2024-04-19
1100915,302174,ONT,2022-05-26
1100916,302349,SW,2018-05-02
1100917,301196,SW,2024-11-27
1100918,301560,RTR,2023-03-29
1100919,301916,RTR,2026-05-18
1100920,300332,RTR,2024-08-29
1100921,301014,ONT,2024-08-08
1100922,302030,ONT,2019-08-23
1100923,301010,RTR,2018-01-26
1100924,301198,AP,2018-07-20
1100925,300201,RTR,2019-04-08
1100926,302133,RTR,2021-08-09
1100927,300169,ONT,2024-12-28
1100928,300061,ONT,2023-01-23
1100929,302116,ONT,2024-10-11
1100930,301554,ONT,2025-02-03
1100931,300606,RTR,2023-04-20
1100932,302117,ONT,2024-05-25
1100933,301975,ONT,2024-06-26
1100934,301003,RTR,2018-05-02
1100935,300001,ONT,2018-01-11
1100936,301934,RTR,2023-01-03
1100937,302395,ONT,2023-10-11
1100938,300508,ONT,2019-04-29
1100939,302225,RTR,2019-02-01
1100940,300720,ONT,2023-09-24
1100941,302043,RTR,2023-08-23
1100942,301409,RTR,2025-07-10
1100943,301404,ONT,2022-06-10
1100944,301464,RTR,2025-10-22
1100945,302107,RTR,2022-01-29
1100946,302425,RTR,2020-01-01
1100947,301442,ONT,2019-02-09
1100948,301328,RTR,2024-10-15
1100949,301215,RTR,2020-05-15
1100950,301534,RTR,2018-11-07
1100951,301920,RTR,2023-09-29
1100952,300237,ONT,2025-12-19
1100953,302199,RTR,2020-04-11
1100954,301485,ONT,2024-11-16
1100955,301745,ONT,2018-07-03
1100956,302410,RTR,2018-02-19
1100957,300877,RTR,2021-03-02
1100958,302271,RTR,2020-04-04
1100959,300048,ONT,2023-07-02
1100960,302434,SW,2022-09-05
1100961,301032,ONT,2026-01-06
1100962,301052,RTR,2022-05-22
1100963,302239,SW,2020-01-07
1100964,300548,ONT,2022-12-03
1100965,301384,ONT,2023-08-03
1100966,301176,SW,2025-11-07
1100967,301563,ONT,2023-10-29
1100968,300947,ONT,2021-08-19
1100969,301839,ONT,2021-06-28
1100970,300332,ONT,2020-09-13
1100971,300363,RTR,2024-06-23
1100972,301175,RTR,2018-07-07
1100973,300093,ONT,2019-09-16
1100974,302282,RTR,2023-07-14
1100975,300275,RTR,2018-09-02
1100976,301831,ONT,2021-07-06
1100977,301833,RTR,2020-03-06
1100978,301438,RTR,2021-03-26
1100979,300922,ONT,2023-08-19
1100980,301631,RTR,2024-06-29
1100981,302131,RTR,2020-06-13
1100982,302174,ONT,2018-11-29
1100983,300088,RTR,2022-08-16
1100984,302359,RTR,2024-10-08
1100985,301168,ONT,2018-04-28
1100986,301796,ONT,2025-01-21
1100987,302044,ONT,2019-12-23
1100988,302324,AP,2018-10-30
1100989,300579,ONT,2021-06-27
1100990,301168,RTR,2025-09-10
1100991,301128,ONT,2020-08-13
1100992,301425,RTR,2023-10-12
1100993,301347,RTR,2018-08-15
1100994,301395,ONT,2025-11-10
1100995,300457,ONT,2020-06-13
1100996,300435,ONT,2019-05-21
1100997,300832,AP,2019-08-30
1100998,302025,AP,2019-11-10
1100999,300903,RTR,2021-06-12
1101000,301605,SW,2018-07-07
1101001,300353,RTR,2025-11-21
1101002,300725,SW,2025-01-06
1101003,301291,AP,2025-09-08
1101004,302120,AP,2019-09-18
1101005,300591,ONT,2022-01-29
1101006,302333,RTR,2024-12-22
1101007,301794,RTR,2025-03-17
1101008,300336,RTR,2024-08-17
1101009,301289,ONT,2018-06-06
1101010,300751,RTR,2024-04-30
1101011,301395,ONT,2026-02-04
1101012,301684,ONT,2025-07-29
1101013,301497,ONT,2022-04-18
1101014,301169,RTR,2025-02-03
1101015,301806,SW,2021-08-30
1101016,301869,ONT,2025-06-15
1101017,300322,SW,2024-06-15
1101018,300337,RTR,2021-03-10
1101019,302150,AP,2018-12-11
1101020,300541,RTR,2020-02-11
1101021,300886,RTR,2025-12-12
1101022,302498,ONT,2020-04-20
1101023,300417,ONT,2023-09-25
1101024,301359,AP,2020-03-05
1101025,300419,ONT,2025-05-07
1101026,301969,AP,2020-01-22
1101027,301273,ONT,2018-05-01
1101028,301010,RTR,2019-09-02
1101029,301206,ONT,2019-04-08
1101030,302340,ONT,2026-03-21
1101031,301626,RTR,2020-02-22
1101032,300784,ONT,2019-12-22
1101033,302388,RTR,2021-06-02
1101034,300919,ONT,2022-07-07
1101035,300218,SW,2024-08-26
1101036,302220,ONT,2020-08-30
1101037,302235,RTR,2025-08-13
1101038,302190,RTR,2023-12-03
1101039,301391,ONT,2018-05-18
1101040,300254,ONT,2026-04-11
1101041,300114,RTR,2018-07-07
1101042,301448,RTR,2024-07-28
1101043,301550,ONT,2025-06-20
1101044,301244,ONT,2020-09-29
1101045,300605,ONT,2022-11-14
1101046,302283,SW,2023-08-16
1101047,302076,ONT,2020-06-11
1101048,302131,AP,2026-03-19
1101049,300583,SW,2025-05-04
1101050,301082,ONT,2022-07-03
1101051,301915,ONT,2025-11-28
1101052,301371,RTR,2024-01-30
1101053,301403,ONT,2020-11-26
1101054,302021,RTR,2021-12-27
1101055,300196,ONT,2019-12-19
1101056,300102,ONT,2022-11-28
1101057,300967,ONT,2021-09-05
1101058,302069,ONT,2024-01-22
1101059,301475,ONT,2020-02-02
1101060,300420,RTR,2018-05-06
1101061,301452,ONT,2024-05-03
1101062,300261,AP,2025-04-19
1101063,300817,ONT,2019-12-30
1101064,301700,ONT,2023-12-22
1101065,300341,RTR,2023-09-20
1101066,301005,ONT,2026-04-19
1101067,301889,ONT,2023-07-02
1101068,301259,ONT,2019-05-27
1101069,300386,RTR,2025-09-26
1101070,301160,SW,2020-03-24
1101071,301475,RTR,2024-05-26
1101072,300839,RTR,2022-07-01
1101073,301341,RTR,2020-01-30
1101074,302366,ONT,2024-11-05
1101075,301815,ONT,2025-11-04
1101076,301817,SW,2023-03-15
1101077,302128,AP,2024-01-19
1101078,301282,RTR,2025-12-24
1101079,301087,ONT,2022-05-22
1101080,301861,RTR,2019-11-24
1101081,300108,RTR,2022-08-31
1101082,302388,RTR,2019-12-22
1101083,301513,ONT,2022-11-05
1101084,300010,AP,2021-02-02
1101085,300427,RTR,2022-05-01
1101086,302340,RTR,2023-12-31
1101087,301946,SW,2024-03-07
1101088,300853,RTR,2023-11-05
1101089,302161,SW,2025-12-11
1101090,300391,AP,2020-07-24
1101091,301166,ONT,2024-10-18
1101092,301644,ONT,2025-12-01
1101093,301311,ONT,2021-10-23
1101094,301875,RTR,2023-04-08
1101095,302066,RTR,2018-12-22
1101096,302423,RTR,2025-06-07
1101097,300288,RTR,2024-08-25
1101098,300104,ONT,2025-10-01
1101099,301557,AP,2025-02-17
1101100,301317,RTR,2020-11-24
1101101,301278,RTR,2018-04-01
1101102,300073,ONT,2021-10-24
1101103,300351,RTR,2025-11-12
1101104,302495,ONT,2023-06-17
1101105,300577,RTR,2024-11-28
1101106,302308,ONT,2025-06-24
1101107,300094,RTR,2020-08-29
1101108,301149,RTR,2025-06-22
1101109,301919,RTR,2018-01-16
1101110,300598,SW,2021-04-20
1101111,301267,ONT,2023-11-25
1101112,301194,SW,2023-10-24
1101113,301701,RTR,2019-02-19
1101114,301474,RTR,2026-05-22
1101115,302194,RTR,2021-12-05
1101116,302411,ONT,2022-02-04
1101117,301821,ONT,2025-12-08
1101118,302260,ONT,2021-12-17
1101119,300192,RTR,2022-02-25
1101120,300933,ONT,2022-07-06
1101121,301660,ONT,2020-10-15
1101122,302471,ONT,2021-09-03
1101123,301154,SW,2018-12-08
1101124,301482,ONT,2022-01-28
1101125,302060,RTR,2022-05-25
1101126,302314,ONT,2021-02-10
1101127,301389,RTR,2019-11-29
1101128,300759,ONT,2026-03-02
1101129,301196,RTR,2018-03-21
1101130,301185,RTR,2023-08-26
1101131,300344,ONT,2026-05-18
1101132,300402,RTR,2024-02-19
1101133,301766,RTR,2018-04-17
1101134,301709,RTR,2021-02-05
1101135,300066,RTR,2025-09-13
1101136,300923,RTR,2020-08-17
1101137,300198,SW,2020-05-04
1101138,300441,ONT,2024-03-29
1101139,301175,ONT,2024-11-16
1101140,300964,SW,2018-05-21
1101141,300951,RTR,2019-08-29
1101142,301373,RTR,2021-07-07
1101143,301888,ONT,2019-01-19
1101144,300231,ONT,2021-03-03
1101145,300381,RTR,2021-06-17
1101146,301200,ONT,2022-07-28
1101147,302266,ONT,2020-07-24
1101148,301659,AP,2025-04-05
1101149,300595,RTR,2019-03-06
1101150,300927,ONT,2022-01-25
1101151,301865,SW,2019-07-22
1101152,301047,ONT,2022-08-28
1101153,300208,ONT,2019-12-21
1101154,301888,ONT,2024-04-11
1101155,301423,RTR,2019-08-23
1101156,300281,SW,2024-04-27
1101157,300597,ONT,2021-12-03
1101158,302018,RTR,2018-10-10
1101159,300114,RTR,2018-12-17
1101160,300557,ONT,2019-01-17
1101161,300918,RTR,2022-01-07
1101162,300810,RTR,2022-07-24
1101163,301433,ONT,2025-03-30
1101164,302038,ONT,2020-04-27
1101165,301367,RTR,2019-11-30
1101166,301193,RTR,2023-06-18
1101167,300299,ONT,2018-11-02
1101168,302304,RTR,2023-08-03
1101169,302283,ONT,2019-11-13
1101170,301295,ONT,2024-12-29
1101171,301279,RTR,2025-09-03
1101172,301828,RTR,2026-01-24
1101173,301915,ONT,2019-06-24
1101174,300700,ONT,2025-03-19
1101175,302415,SW,2025-02-15
1101176,300387,RTR,2020-09-08
1101177,301601,ONT,2019-07-27
1101178,301462,ONT,2019-07-29
1101179,301658,ONT,2020-09-16
1101180,300536,ONT,2021-02-19
1101181,301358,ONT,2025-10-05
1101182,300788,ONT,2025-08-21
1101183,302112,SW,2025-07-28
1101184,300716,ONT,2025-12-05
1101185,301944,ONT,2024-03-05
1101186,301920,RTR,2018-07-11
1101187,301091,RTR,2019-04-27
1101188,302197,ONT,2021-07-01
1101189,300047,SW,2025-06-13
1101190,300808,AP,2018-07-10
1101191,300966,RTR,2023-10-19
1101192,302319,SW,2021-11-12
1101193,301594,RTR,2021-10-19
1101194,300042,RTR,2018-08-21
1101195,301628,RTR,2025-02-07
1101196,300457,RTR,2019-02-05
1101197,300469,ONT,2020-01-14
1101198,300434,ONT,2024-08-18
1101199,300057,ONT,2023-03-08
1101200,301868,ONT,2025-01-30
1101201,300324,ONT,2022-12-21
1101202,300957,AP,2020-05-28
1101203,301413,ONT,2023-07-08
1101204,301130,RTR,2024-12-17
1101205,301076,ONT,2025-01-20
1101206,302123,ONT,2018-03-03
1101207,300014,RTR,2019-09-18
1101208,300100,AP,2019-01-25
1101209,302453,RTR,2023-12-14
1101210,300073,RTR,2025-11-28
1101211,300212,ONT,2025-09-15
1101212,300506,SW,2024-02-05
1101213,300270,AP,2025-01-07
1101214,301246,ONT,2019-04-02
1101215,301173,ONT,2024-05-28
1101216,301095,RTR,2019-12-25
1101217,301100,SW,2019-11-15
1101218,301481,ONT,2021-04-15
1101219,300555,SW,2025-01-21
1101220,302102,ONT,2025-06-20
1101221,302300,RTR,2018-08-13
1101222,300656,RTR,2019-09-14
1101223,301800,ONT,2018-11-30
1101224,300116,AP,2021-03-17
1101225,301036,RTR,2019-09-20
1101226,300262,RTR,2018-10-05
1101227,301311,ONT,2022-01-14
1101228,300148,ONT,2024-01-10
1101229,302482,AP,2019-06-22
1101230,302139,RTR,2019-02-20
1101231,301199,ONT,2025-08-14
1101232,301923,RTR,2018-04-26
1101233,301390,SW,2022-06-02
1101234,300230,ONT,2024-12-04
1101235,300258,ONT,2021-10-15
1101236,300880,ONT,2021-10-26
1101237,300675,ONT,2025-03-05
1101238,300079,RTR,2023-05-05
1101239,300540,RTR,2023-11-01
1101240,301836,ONT,2023-01-12
1101241,300448,ONT,2022-09-05
1101242,301539,ONT,2024-04-13
1101243,301320,ONT,2023-11-18
1101244,301257,RTR,2025-06-06
1101245,301309,AP,2025-06-18
1101246,301157,RTR,2026-04-22
1101247,301060,AP,2022-01-23
1101248,301750,ONT,2023-03-03
1101249,300094,ONT,2019-05-19
1101250,301517,RTR,2019-02-02
1101251,301418,AP,2023-04-25
1101252,302362,RTR,2023-04-16
1101253,301272,RTR,2025-02-01
1101254,301440,RTR,2019-04-11
1101255,301949,AP,2022-02-27
1101256,302369,RTR,2025-07-15
1101257,301992,ONT,2018-01-11
1101258,300265,ONT,2023-07-31
1101259,300519,RTR,2020-12-29
1101260,300433,RTR,2024-07-04
1101261,301331,ONT,2021-07-05
1101262,302099,ONT,2024-07-03
1101263,301936,ONT,2021-06-09
1101264,300422,ONT,2020-06-12
1101265,300936,AP,2022-10-13
1101266,301992,ONT,2024-11-12
1101267,300305,ONT,2022-08-04
1101268,302464,RTR,2020-03-26
1101269,300263,SW,2018-03-31
1101270,301765,RTR,2018-05-24
1101271,300175,ONT,2024-06-24
1101272,301185,RTR,2019-04-06
1101273,301287,RTR,2018-05-30
1101274,301856,SW,2020-10-09
1101275,300883,RTR,2020-09-24
1101276,300420,RTR,2021-09-30
1101277,300224,RTR,2020-12-15
1101278,302358,RTR,2018-07-30
1101279,301001,ONT,2026-03-13
1101280,301324,ONT,2020-11-16
1101281,301282,SW,2026-03-31
1101282,300499,RTR,2021-10-12
1101283,301362,ONT,2021-10-09
1101284,301098,ONT,2021-07-03
1101285,300389,ONT,2024-03-15
1101286,301562,RTR,2022-04-10
1101287,301239,ONT,2021-09-28
1101288,301355,ONT,2024-09-14
1101289,302397,RTR,2023-11-27
1101290,300423,RTR,2020-05-20
1101291,300098,ONT,2019-01-24
1101292,302024,RTR,2024-08-31
1101293,301103,RTR,2025-12-19
1101294,302010,ONT,2021-09-21
1101295,300103,ONT,2025-05-20
1101296,302130,RTR,2022-06-26
1101297,302224,SW,2024-01-25
1101298,301248,ONT,2023-08-18
1101299,300715,RTR,2023-07-06
1101300,301578,RTR,2023-01-28
1101301,301909,ONT,2025-01-11
1101302,300063,RTR,2024-09-30
1101303,301759,ONT,2024-12-08
1101304,302327,SW,2019-09-23
1101305,302077,AP,2022-08-05
1101306,301431,ONT,2021-10-30
1101307,301671,RTR,2018-09-04
1101308,301855,ONT,2020-02-01
1101309,302361,AP,2022-12-05
1101310,301861,RTR,2025-09-29
1101311,300215,SW,2018-12-06
1101312,301448,ONT,2023-06-29
1101313,300088,RTR,2022-11-24
1101314,301208,ONT,2023-01-25
1101315,301016,RTR,2021-09-05
1101316,300988,RTR,2024-03-31
1101317,301650,RTR,2019-10-13
1101318,301307,SW,2018-03-07
1101319,301044,ONT,2019-05-19
1101320,301724,RTR,2020-01-20
1101321,301768,ONT,2020-07-06
1101322,301155,RTR,2018-03-28
1101323,301276,RTR,2021-10-21
1101324,301482,ONT,2023-06-25
1101325,300391,ONT,2019-09-27
1101326,300085,RTR,2024-09-23
1101327,300553,SW,2023-11-26
1101328,300788,ONT,2019-08-06
1101329,302284,RTR,2025-01-31
1101330,302079,ONT,2024-05-20
1101331,300424,ONT,2018-12-09
1101332,302437,ONT,2023-02-01
1101333,301304,RTR,2022-01-11
1101334,300349,RTR,2023-07-26
1101335,301542,ONT,2019-07-31
1101336,300709,ONT,2020-11-02
1101337,300416,RTR,2019-07-25
1101338,300748,RTR,2024-11-05
1101339,302294,RTR,2022-03-06
1101340,301040,ONT,2020-08-12
1101341,300355,RTR,2023-10-23
1101342,300323,RTR,2024-11-12
1101343,302377,ONT,2019-02-28
1101344,301519,AP,2024-09-30
1101345,302467,RTR,2018-07-27
1101346,300232,ONT,2019-06-11
1101347,302008,RTR,2021-04-15
1101348,300012,RTR,2025-05-29
1101349,300248,RTR,2019-03-18
1101350,301122,SW,2018-09-03
1101351,301475,ONT,2018-12-06
1101352,301428,ONT,2019-12-13
1101353,300587,ONT,2024-06-18
1101354,302250,AP,2023-10-29
1101355,300296,AP,2024-07-07
1101356,301477,ONT,2018-08-02
1101357,300738,SW,2025-08-09
1101358,301772,RTR,2026-02-13
1101359,301999,AP,2022-07-06
1101360,302376,RTR,2022-07-03
1101361,300778,RTR,2025-09-08
1101362,301291,ONT,2021-10-20
1101363,302007,RTR,2021-04-25
1101364,302462,ONT,2020-03-18
1101365,300130,SW,2019-10-14
1101366,300614,RTR,2019-12-05
1101367,300225,RTR,2018-07-07
1101368,301916,ONT,2026-02-15
1101369,300381,RTR,2023-06-14
1101370,301551,ONT,2025-01-10
1101371,302090,ONT,2023-09-06
1101372,300110,ONT,2025-04-19
1101373,300080,RTR,2022-03-26
1101374,302497,RTR,2020-08-19
1101375,302058,SW,2018-05-24
1101376,301289,RTR,2023-02-28
1101377,300589,ONT,2023-10-02
1101378,302184,RTR,2018-06-22
1101379,300669,ONT,2019-03-17
1101380,302125,AP,2021-01-15
1101381,300871,RTR,2023-06-28
1101382,300589,RTR,2019-08-19
1101383,300096,RTR,2021-01-07
1101384,301274,ONT,2022-06-15
1101385,300122,ONT,2022-12-23
1101386,300002,RTR,2024-08-08
1101387,301692,RTR,2023-11-11
1101388,302081,RTR,2022-09-22
1101389,302454,RTR,2018-12-12
1101390,301548,RTR,2021-10-12
1101391,300687,ONT,2019-08-09
1101392,300081,ONT,2021-04-13
1101393,301475,ONT,2020-07-22
1101394,300723,ONT,2020-05-14
1101395,300623,ONT,2022-03-14
1101396,301600,RTR,2021-11-13
1101397,300824,ONT,2024-07-04
1101398,301720,ONT,2023-07-18
1101399,301252,RTR,2025-02-01
1101400,300307,ONT,2023-07-23
1101401,300533,ONT,2025-04-21
1101402,300324,SW,2021-09-26
1101403,300962,RTR,2022-04-13
1101404,300445,RTR,2023-05-03
1101405,302348,RTR,2025-03-17
1101406,302425,RTR,2025-10-10
1101407,300443,RTR,2023-04-02
1101408,300423,ONT,2023-07-26
1101409,300863,RTR,2018-10-24
1101410,300110,ONT,2020-04-07
1101411,302316,ONT,2022-10-30
1101412,301447,RTR,2024-04-27
1101413,300204,ONT,2021-01-13
1101414,301363,RTR,2021-10-13
1101415,301824,RTR,2024-09-29
1101416,301264,ONT,2020-10-29
1101417,302276,ONT,2024-01-17
1101418,301767,ONT,2025-01-03
1101419,301423,RTR,2025-03-07
1101420,302146,RTR,2025-10-10
1101421,301664,ONT,2022-07-19
1101422,301788,AP,2022-08-30
1101423,300341,AP,2020-04-26
1101424,301885,ONT,2023-01-12
1101425,301277,AP,2021-07-04
1101426,300009,ONT,2020-05-17
1101427,302491,RTR,2024-04-29
1101428,302470,ONT,2023-05-28
1101429,301827,AP,2020-06-06
1101430,301681,RTR,2025-02-23
1101431,301843,RTR,2022-01-08
1101432,300625,ONT,2019-10-30
1101433,300374,ONT,2022-05-03
1101434,302415,ONT,2022-05-20
1101435,301462,ONT,2021-09-05
1101436,300519,RTR,2018-03-31
1101437,301919,SW,2023-04-21
1101438,300624,RTR,2020-07-16
1101439,300140,RTR,2021-06-08
1101440,300016,ONT,2023-03-04
1101441,300976,RTR,2020-01-04
1101442,300418,RTR,2021-06-08
1101443,300530,RTR,2024-04-01
1101444,300689,AP,2019-06-30
1101445,300054,ONT,2020-06-29
1101446,301240,RTR,2024-10-20
1101447,300594,ONT,2020-05-14
1101448,301989,AP,2018-10-24
1101449,301159,RTR,2023-09-21
1101450,301268,ONT,2021-08-15
1101451,301212,RTR,2021-11-21
1101452,302125,RTR,2021-06-17
1101453,301020,RTR,2018-09-25
1101454,302157,RTR,2026-05-22
1101455,301104,RTR,2020-03-21
1101456,301471,ONT,2022-04-23
1101457,302318,ONT,2018-08-25
1101458,301932,AP,2025-09-24
1101459,300164,RTR,2024-10-06
1101460,301000,ONT,2019-06-10
1101461,301114,ONT,2025-06-19
1101462,301551,ONT,2021-05-14
1101463,301390,ONT,2024-03-08
1101464,302102,AP,2021-12-24
1101465,300422,AP,2021-09-19
1101466,300335,ONT,2020-06-28
1101467,301480,SW,2020-05-28
1101468,301553,ONT,2021-01-22
1101469,300229,ONT,2018-08-27
1101470,301042,RTR,2022-12-02
1101471,301614,ONT,2023-02-04
1101472,301840,ONT,2018-07-13
1101473,301747,ONT,2019-10-15
1101474,302456,ONT,2018-06-27
1101475,301661,ONT,2023-11-22
1101476,302401,SW,2019-06-17
1101477,301346,ONT,2021-09-26
1101478,301214,RTR,2022-09-04
1101479,300258,ONT,2022-11-15
1101480,301549,RTR,2025-06-30
1101481,300177,RTR,2022-02-09
1101482,300341,ONT,2024-06-23
1101483,302233,ONT,2020-12-02
1101484,302385,RTR,2022-12-29
1101485,302287,ONT,2018-01-19
1101486,301945,RTR,2020-01-05
1101487,301380,RTR,2025-07-25
1101488,301638,RTR,2024-10-26
1101489,301243,RTR,2018-06-09
1101490,301794,ONT,2018-03-11
1101491,300709,RTR,2020-02-01
1101492,300108,RTR,2019-02-14
1101493,300710,ONT,2025-08-08
1101494,300914,ONT,2024-12-18
1101495,301664,AP,2021-11-16
1101496,300698,RTR,2024-08-23
1101497,301584,ONT,2022-12-20
1101498,300460,ONT,2023-08-17
1101499,300021,RTR,2018-02-07
1101500,300023,RTR,2025-04-13
1101501,301447,SW,2018-10-20
1101502,302249,ONT,2022-06-06
1101503,300825,RTR,2021-10-14
1101504,301025,RTR,2019-08-29
1101505,300272,SW,2018-06-11
1101506,302078,AP,2019-06-24
1101507,300564,ONT,2021-02-04
1101508,301424,AP,2025-05-20
1101509,300172,ONT,2024-07-13
1101510,301972,RTR,2024-10-25
1101511,300166,RTR,2019-06-22
1101512,301435,ONT,2022-09-18
1101513,300466,SW,2019-12-21
1101514,302275,RTR,2018-07-19
1101515,301850,RTR,2019-01-18
1101516,300301,ONT,2023-09-27
1101517,301786,ONT,2018-04-08
1101518,300395,ONT,2019-01-22
1101519,300490,ONT,2026-05-04
1101520,301083,SW,2021-06-15
1101521,302254,ONT,2019-10-16
1101522,301357,RTR,2019-09-17
1101523,300107,RTR,2022-06-08
1101524,301410,AP,2022-12-06
1101525,302461,RTR,2024-11-01
1101526,301269,AP,2025-08-21
1101527,301955,RTR,2024-07-29
1101528,300909,ONT,2021-01-23
1101529,302278,AP,2024-12-07
1101530,300920,RTR,2021-02-22
1101531,300839,ONT,2018-04-25
1101532,300128,ONT,2025-11-01
1101533,300903,ONT,2021-04-25
1101534,302447,RTR,2025-08-02
1101535,300121,RTR,2018-02-06
1101536,302330,ONT,2020-12-07
1101537,302272,ONT,2019-09-16
1101538,301848,RTR,2024-02-24
1101539,301778,RTR,2021-07-18
1101540,300158,ONT,2024-08-27
1101541,301907,RTR,2020-08-14
1101542,300703,RTR,2025-06-28
1101543,301526,RTR,2018-04-18
1101544,300106,RTR,2025-05-02
1101545,301193,RTR,2025-11-07
1101546,300091,RTR,2018-07-25
1101547,302134,SW,2024-05-06
1101548,301219,ONT,2023-03-11
1101549,302454,RTR,2018-10-28
1101550,301899,RTR,2020-07-22
1101551,301339,ONT,2020-07-11
1101552,301750,RTR,2018-05-22
1101553,301583,RTR,2018-08-29
1101554,300666,SW,2019-04-29
1101555,300210,ONT,2025-07-07
1101556,302104,SW,2019-09-12
1101557,302484,RTR,2026-04-13
1101558,300391,ONT,2025-01-22
1101559,301849,RTR,2019-10-06
1101560,300400,ONT,2020-02-19
1101561,302282,ONT,2025-07-09
1101562,302419,ONT,2021-08-22
1101563,300514,ONT,2018-03-14
1101564,301459,RTR,2023-01-02
1101565,300904,ONT,2025-10-21
1101566,302083,ONT,2021-06-13
1101567,301671,ONT,2021-05-29
1101568,301684,ONT,2021-04-30
1101569,302191,ONT,2023-01-04
1101570,300460,RTR,2019-01-25
1101571,301331,ONT,2026-01-05
1101572,302261,RTR,2024-10-17
1101573,301794,ONT,2024-01-16
1101574,302013,RTR,2019-01-29
1101575,301462,ONT,2024-08-13
1101576,301749,ONT,2019-06-26
1101577,301588,SW,2023-02-21
1101578,301774,ONT,2018-07-22
1101579,300796,ONT,2020-07-20
1101580,302096,ONT,2024-04-17
1101581,302053,ONT,2026-02-07
1101582,302423,ONT,2019-07-02
1101583,301599,RTR,2018-05-20
1101584,302279,AP,2020-03-07
1101585,301292,ONT,2022-04-05
1101586,301174,ONT,2025-09-12
1101587,301377,ONT,2024-02-15
1101588,302477,ONT,2023-10-31
1101589,300673,AP,2021-01-28
1101590,300522,SW,2018-12-26
1101591,300516,ONT,2021-10-06
1101592,302100,RTR,2019-06-26
1101593,301320,RTR,2023-01-01
1101594,300021,ONT,2019-07-22
1101595,302245,ONT,2026-05-13
1101596,300134,ONT,2024-06-01
1101597,300661,SW,2024-06-27
1101598,300530,AP,2023-07-27
1101599,300713,ONT,2023-11-28
1101600,300605,ONT,2025-10-05
1101601,300325,ONT,2023-09-01
1101602,302289,SW,2020-01-09
1101603,301630,RTR,2022-07-03
1101604,302397,RTR,2024-10-12
1101605,300206,RTR,2019-04-14
1101606,301022,ONT,2026-05-17
1101607,300584,RTR,2024-05-06
1101608,301418,AP,2023-09-09
1101609,301296,ONT,2018-04-24
1101610,301288,RTR,2026-04-22
1101611,300577,RTR,2020-05-14
1101612,302499,AP,2022-05-14
1101613,302045,ONT,2018-07-24
1101614,302362,RTR,2021-04-21
1101615,302456,ONT,2025-06-17
1101616,301824,RTR,2021-03-22
1101617,300286,AP,2023-12-08
1101618,301043,SW,2018-04-01
1101619,300113,RTR,2019-11-07
1101620,300350,ONT,2019-08-11
1101621,300918,RTR,2023-03-28
1101622,300756,SW,2025-03-15
1101623,302399,ONT,2022-09-12
1101624,300930,RTR,2025-03-08
1101625,301530,ONT,2019-09-20
1101626,300056,RTR,2021-02-04
1101627,301684,ONT,2022-05-30
1101628,301849,SW,2022-11-15
1101629,300269,RTR,2023-05-27
1101630,301314,RTR,2024-03-04
1101631,300153,RTR,2020-06-07
1101632,301336,RTR,2020-12-26
1101633,301481,ONT,2020-11-13
1101634,301569,ONT,2020-08-30
1101635,300746,ONT,2023-05-18
1101636,300553,RTR,2020-02-04
1101637,301866,RTR,2018-08-19
1101638,302397,ONT,2019-11-04
1101639,300771,ONT,2019-02-11
1101640,301442,RTR,2018-12-28
1101641,301437,SW,2024-11-14
1101642,300058,RTR,2021-02-04
1101643,301827,RTR,2025-10-23
1101644,301430,SW,2020-11-05
1101645,300437,ONT,2018-07-01
1101646,300225,ONT,2018-06-04
1101647,300844,ONT,2024-09-14
1101648,302152,ONT,2019-07-20
1101649,302167,RTR,2025-01-30
1101650,300507,RTR,2020-01-08
1101651,300543,SW,2020-03-12
1101652,301417,ONT,2021-12-25
1101653,300174,SW,2026-04-01
1101654,301207,SW,2020-11-11
1101655,302172,ONT,2020-11-27
1101656,302297,ONT,2020-11-01
1101657,302289,ONT,2025-07-12
1101658,301211,ONT,2018-08-22
1101659,301183,ONT,2021-01-14
1101660,300987,ONT,2022-03-11
1101661,300428,SW,2023-04-07
1101662,302013,RTR,2020-11-07
1101663,301143,AP,2024-07-31
1101664,300106,RTR,2022-02-03
1101665,302471,RTR,2024-05-03
1101666,301319,ONT,2020-07-12
1101667,301818,ONT,2026-03-13
1101668,301182,RTR,2026-02-22
1101669,301048,ONT,2025-10-20
1101670,301380,ONT,2019-09-16
1101671,302270,RTR,2018-12-04
1101672,301124,RTR,2019-03-22
1101673,302259,ONT,2021-08-01
1101674,301034,ONT,2025-02-26
1101675,302331,RTR,2021-05-05
1101676,300011,RTR,2026-01-19
1101677,300405,RTR,2025-06-18
1101678,300568,SW,2020-09-20
1101679,300308,SW,2019-04-03
1101680,302181,AP,2024-04-04
1101681,302344,ONT,2023-10-27
1101682,300187,SW,2023-06-30
1101683,302191,RTR,2022-05-30
1101684,301981,RTR,2022-04-10
1101685,301058,ONT,2024-08-04
1101686,300783,RTR,2020-01-12
1101687,301954,AP,2018-04-12
1101688,302466,RTR,2025-12-15
1101689,301106,ONT,2021-12-03
1101690,301213,RTR,2023-07-15
1101691,301621,RTR,2020-10-23
1101692,301971,RTR,2019-06-21
1101693,301886,SW,2022-02-14
1101694,300627,SW,2024-10-15
1101695,301130,RTR,2020-02-17
1101696,300297,RTR,2020-12-22
1101697,302469,RTR,2021-07-21
1101698,300492,RTR,2020-06-12
1101699,300731,ONT,2023-05-24
1101700,301623,RTR,2024-12-11
1101701,301663,ONT,2024-12-21
1101702,300941,ONT,2018-06-06
1101703,300328,RTR,2026-01-02
1101704,300585,SW,2022-04-27
1101705,300859,SW,2025-05-14
1101706,302356,RTR,2021-04-14
1101707,300096,SW,2021-11-17
1101708,300505,RTR,2022-07-17
1101709,302229,ONT,2025-04-13
1101710,300686,ONT,2022-07-29
1101711,301365,ONT,2022-02-11
1101712,301251,ONT,2024-09-11
1101713,300096,SW,2026-04-13
1101714,301607,RTR,2019-11-01
1101715,300174,ONT,2019-02-11
1101716,300781,ONT,2018-12-06
1101717,300866,ONT,2023-10-22
1101718,302418,RTR,2024-05-03
1101719,300694,RTR,2022-12-15
1101720,300842,RTR,2021-04-18
1101721,300505,ONT,2018-08-22
1101722,300786,AP,2022-03-16
1101723,302208,ONT,2025-02-22
1101724,301873,ONT,2024-08-10
1101725,300248,RTR,2025-10-28
1101726,301463,ONT,2025-07-01
1101727,300992,ONT,2020-09-13
1101728,301149,RTR,2024-07-07
1101729,301619,RTR,2026-04-22
1101730,301492,RTR,2020-09-15
1101731,301972,RTR,2024-06-11
1101732,300833,ONT,2024-05-22
1101733,301651,RTR,2023-06-08
1101734,301778,RTR,2024-03-22
1101735,300985,ONT,2020-06-29
1101736,301976,AP,2021-03-26
1101737,300662,RTR,2020-03-26
1101738,301619,ONT,2022-03-19
1101739,300055,ONT,2020-04-09
1101740,300915,RTR,2026-02-28
1101741,300230,ONT,2018-04-26
1101742,300499,ONT,2024-03-13
1101743,302294,AP,2025-08-20
1101744,302461,AP,2022-07-08
1101745,300381,ONT,2023-06-02
1101746,300193,ONT,2018-08-29
1101747,300314,RTR,2024-10-27
1101748,302398,RTR,2018-12-05
1101749,301060,RTR,2025-04-11
1101750,301753,ONT,2024-04-07
1101751,300016,RTR,2026-04-10
1101752,301729,ONT,2025-06-23
1101753,300300,RTR,2025-04-14
1101754,301922,ONT,2022-12-10
1101755,300195,ONT,2018-12-17
1101756,301050,RTR,2020-05-08
1101757,301457,ONT,2021-08-23
1101758,300481,RTR,2020-04-29
1101759,300333,AP,2026-02-24
1101760,301969,ONT,2019-09-30
1101761,302300,SW,2020-04-28
1101762,300491,RTR,2018-03-03
1101763,301412,ONT,2025-04-17
1101764,300728,RTR,2019-03-28
1101765,301803,ONT,2026-04-23
1101766,302030,ONT,2021-02-22
1101767,300119,ONT,2019-10-27
1101768,301873,RTR,2021-06-02
1101769,300402,RTR,2025-11-01
1101770,302257,RTR,2018-07-09
1101771,302315,RTR,2020-08-15
1101772,301379,RTR,2018-09-11
1101773,302434,RTR,2021-11-25
1101774,300255,RTR,2024-08-14
1101775,302290,ONT,2022-09-05
1101776,300356,RTR,2019-06-12
1101777,301099,SW,2018-10-28
1101778,301454,RTR,2018-01-30
1101779,300312,ONT,2022-12-22
1101780,302197,RTR,2021-11-18
1101781,301691,ONT,2025-08-31
1101782,301462,SW,2019-04-06
1101783,301559,AP,2019-07-21
1101784,301136,RTR,2022-03-10
1101785,301781,SW,2023-11-20
1101786,300723,ONT,2021-06-07
1101787,301588,RTR,2020-08-28
1101788,301194,ONT,2021-09-01
1101789,300138,AP,2026-05-08
1101790,301187,RTR,2021-03-12
1101791,301077,ONT,2019-12-30
1101792,302042,RTR,2020-06-13
1101793,300594,SW,2025-06-18
1101794,301860,ONT,2022-02-26
1101795,302050,ONT,2024-07-03
1101796,301121,RTR,2020-09-22
1101797,301208,ONT,2022-09-13
1101798,300441,ONT,2019-03-30
1101799,300476,RTR,2020-05-08
1101800,301884,AP,2018-08-06
1101801,302308,RTR,2018-05-21
1101802,300298,ONT,2023-08-11
1101803,302203,ONT,2021-08-02
1101804,301777,RTR,2021-02-28
1101805,300448,ONT,2025-07-23
1101806,300787,ONT,2024-12-30
1101807,302269,ONT,2025-11-12
1101808,301292,RTR,2018-09-20
1101809,300434,RTR,2019-06-03
1101810,300474,RTR,2025-10-06
1101811,300610,RTR,2019-03-28
1101812,300614,ONT,2022-08-21
1101813,300378,ONT,2021-10-23
1101814,301199,ONT,2024-05-16
1101815,300471,RTR,2026-01-18
1101816,300992,RTR,2024-03-20
1101817,300948,ONT,2024-03-10
1101818,302348,ONT,2020-01-11
1101819,300533,AP,2023-07-06
1101820,302457,ONT,2025-11-27
1101821,302051,ONT,2022-02-08
1101822,301401,ONT,2025-05-21
1101823,300687,RTR,2018-01-31
1101824,302114,ONT,2025-12-24
1101825,300462,SW,2019-04-04
1101826,300703,ONT,2020-08-09
1101827,300316,ONT,2018-10-21
1101828,300064,ONT,2020-02-03
1101829,300633,RTR,2018-03-07
1101830,301275,SW,2023-02-16
1101831,302420,ONT,2024-11-24
1101832,300293,SW,2024-12-12
1101833,300559,ONT,2026-02-28
1101834,302264,RTR,2020-07-10
1101835,300793,RTR,2020-04-15
1101836,301743,ONT,2024-07-07
1101837,301610,ONT,2026-02-25
1101838,300790,RTR,2026-02-23
1101839,301105,RTR,2026-03-13
1101840,300234,RTR,2020-09-02
1101841,301312,ONT,2018-05-20
1101842,301068,RTR,2021-05-07
1101843,300380,AP,2018-10-18
1101844,301290,ONT,2020-01-30
1101845,301102,RTR,2022-10-21
1101846,301766,AP,2019-09-29
1101847,301176,ONT,2021-09-19
1101848,302078,ONT,2018-08-05
1101849,300831,RTR,2022-09-27
1101850,301233,RTR,2020-11-30
1101851,301646,ONT,2025-09-30
1101852,300996,RTR,2020-06-09
1101853,300086,AP,2021-04-22
1101854,302148,ONT,2019-03-18
1101855,302046,AP,2021-08-15
1101856,301460,ONT,2025-04-29
1101857,300124,AP,2020-11-06
1101858,300552,AP,2025-03-22
1101859,300160,ONT,2023-12-31
1101860,300084,SW,2018-06-05
1101861,300823,RTR,2023-05-20
1101862,301151,ONT,2023-02-09
1101863,302387,RTR,2020-06-25
1101864,301376,RTR,2019-11-20
1101865,302342,ONT,2019-11-05
1101866,302111,ONT,2025-09-13
1101867,302141,ONT,2018-08-22
1101868,301471,ONT,2025-07-20
1101869,301305,ONT,2024-02-28
1101870,301977,RTR,2019-05-03
1101871,300316,ONT,2020-09-23
1101872,300722,RTR,2025-03-12
1101873,301064,AP,2023-02-07
1101874,300103,ONT,2021-12-30
1101875,301290,RTR,2024-06-09
1101876,300071,ONT,2021-07-22
1101877,302115,RTR,2025-12-18
1101878,301130,RTR,2024-09-28
1101879,300333,ONT,2018-11-12
1101880,301444,ONT,2026-01-25
1101881,302500,ONT,2021-07-29
1101882,301627,ONT,2019-02-20
1101883,300564,RTR,2023-12-31
1101884,301258,RTR,2020-03-21
1101885,301481,ONT,2018-08-06
1101886,302126,RTR,2021-02-20
1101887,302398,AP,2019-11-16
1101888,301169,RTR,2024-01-27
1101889,302410,ONT,2018-01-03
1101890,300700,RTR,2019-03-22
1101891,301649,RTR,2021-06-07
1101892,300949,ONT,2026-05-10
1101893,302457,AP,2019-06-21
1101894,301432,RTR,2024-01-22
1101895,301285,SW,2021-05-26
1101896,302438,ONT,2025-10-27
1101897,300927,ONT,2026-02-12
1101898,301125,ONT,2025-08-20
1101899,301708,AP,2022-06-06
1101900,301216,RTR,2019-08-20
1101901,301905,RTR,2025-08-17
1101902,300334,RTR,2021-05-21
1101903,300368,ONT,2024-10-03
1101904,300895,RTR,2021-09-08
1101905,301072,RTR,2021-02-28
1101906,300623,AP,2022-12-10
1101907,300741,ONT,2025-06-06
1101908,301675,RTR,2018-10-02
1101909,300688,ONT,2024-07-10
1101910,300955,ONT,2020-09-25
1101911,302304,RTR,2021-10-22
1101912,302334,RTR,2019-07-08
1101913,301138,RTR,2022-12-21
1101914,300818,ONT,2023-12-14
1101915,300706,AP,2018-09-10
1101916,301434,SW,2020-07-09
1101917,300665,ONT,2024-04-27
1101918,302405,ONT,2024-12-03
1101919,300952,RTR,2024-07-22
1101920,301474,ONT,2022-02-27
1101921,301860,ONT,2020-09-20
1101922,301224,ONT,2022-04-14
1101923,302260,RTR,2018-12-10
1101924,300753,RTR,2023-08-03
1101925,300457,ONT,2023-11-25
1101926,302359,SW,2021-04-18
1101927,300248,SW,2026-01-02
1101928,302472,RTR,2020-04-02
1101929,301306,RTR,2023-08-23
1101930,301256,SW,2020-02-19
1101931,300853,RTR,2019-10-12
1101932,300376,RTR,2020-08-19
1101933,301669,ONT,2020-10-22
1101934,301385,ONT,2026-03-13
1101935,301745,AP,2024-01-20
1101936,301403,RTR,2020-04-07
1101937,301691,ONT,2022-04-09
1101938,300184,RTR,2020-01-26
1101939,302201,ONT,2022-02-25
1101940,300617,ONT,2019-09-22
1101941,301781,ONT,2026-01-31
1101942,300820,ONT,2022-12-24
1101943,300499,RTR,2018-11-27
1101944,302287,SW,2019-06-30
1101945,302281,ONT,2020-10-14
1101946,300444,ONT,2021-09-03
1101947,300101,RTR,2021-01-12
1101948,300609,RTR,2021-11-07
1101949,300344,ONT,2019-02-06
1101950,302311,ONT,2022-05-09
1101951,302314,ONT,2018-03-17
1101952,300699,RTR,2020-10-14
1101953,301866,ONT,2019-12-13
1101954,301071,ONT,2020-10-02
1101955,300431,ONT,2018-07-24
1101956,302137,RTR,2024-07-10
1101957,302380,ONT,2024-09-27
1101958,301482,RTR,2024-07-17
1101959,301640,ONT,2023-01-27
1101960,301101,AP,2021-04-23
1101961,300613,ONT,2024-06-08
1101962,300048,SW,2025-03-06
1101963,301813,ONT,2025-07-03
1101964,301054,RTR,2019-09-03
1101965,301331,ONT,2026-05-07
1101966,300872,ONT,2026-04-30
1101967,302405,ONT,2024-12-06
1101968,301532,ONT,2021-07-07
1101969,301721,RTR,2018-08-07
1101970,300774,ONT,2024-11-05
1101971,301408,ONT,2020-09-01
1101972,301900,ONT,2018-07-01
1101973,301571,AP,2020-05-20
1101974,301731,RTR,2019-12-31
1101975,301236,RTR,2023-04-10
1101976,301665,SW,2019-01-30
1101977,301959,AP,2021-10-04
1101978,301791,ONT,2024-11-26
1101979,300201,RTR,2021-02-02
1101980,300488,SW,2022-11-14
1101981,301068,ONT,2021-06-15
1101982,301590,RTR,2023-02-19
1101983,300940,ONT,2023-11-16
1101984,302042,ONT,2021-09-26
1101985,301513,ONT,2019-12-20
1101986,300282,ONT,2024-11-21
1101987,300548,ONT,2018-11-03
1101988,302362,RTR,2022-02-07
1101989,301680,ONT,2022-02-20
1101990,300806,RTR,2025-07-07
1101991,300161,RTR,2018-08-23
1101992,300625,ONT,2021-07-18
1101993,301793,RTR,2024-07-26
1101994,300479,ONT,2023-04-03
1101995,301236,RTR,2024-11-20
1101996,301359,RTR,2019-08-28
1101997,300858,RTR,2018-11-07
1101998,301028,RTR,2022-11-03
1101999,302258,RTR,2018-02-07
1102000,301402,ONT,2024-10-11
1102001,300525,RTR,2025-05-24
1102002,301928,ONT,2021-04-24
1102003,301341,ONT,2024-09-20
1102004,300635,RTR,2020-03-11
1102005,302013,ONT,2018-03-26
1102006,301612,RTR,2018-09-16
1102007,300954,ONT,2022-07-06
1102008,300919,RTR,2020-07-09
1102009,301219,ONT,2019-03-25
1102010,300703,AP,2020-12-28
1102011,301184,RTR,2022-08-05
1102012,301851,RTR,2024-07-14
1102013,301689,RTR,2020-07-13
1102014,301612,SW,2022-07-14
1102015,301477,AP,2022-08-31
1102016,301463,RTR,2018-12-27
1102017,300363,SW,2022-09-06
1102018,302091,RTR,2022-01-21
1102019,300546,ONT,2022-03-23
1102020,300431,ONT,2018-04-26
1102021,300650,RTR,2018-05-13
1102022,300929,ONT,2022-07-29
1102023,301504,RTR,2025-06-17
1102024,301115,ONT,2018-10-12
1102025,300265,RTR,2024-07-27
1102026,301548,ONT,2023-06-08
1102027,301123,RTR,2021-11-01
1102028,301973,SW,2020-02-05
1102029,302262,AP,2018-05-30
1102030,301164,ONT,2024-01-31
1102031,300532,ONT,2018-07-23
1102032,302436,RTR,2024-10-21
1102033,300100,ONT,2023-04-17
1102034,301058,RTR,2025-04-30
1102035,302083,ONT,2019-11-11
1102036,302433,ONT,2025-06-28
1102037,302313,RTR,2024-09-14
1102038,301366,RTR,2022-04-05
1102039,301277,ONT,2018-05-12
1102040,301242,ONT,2023-06-19
1102041,300465,RTR,2025-11-25
1102042,300065,RTR,2019-07-03
1102043,301028,RTR,2025-10-06
1102044,302416,ONT,2020-05-27
1102045,301798,SW,2018-11-26
1102046,301981,RTR,2018-07-04
1102047,300373,RTR,2020-09-11
1102048,300175,ONT,2026-01-10
1102049,300735,ONT,2023-06-03
1102050,302195,RTR,2018-10-20
1102051,301233,ONT,2024-07-07
1102052,300195,SW,2019-04-20
1102053,300600,ONT,2018-07-31
1102054,300760,SW,2020-10-26
1102055,300268,ONT,2019-10-16
1102056,300542,SW,2018-09-07
1102057,300350,RTR,2021-09-07
1102058,301363,RTR,2020-10-25
1102059,302268,ONT,2023-03-31
1102060,300363,ONT,2025-12-30
1102061,300628,ONT,2020-11-09
1102062,300791,RTR,2018-02-27
1102063,302044,AP,2019-12-03
1102064,302107,RTR,2025-07-07
1102065,301545,RTR,2019-02-19
1102066,300725,SW,2019-02-10
1102067,300044,RTR,2021-10-13
1102068,300863,RTR,2020-04-01
1102069,302496,ONT,2019-01-05
1102070,302403,ONT,2020-07-28
1102071,302350,ONT,2022-06-26
1102072,302404,SW,2026-04-24
1102073,300968,ONT,2022-09-22
1102074,300470,ONT,2018-08-19
1102075,300785,ONT,2021-10-11
1102076,301912,ONT,2021-03-18
1102077,300358,ONT,2025-02-13
1102078,300902,RTR,2023-01-28
1102079,300903,AP,2022-06-30
1102080,301112,RTR,2022-11-04
1102081,300004,ONT,2025-08-24
1102082,300861,ONT,2019-03-21
1102083,302322,ONT,2026-02-09
1102084,301544,RTR,2024-10-29
1102085,301711,SW,2023-09-12
1102086,300300,AP,2020-11-01
1102087,302064,RTR,2024-07-12
1102088,300625,RTR,2025-07-07
1102089,300249,ONT,2023-01-12
1102090,300138,AP,2021-09-11
1102091,301046,AP,2021-09-21
1102092,300245,AP,2018-03-23
1102093,300272,RTR,2020-12-01
1102094,301634,RTR,2025-07-22
1102095,302225,RTR,2018-06-19
1102096,301199,ONT,2019-09-27
1102097,300479,RTR,2018-04-20
1102098,300989,ONT,2026-03-05
1102099,300313,ONT,2018-07-04
1102100,301437,RTR,2022-12-14
1102101,301741,ONT,2021-04-30
1102102,300105,ONT,2024-08-17
1102103,301553,ONT,2019-03-16
1102104,302329,RTR,2018-08-28
1102105,301290,ONT,2024-09-18
1102106,301567,RTR,2022-08-31
1102107,300333,SW,2020-06-05
1102108,301843,ONT,2025-10-30
1102109,302203,SW,2021-09-11
1102110,300853,RTR,2023-03-26
1102111,301735,ONT,2018-06-06
1102112,300087,RTR,2019-12-01
1102113,300375,SW,2021-07-17
1102114,302197,ONT,2019-10-27
1102115,301909,ONT,2018-10-07
1102116,300722,AP,2022-07-31
1102117,301523,RTR,2022-12-20
1102118,300673,SW,2020-11-11
1102119,300769,ONT,2023-06-13
1102120,300967,ONT,2024-10-03
1102121,300997,RTR,2022-11-22
1102122,301699,ONT,2018-07-05
1102123,302278,RTR,2026-01-05
1102124,300164,ONT,2018-12-06
1102125,301420,ONT,2019-07-10
1102126,302463,RTR,2019-03-18
1102127,301079,RTR,2019-08-31
1102128,300600,RTR,2024-03-03
1102129,301117,SW,2024-10-08
1102130,301920,ONT,2024-06-17
1102131,300186,RTR,2020-05-28
1102132,301955,ONT,2018-07-11
1102133,302388,RTR,2020-02-12
1102134,301739,RTR,2020-04-10
1102135,301003,ONT,2019-02-16
1102136,302357,ONT,2023-03-01
1102137,301516,RTR,2026-05-19
1102138,300612,RTR,2018-10-15
1102139,300359,ONT,2025-06-18
1102140,302294,ONT,2025-12-14
1102141,302102,ONT,2022-03-11
1102142,302086,RTR,2025-07-11
1102143,301562,SW,2020-04-03
1102144,300581,AP,2024-11-28
1102145,301783,AP,2025-08-05
1102146,300415,ONT,2019-01-01
1102147,300420,RTR,2023-07-11
1102148,301869,SW,2019-10-08
1102149,300612,ONT,2021-03-28
1102150,301562,RTR,2020-07-02
1102151,300938,SW,2021-08-23
1102152,301147,AP,2026-05-11
1102153,300718,ONT,2020-02-25
1102154,302035,RTR,2020-02-20
1102155,302208,RTR,2020-06-29
1102156,300146,SW,2020-06-17
1102157,300471,SW,2025-02-11
1102158,301168,ONT,2021-06-30
1102159,300490,ONT,2025-05-21
1102160,301712,RTR,2025-04-26
1102161,301439,ONT,2023-09-13
1102162,301525,ONT,2019-04-27
1102163,300040,RTR,2024-07-18
1102164,301041,AP,2024-07-26
1102165,302472,SW,2019-12-07
1102166,300882,RTR,2020-03-16
1102167,302238,AP,2019-12-22
1102168,301821,ONT,2025-01-24
1102169,300216,SW,2022-05-08
1102170,301519,RTR,2023-02-15
1102171,301722,RTR,2021-08-23
1102172,300822,RTR,2025-07-29
1102173,301782,ONT,2021-06-27
1102174,300075,RTR,2023-11-29
1102175,300265,RTR,2019-01-13
1102176,300169,RTR,2023-02-03
1102177,301067,SW,2022-10-17
1102178,301920,ONT,2020-10-14
1102179,301919,AP,2021-10-20
1102180,301045,RTR,2026-01-04
1102181,302092,ONT,2021-03-18
1102182,301387,ONT,2026-05-08
1102183,301759,AP,2022-09-21
1102184,300998,ONT,2024-03-29
1102185,301240,ONT,2019-04-25
1102186,301939,RTR,2022-07-01
1102187,300665,ONT,2024-11-01
1102188,300667,RTR,2025-05-24
1102189,301432,ONT,2018-10-27
1102190,300218,RTR,2025-06-02
1102191,300217,AP,2018-12-31
1102192,301302,ONT,2021-03-28
1102193,302165,ONT,2020-10-19
1102194,301353,ONT,2026-05-23
1102195,301049,ONT,2021-07-18
1102196,301135,ONT,2021-04-04
1102197,301974,RTR,2021-12-25
1102198,301762,ONT,2019-11-22
1102199,300562,SW,2020-08-17
1102200,300770,SW,2023-06-30
1102201,302332,ONT,2023-06-09
1102202,301373,ONT,2023-06-15
1102203,300879,ONT,2025-05-14
1102204,301080,RTR,2024-05-30
1102205,302172,ONT,2024-11-26
1102206,301777,RTR,2024-03-01
1102207,302144,ONT,2021-08-30
1102208,301297,SW,2023-01-07
1102209,302101,ONT,2023-09-18
1102210,301223,RTR,2025-11-22
1102211,301837,RTR,2019-08-18
1102212,300735,RTR,2025-10-20
1102213,301740,ONT,2023-06-15
1102214,300912,ONT,2025-01-03
1102215,300347,RTR,2022-04-21
1102216,301860,RTR,2023-04-30
1102217,302283,ONT,2025-06-18
1102218,300289,RTR,2020-03-08
1102219,301480,RTR,2025-08-28
1102220,300223,ONT,2026-04-01
1102221,301904,ONT,2021-01-21
1102222,301601,RTR,2025-12-12
1102223,301194,AP,2026-02-26
1102224,301784,SW,2020-10-26
1102225,302019,ONT,2021-06-26
1102226,300358,ONT,2019-09-15
1102227,302012,ONT,2024-07-29
1102228,300329,ONT,2020-05-05
1102229,301234,ONT,2020-12-07
1102230,302016,ONT,2022-08-26
1102231,301717,RTR,2023-06-04
1102232,300050,RTR,2018-08-14
1102233,301879,ONT,2025-11-22
1102234,301618,RTR,2025-10-16
1102235,300936,RTR,2019-04-05
1102236,301452,ONT,2021-03-12
1102237,300108,RTR,2018-09-05
1102238,301420,RTR,2018-06-23
1102239,301969,RTR,2020-11-27
1102240,301331,ONT,2018-04-21
1102241,301011,RTR,2020-07-01
1102242,300817,ONT,2022-01-13
1102243,300811,ONT,2023-09-28
1102244,300463,AP,2023-05-25
1102245,302477,ONT,2019-01-25
1102246,300940,RTR,2024-03-01
1102247,302500,AP,2025-04-16
1102248,300370,ONT,2022-04-26
1102249,302468,ONT,2019-09-28
1102250,300575,RTR,2022-02-27
1102251,300727,AP,2020-12-11
1102252,301820,ONT,2018-03-26
1102253,301347,RTR,2023-06-25
1102254,301348,RTR,2018-01-01
1102255,301050,RTR,2022-12-15
1102256,301781,SW,2019-07-10
1102257,301741,ONT,2019-12-16
1102258,300070,RTR,2023-07-24
1102259,300014,ONT,2018-10-31
1102260,301155,RTR,2026-02-22
1102261,300255,RTR,2020-06-18
1102262,301873,ONT,2018-11-16
1102263,301997,ONT,2018-10-08
1102264,301909,ONT,2024-07-02
1102265,302445,SW,2025-10-12
1102266,300898,ONT,2023-08-17
1102267,300522,SW,2018-04-18
1102268,300413,ONT,2021-10-21
1102269,302192,RTR,2018-11-14
1102270,302271,SW,2021-03-10
1102271,302427,ONT,2018-04-24
1102272,301672,ONT,2018-08-11
1102273,302424,SW,2024-08-01
1102274,300799,RTR,2021-02-02
1102275,301215,RTR,2024-06-26
1102276,302285,ONT,2023-08-05
1102277,301185,ONT,2022-09-18
1102278,300943,RTR,2024-07-03
1102279,301524,RTR,2023-11-28
1102280,301225,SW,2018-07-16
1102281,302229,RTR,2025-09-15
1102282,301158,SW,2021-05-10
1102283,300099,RTR,2019-12-22
1102284,301524,RTR,2023-08-16
1102285,300131,SW,2022-04-10
1102286,300460,RTR,2019-08-30
1102287,301961,ONT,2018-04-11
1102288,301633,ONT,2022-06-29
1102289,302397,RTR,2019-07-25
1102290,301536,RTR,2023-11-22
1102291,301597,ONT,2019-12-28
1102292,300390,RTR,2018-04-21
1102293,301167,AP,2019-11-18
1102294,301892,AP,2024-01-16
1102295,300788,RTR,2018-03-20
1102296,302175,RTR,2020-03-10
1102297,301340,RTR,2021-01-04
1102298,300193,AP,2020-05-08
1102299,301483,SW,2019-07-25
1102300,300852,RTR,2020-08-16
1102301,301631,SW,2023-03-24
1102302,302314,ONT,2026-05-29
1102303,301747,ONT,2018-02-13
1102304,301070,ONT,2023-04-24
1102305,301026,AP,2021-10-31
1102306,301693,RTR,2021-04-30
1102307,301108,RTR,2022-06-27
1102308,300641,ONT,2018-11-17
1102309,300994,RTR,2021-02-06
1102310,301325,ONT,2020-03-30
1102311,301589,ONT,2022-07-27
1102312,300197,AP,2025-09-25
1102313,300661,RTR,2023-11-03
1102314,300971,SW,2021-02-04
1102315,300977,ONT,2025-08-27
1102316,301557,ONT,2024-06-22
1102317,301506,SW,2019-12-27
1102318,300930,RTR,2024-06-06
1102319,301904,RTR,2024-01-15
1102320,302391,ONT,2019-07-18
1102321,300560,ONT,2020-03-19
1102322,301913,ONT,2023-02-16
1102323,301059,ONT,2024-02-29
1102324,301042,ONT,2021-01-12
1102325,301042,ONT,2018-11-12
1102326,301184,RTR,2024-03-23
1102327,300007,AP,2025-02-17
1102328,300335,ONT,2026-05-13
1102329,302250,SW,2025-10-27
1102330,300483,RTR,2020-06-21
1102331,300025,RTR,2026-01-31
1102332,301431,AP,2019-12-17
1102333,301960,ONT,2019-04-26
1102334,302043,ONT,2023-04-05
1102335,302438,AP,2026-01-26
1102336,301933,RTR,2025-01-23
1102337,300548,ONT,2026-05-29
1102338,300227,AP,2022-06-27
1102339,300213,ONT,2020-08-03
1102340,302378,ONT,2026-04-05
1102341,302323,RTR,2025-03-27
1102342,300050,ONT,2021-02-13
1102343,301403,RTR,2018-07-15
1102344,300926,ONT,2020-05-11
1102345,301940,RTR,2022-07-17
1102346,300339,SW,2018-10-27
1102347,301924,RTR,2018-12-21
1102348,302452,ONT,2024-05-10
1102349,302476,RTR,2020-09-05
1102350,301249,ONT,2019-01-02
1102351,301771,ONT,2025-11-05
1102352,301925,RTR,2018-01-26
1102353,301226,RTR,2024-06-27
1102354,302223,ONT,2020-06-10
1102355,300686,RTR,2023-07-06
1102356,302372,ONT,2018-04-30
1102357,301866,ONT,2023-04-27
1102358,301705,SW,2024-03-09
1102359,301105,ONT,2019-04-08
1102360,301146,ONT,2022-06-25
1102361,301238,SW,2018-01-17
1102362,300780,RTR,2023-10-10
1102363,300549,ONT,2022-12-08
1102364,302484,ONT,2018-10-17
1102365,300777,ONT,2025-02-24
1102366,300159,ONT,2019-06-06
1102367,301331,ONT,2019-03-23
1102368,302423,RTR,2025-09-12
1102369,302100,RTR,2018-09-13
1102370,301760,ONT,2020-06-30
1102371,301108,RTR,2022-11-24
1102372,301180,RTR,2023-01-14
1102373,300556,RTR,2024-08-29
1102374,300623,ONT,2020-10-06
1102375,301302,ONT,2022-10-15
1102376,301389,ONT,2024-01-26
1102377,301849,RTR,2022-12-20
1102378,301900,ONT,2019-09-03
1102379,302449,SW,2025-07-14
1102380,302322,RTR,2019-06-06
1102381,300608,SW,2023-05-18
1102382,300969,RTR,2020-10-28
1102383,300503,SW,2023-05-27
1102384,300275,ONT,2020-08-25
1102385,301592,ONT,2018-12-21
1102386,301608,ONT,2023-10-15
1102387,300251,RTR,2018-10-30
1102388,300884,ONT,2023-08-20
1102389,300915,ONT,2024-04-18
1102390,301325,ONT,2021-04-10
1102391,302013,ONT,2022-12-10
1102392,300738,ONT,2025-05-21
1102393,302307,ONT,2018-08-29
1102394,302084,RTR,2025-08-26
1102395,302453,ONT,2018-05-14
1102396,301656,RTR,2022-11-26
1102397,300904,ONT,2020-08-26
1102398,302474,RTR,2022-08-16
1102399,302027,RTR,2019-09-04
1102400,301331,ONT,2022-12-28
1102401,300190,ONT,2025-09-29
1102402,300234,ONT,2019-02-02
1102403,301580,SW,2024-04-20
1102404,300334,ONT,2021-08-15
1102405,300807,ONT,2022-09-14
1102406,300821,RTR,2026-05-24
1102407,301905,ONT,2025-04-30
1102408,300596,ONT,2022-09-04
1102409,301549,ONT,2024-11-28
1102410,300204,AP,2023-12-09
1102411,300262,ONT,2023-05-31
1102412,302194,ONT,2024-08-07
1102413,300519,RTR,2025-12-13
1102414,300959,ONT,2026-02-23
1102415,301435,RTR,2025-03-06
1102416,301902,ONT,2023-01-30
1102417,301489,ONT,2023-03-27
1102418,301457,ONT,2023-11-09
1102419,300738,AP,2025-03-21
1102420,302179,RTR,2025-11-02
1102421,301135,SW,2022-04-11
1102422,300923,ONT,2023-04-01
1102423,301005,ONT,2021-09-21
1102424,301548,RTR,2022-04-18
1102425,302007,RTR,2024-05-28
1102426,302106,RTR,2018-11-26
1102427,300179,ONT,2018-09-15
1102428,302394,ONT,2019-02-10
1102429,301669,ONT,2020-11-26
1102430,302144,ONT,2023-11-23
1102431,300540,RTR,2018-04-10
1102432,300131,ONT,2018-05-15
1102433,302350,ONT,2019-01-10
1102434,301094,RTR,2022-11-19
1102435,300610,RTR,2020-12-02
1102436,301285,ONT,2021-09-03
1102437,300620,ONT,2018-03-22
1102438,300232,ONT,2018-09-01
1102439,300998,RTR,2018-10-23
1102440,300482,RTR,2022-02-09
1102441,302255,ONT,2026-04-26
1102442,301712,ONT,2021-03-25
1102443,300932,ONT,2019-09-06
1102444,301401,RTR,2019-12-13
1102445,301757,RTR,2025-08-29
1102446,301676,RTR,2026-04-28
1102447,300690,AP,2018-04-04
1102448,300218,AP,2021-03-09
1102449,300602,RTR,2024-05-05
1102450,302018,ONT,2026-01-02
1102451,300333,ONT,2018-03-02
1102452,300563,RTR,2020-10-31
1102453,301255,RTR,2019-08-30
1102454,300857,RTR,2022-02-08
1102455,301670,RTR,2021-05-08
1102456,300759,RTR,2019-12-15
1102457,300852,SW,2018-09-27
1102458,301746,ONT,2019-02-25
1102459,301079,RTR,2020-11-14
1102460,301560,ONT,2020-10-15
1102461,302284,RTR,2018-05-27
1102462,302322,RTR,2021-04-25
1102463,302338,AP,2021-08-19
1102464,300988,RTR,2024-02-15
1102465,301517,RTR,2024-01-06
1102466,301320,SW,2019-11-08
1102467,302125,ONT,2020-01-15
1102468,301311,ONT,2019-02-01
1102469,301316,ONT,2024-12-12
1102470,301189,RTR,2021-06-06
1102471,301971,SW,2022-05-28
1102472,302241,RTR,2019-03-10
1102473,301478,RTR,2019-12-14
1102474,302036,ONT,2023-10-30
1102475,300504,ONT,2019-02-19
1102476,300934,AP,2020-12-20
1102477,301707,RTR,2023-07-18
1102478,301893,RTR,2020-09-17
1102479,302301,RTR,2023-10-18
1102480,300252,RTR,2020-01-13
1102481,301944,SW,2021-11-10
1102482,302048,ONT,2022-05-11
1102483,302110,RTR,2020-06-15
1102484,300818,SW,2022-02-07
1102485,300995,ONT,2018-09-10
1102486,301065,SW,2020-12-08
1102487,300109,ONT,2024-04-27
1102488,301474,ONT,2023-11-09
1102489,300513,ONT,2021-05-28
1102490,300757,ONT,2022-06-04
1102491,301889,SW,2021-04-01
1102492,302492,ONT,2020-02-13
1102493,300641,RTR,2019-11-05
1102494,301759,SW,2018-12-05
1102495,301394,RTR,2024-10-08
1102496,300233,RTR,2021-03-19
1102497,301323,RTR,2024-12-07
1102498,300296,ONT,2025-11-27
1102499,301880,ONT,2018-05-23
1102500,302449,ONT,2021-05-13
1102501,301304,ONT,2023-09-07
1102502,300311,RTR,2021-04-17
1102503,301435,RTR,2024-03-26
1102504,301882,ONT,2020-11-29
1102505,302207,RTR,2020-01-11
1102506,300835,RTR,2021-08-08
1102507,301501,AP,2021-02-10
1102508,301601,SW,2023-05-24
1102509,301071,ONT,2022-11-24
1102510,300448,RTR,2020-10-30
1102511,301920,ONT,2021-02-06
1102512,300177,ONT,2022-12-28
1102513,300085,RTR,2021-12-31
1102514,300319,ONT,2023-03-20
1102515,300333,ONT,2018-03-10
1102516,300247,RTR,2021-08-29
1102517,300160,ONT,2022-06-27
1102518,301533,ONT,2022-08-27
1102519,300038,ONT,2025-11-06
1102520,300928,SW,2021-02-13
1102521,300127,ONT,2019-07-02
1102522,300364,RTR,2023-01-05
1102523,302205,RTR,2022-06-11
1102524,301270,ONT,2024-11-15
1102525,302211,ONT,2020-03-07
1102526,300107,RTR,2022-11-18
1102527,302461,RTR,2021-07-14
1102528,301331,RTR,2025-12-15
1102529,301514,SW,2021-05-01
1102530,300081,RTR,2020-05-25
1102531,301304,ONT,2023-05-12
1102532,301827,RTR,2024-06-21
1102533,302208,RTR,2019-07-14
1102534,301423,ONT,2024-05-18
1102535,301255,ONT,2026-01-05
1102536,301168,ONT,2021-01-21
1102537,300411,RTR,2022-06-16
1102538,301575,RTR,2019-07-09
1102539,302049,ONT,2020-09-30
1102540,302103,RTR,2021-01-02
1102541,301087,SW,2018-01-28
1102542,301067,RTR,2023-04-05
1102543,302233,SW,2018-06-18
1102544,302029,ONT,2023-04-16
1102545,301097,RTR,2021-02-16
1102546,300829,RTR,2019-05-24
1102547,302283,RTR,2021-06-04
1102548,300825,ONT,2018-08-31
1102549,300170,SW,2022-08-03
1102550,301253,SW,2023-08-23
1102551,300232,RTR,2020-02-12
1102552,301782,ONT,2022-07-12
1102553,302498,ONT,2021-08-23
1102554,301704,RTR,2022-12-03
1102555,301241,RTR,2018-02-12
1102556,300262,ONT,2023-12-06
1102557,300738,ONT,2024-04-19
1102558,300704,RTR,2021-09-25
1102559,301472,RTR,2018-10-24
1102560,300404,AP,2026-01-28
1102561,300312,RTR,2018-03-03
1102562,301050,RTR,2024-07-17
1102563,302103,ONT,2022-09-20
1102564,300872,ONT,2019-10-10
1102565,300463,ONT,2022-04-29
1102566,300509,RTR,2018-02-01
1102567,301971,ONT,2023-05-30
1102568,301438,RTR,2021-11-14
1102569,300289,ONT,2024-04-30
1102570,302217,RTR,2023-03-26
1102571,300146,AP,2022-05-09
1102572,301188,ONT,2023-09-09
1102573,301812,ONT,2022-05-05
1102574,301314,ONT,2023-08-19
1102575,300497,RTR,2025-09-05
1102576,300417,ONT,2019-04-02
1102577,302178,ONT,2020-05-22
1102578,301954,SW,2019-01-11
1102579,302193,ONT,2026-05-27
1102580,302310,AP,2019-05-03
1102581,301996,ONT,2020-10-26
1102582,300966,ONT,2018-08-16
1102583,301365,RTR,2019-12-19
1102584,300337,RTR,2019-05-09
1102585,301777,SW,2025-03-19
1102586,300194,RTR,2019-07-05
1102587,301738,ONT,2018-09-26
1102588,302437,ONT,2018-01-14
1102589,301259,RTR,2025-02-06
1102590,300658,ONT,2018-03-17
1102591,302313,SW,2022-12-12
1102592,300965,SW,2022-09-21
1102593,301776,ONT,2021-05-09
1102594,302244,ONT,2019-12-14
1102595,301415,RTR,2020-12-23
1102596,301187,ONT,2024-04-25
1102597,302358,ONT,2021-04-07
1102598,301380,RTR,2018-12-19
1102599,302094,SW,2026-02-10
1102600,300695,RTR,2022-07-17
1102601,302131,RTR,2019-12-01
1102602,302327,RTR,2019-06-23
1102603,301605,SW,2019-07-07
1102604,300173,RTR,2018-08-31
1102605,301431,ONT,2023-02-24
1102606,301544,RTR,2021-12-12
1102607,301165,AP,2024-05-14
1102608,300091,SW,2019-03-15
1102609,300328,RTR,2023-05-01
1102610,301490,RTR,2018-08-26
1102611,301507,ONT,2020-12-20
1102612,301430,RTR,2022-07-28
1102613,301712,RTR,2018-11-26
1102614,300513,AP,2018-10-04
1102615,301011,ONT,2019-05-02
1102616,300292,RTR,2021-02-14
1102617,301357,RTR,2026-03-02
1102618,300345,RTR,2023-02-13
1102619,302350,ONT,2019-09-09
1102620,302443,ONT,2024-05-14
1102621,301379,SW,2018-06-25
1102622,301507,ONT,2020-11-30
1102623,300007,SW,2026-03-04
1102624,300179,ONT,2025-05-26
1102625,301149,RTR,2020-06-30
1102626,300111,RTR,2020-01-27
1102627,301648,AP,2025-11-28
1102628,301717,ONT,2022-07-05
1102629,301113,RTR,2024-04-17
1102630,301308,ONT,2025-10-21
1102631,300042,ONT,2025-01-16
1102632,301330,ONT,2023-08-13
1102633,301871,RTR,2018-01-26
1102634,300452,ONT,2022-04-22
1102635,301572,ONT,2019-02-02
1102636,300486,RTR,2026-03-15
1102637,301823,RTR,2023-07-14
1102638,300717,ONT,2019-05-25
1102639,302331,RTR,2020-05-06
1102640,302361,RTR,2024-06-22
1102641,300902,ONT,2023-04-21
1102642,300487,ONT,2018-12-22
1102643,301472,RTR,2025-04-18
1102644,300532,RTR,2025-09-30
1102645,302436,RTR,2018-10-12
1102646,301364,RTR,2022-04-08
1102647,300178,AP,2021-02-17
1102648,300144,RTR,2023-04-21
1102649,301784,RTR,2023-05-13
1102650,302076,ONT,2018-01-19
1102651,302301,RTR,2021-09-24
1102652,300094,RTR,2025-06-22
1102653,300630,ONT,2022-09-21
1102654,301744,ONT,2023-02-10
1102655,302271,ONT,2019-05-04
1102656,301631,ONT,2019-07-07
1102657,300391,RTR,2026-01-05
1102658,300016,ONT,2022-12-06
1102659,302440,RTR,2018-02-03
1102660,301085,ONT,2023-01-09
1102661,301089,ONT,2025-08-19
1102662,301145,ONT,2025-07-26
1102663,300494,ONT,2026-01-25
1102664,302168,RTR,2025-06-11
1102665,301782,ONT,2023-08-08
1102666,301565,SW,2022-11-17
1102667,301717,ONT,2025-09-03
1102668,301384,ONT,2020-09-10
1102669,301252,RTR,2021-07-11
1102670,300048,SW,2020-03-29
1102671,300804,AP,2021-05-16
1102672,300450,ONT,2019-04-03
1102673,301948,RTR,2021-10-21
1102674,300050,SW,2021-04-01
1102675,301761,RTR,2022-03-06
1102676,300140,SW,2020-06-14
1102677,301008,ONT,2021-01-26
1102678,301102,AP,2023-09-12
1102679,300584,ONT,2021-08-23
1102680,300717,RTR,2022-04-13
1102681,301721,RTR,2023-05-23
1102682,301858,ONT,2023-10-07
1102683,300080,RTR,2019-06-19
1102684,300121,AP,2025-12-08
1102685,302362,ONT,2021-01-24
1102686,301919,RTR,2022-08-25
1102687,301139,ONT,2018-08-21
1102688,301296,ONT,2025-10-31
1102689,301278,RTR,2024-06-23
1102690,302374,ONT,2018-11-17
1102691,301372,RTR,2021-04-28
1102692,300034,RTR,2019-03-26
1102693,300040,RTR,2021-06-02
1102694,302488,RTR,2024-07-30
1102695,300129,RTR,2021-07-10
1102696,301898,ONT,2019-06-28
1102697,300890,ONT,2020-06-20
1102698,301900,ONT,2020-04-25
1102699,300892,ONT,2026-05-30
1102700,300367,ONT,2023-03-05
1102701,302392,ONT,2023-01-29
1102702,301979,RTR,2024-09-18
1102703,300590,AP,2023-01-09
1102704,301002,RTR,2023-01-31
1102705,301310,RTR,2023-04-01
1102706,300308,ONT,2022-04-29
1102707,301039,ONT,2024-06-27
1102708,301536,ONT,2022-05-23
1102709,302114,ONT,2024-02-22
1102710,302113,AP,2022-04-05
1102711,300869,RTR,2018-05-19
1102712,301480,RTR,2018-10-17
1102713,302279,ONT,2018-11-01
1102714,302243,AP,2024-10-23
1102715,300421,RTR,2024-07-23
1102716,302200,RTR,2022-08-31
1102717,302233,ONT,2020-01-11
1102718,301636,ONT,2019-09-25
1102719,301202,ONT,2024-04-29
1102720,302021,RTR,2024-07-03
1102721,301013,RTR,2020-04-21
1102722,302036,ONT,2025-09-01
1102723,300585,RTR,2024-09-12
1102724,300005,RTR,2024-03-28
1102725,302000,ONT,2018-11-04
1102726,301925,ONT,2021-12-20
1102727,302354,RTR,2023-08-05
1102728,300119,RTR,2023-11-23
1102729,301384,ONT,2025-03-18
1102730,301913,ONT,2022-09-01
1102731,301210,RTR,2019-12-02
1102732,302439,SW,2022-12-28
1102733,302291,ONT,2021-02-21
1102734,302072,AP,2022-06-10
1102735,302169,ONT,2023-05-04
1102736,302031,RTR,2020-01-28
1102737,301704,RTR,2023-12-27
1102738,302318,AP,2020-03-17
1102739,301646,SW,2019-01-07
1102740,301254,ONT,2026-02-13
1102741,300947,RTR,2023-07-27
1102742,301930,ONT,2019-12-29
1102743,300049,ONT,2019-08-01
1102744,301795,RTR,2024-03-07
1102745,302294,RTR,2018-01-24
1102746,302254,ONT,2021-01-03
1102747,301683,ONT,2018-10-04
1102748,300860,RTR,2024-01-12
1102749,301160,ONT,2020-04-06
1102750,301431,RTR,2025-07-20
1102751,302382,RTR,2020-09-30
1102752,302267,AP,2023-06-17
1102753,300412,ONT,2020-04-05
1102754,300131,RTR,2020-07-24
1102755,302066,ONT,2025-07-29
1102756,302213,ONT,2024-02-04
1102757,300452,RTR,2020-10-22
1102758,302292,SW,2025-12-29
1102759,301994,RTR,2025-12-12
1102760,302299,SW,2022-11-08
1102761,300850,ONT,2023-03-30
1102762,301718,AP,2026-05-11
1102763,301507,ONT,2024-01-25
1102764,301054,RTR,2021-12-24
1102765,301801,ONT,2022-09-09
1102766,302140,ONT,2018-07-11
1102767,300074,SW,2022-09-05
1102768,301488,RTR,2018-05-11
1102769,300244,RTR,2023-12-29
1102770,300074,ONT,2024-10-11
1102771,301809,ONT,2021-02-27
1102772,302357,ONT,2018-07-02
1102773,301385,RTR,2023-02-14
1102774,301504,RTR,2025-09-26
1102775,302195,RTR,2021-09-17
1102776,300198,ONT,2023-11-05
1102777,302028,ONT,2025-04-24
1102778,302087,RTR,2024-01-10
1102779,301274,ONT,2021-02-03
1102780,300456,RTR,2019-03-07
1102781,300120,RTR,2025-10-02
1102782,302243,ONT,2020-07-16
1102783,300055,RTR,2023-04-24
1102784,301345,ONT,2024-01-02
1102785,301573,RTR,2018-08-07
1102786,300040,RTR,2025-03-27
1102787,302072,RTR,2023-02-15
1102788,302347,RTR,2019-01-26
1102789,300637,RTR,2022-09-30
1102790,302166,RTR,2024-05-24
1102791,301776,RTR,2018-08-15
1102792,300425,SW,2022-09-05
1102793,301344,AP,2025-09-27
1102794,302409,RTR,2023-12-20
1102795,301486,ONT,2021-09-09
1102796,301844,ONT,2023-06-05
1102797,302242,ONT,2021-03-23
1102798,301179,ONT,2024-04-12
1102799,302239,ONT,2020-02-22
1102800,302318,ONT,2020-02-04
1102801,301645,ONT,2019-08-28
1102802,300526,RTR,2026-05-15
1102803,300632,RTR,2024-09-10
1102804,301901,RTR,2024-07-19
1102805,301986,RTR,2024-04-09
1102806,301446,RTR,2023-05-20
1102807,301956,SW,2021-04-27
1102808,300958,ONT,2022-11-24
1102809,301412,RTR,2018-11-11
1102810,300519,RTR,2023-02-05
1102811,300747,ONT,2026-05-05
1102812,301091,ONT,2024-04-24
1102813,301765,RTR,2021-09-23
1102814,300611,RTR,2019-02-03
1102815,301840,ONT,2023-08-14
1102816,300606,RTR,2020-11-04
1102817,301924,ONT,2019-01-23
1102818,300736,ONT,2021-12-31
1102819,302250,ONT,2022-12-24
1102820,302446,RTR,2024-06-09
1102821,302494,RTR,2024-10-15
1102822,301841,SW,2020-04-09
1102823,300143,RTR,2024-06-13
1102824,301793,ONT,2020-10-25
1102825,300277,RTR,2023-03-02
1102826,301041,RTR,2018-01-27
1102827,302299,RTR,2020-06-18
1102828,302366,RTR,2024-07-11
1102829,301101,ONT,2024-01-20
1102830,302223,SW,2022-08-19
1102831,301851,ONT,2024-01-22
1102832,300797,AP,2024-11-02
1102833,300268,RTR,2021-03-13
1102834,301802,RTR,2026-02-28
1102835,301186,RTR,2021-02-15
1102836,301307,AP,2025-12-27
1102837,300184,RTR,2018-06-11
1102838,301392,ONT,2023-07-18
1102839,302376,RTR,2022-11-14
1102840,302346,RTR,2022-11-11
1102841,300129,ONT,2023-11-16
1102842,301377,ONT,2021-10-30
1102843,300052,SW,2022-09-18
1102844,301550,ONT,2024-12-20
1102845,302212,ONT,2022-03-22
1102846,301281,ONT,2019-03-06
1102847,300914,ONT,2024-11-17
1102848,301993,ONT,2021-05-03
1102849,301723,RTR,2019-01-27
1102850,300535,ONT,2023-07-16
1102851,302376,ONT,2022-09-02
1102852,300729,RTR,2018-06-07
1102853,300615,RTR,2021-07-01
1102854,300640,RTR,2021-06-01
1102855,300723,ONT,2024-01-30
1102856,300221,ONT,2024-05-27
1102857,301213,RTR,2025-04-18
1102858,302002,ONT,2020-06-03
1102859,301870,RTR,2023-01-21
1102860,301813,RTR,2018-05-01
1102861,300791,RTR,2023-11-29
1102862,302131,ONT,2023-04-05
1102863,302392,ONT,2021-01-24
1102864,302143,ONT,2025-11-14
1102865,300029,RTR,2019-12-01
1102866,300049,AP,2023-09-06
1102867,301679,RTR,2019-08-26
1102868,301614,RTR,2020-11-17
1102869,302474,RTR,2022-11-16
1102870,301670,ONT,2021-10-27
1102871,300838,RTR,2026-02-03
1102872,301556,SW,2021-12-09
1102873,302465,RTR,2022-04-13
1102874,301905,ONT,2024-03-23
1102875,300654,ONT,2019-08-08
1102876,302336,RTR,2019-08-12
1102877,300310,RTR,2021-02-13
1102878,302057,ONT,2022-08-11
1102879,302037,RTR,2018-08-31
1102880,302290,RTR,2026-04-29
1102881,302097,ONT,2018-06-16
1102882,301129,ONT,2020-04-21
1102883,301077,RTR,2024-04-21
1102884,300538,RTR,2024-10-12
1102885,300765,RTR,2024-10-07
1102886,301071,ONT,2022-08-17
1102887,302360,RTR,2021-02-08
1102888,301622,ONT,2021-05-13
1102889,300356,ONT,2020-10-17
1102890,300419,ONT,2023-04-02
1102891,301503,AP,2025-01-16
1102892,300321,ONT,2018-01-06
1102893,300428,AP,2025-08-27
1102894,302086,SW,2023-05-23
1102895,302069,RTR,2023-01-09
1102896,301436,ONT,2023-11-21
1102897,302313,RTR,2025-07-20
1102898,301123,RTR,2024-08-07
1102899,302232,ONT,2021-04-14
1102900,302150,ONT,2025-05-28
1102901,302411,ONT,2020-02-04
1102902,300502,ONT,2024-10-09
1102903,301525,AP,2019-01-04
1102904,301975,ONT,2025-12-05
1102905,301666,ONT,2020-10-07
1102906,300731,ONT,2022-04-03
1102907,301911,ONT,2025-11-03
1102908,301946,SW,2025-02-18
1102909,302121,ONT,2022-03-14
1102910,302344,RTR,2021-04-09
1102911,301580,RTR,2019-07-27
1102912,300156,RTR,2023-07-20
1102913,302392,ONT,2018-03-25
1102914,301401,ONT,2025-04-09
1102915,300868,SW,2020-07-04
1102916,300777,RTR,2021-07-02
1102917,301847,ONT,2025-12-04
1102918,302208,ONT,2023-10-13
1102919,301548,RTR,2023-05-29
1102920,301086,AP,2021-10-31
1102921,302319,ONT,2024-08-08
1102922,302338,RTR,2021-12-18
1102923,300637,SW,2022-04-02
1102924,302160,ONT,2020-03-09
1102925,301014,RTR,2021-03-26
1102926,300119,RTR,2023-07-13
1102927,300980,ONT,2020-05-11
1102928,300465,RTR,2019-07-17
1102929,300104,ONT,2021-02-25
1102930,301528,RTR,2019-08-06
1102931,300834,ONT,2020-03-28
1102932,302445,ONT,2023-04-26
1102933,300955,RTR,2018-03-01
1102934,300959,RTR,2020-04-10
1102935,301339,ONT,2025-07-19
1102936,302400,RTR,2022-08-06
1102937,301924,ONT,2018-11-20
1102938,302091,RTR,2020-09-22
1102939,300002,ONT,2019-05-03
1102940,300707,RTR,2021-12-06
1102941,301874,SW,2023-01-20
1102942,302156,ONT,2024-07-24
1102943,301541,RTR,2022-11-23
1102944,300956,AP,2019-08-02
1102945,301013,ONT,2025-12-21
1102946,300131,ONT,2023-02-17
1102947,300929,SW,2022-03-14
1102948,302031,RTR,2024-04-09
1102949,301748,ONT,2022-06-17
1102950,300459,ONT,2021-04-06
1102951,301739,ONT,2019-09-21
1102952,301662,ONT,2025-09-28
1102953,301430,RTR,2021-09-26
1102954,300862,RTR,2018-11-21
1102955,301110,SW,2024-07-02
1102956,301620,RTR,2019-04-27
1102957,301623,RTR,2021-03-09
1102958,302302,SW,2020-11-28
1102959,300344,ONT,2021-08-05
1102960,300825,ONT,2022-07-31
1102961,302211,RTR,2025-10-27
1102962,301279,SW,2021-05-13
1102963,301715,SW,2025-09-12
1102964,300778,RTR,2025-11-08
1102965,300575,RTR,2023-09-20
1102966,302300,ONT,2018-09-10
1102967,300902,ONT,2024-09-01
1102968,300937,ONT,2024-02-17
1102969,300623,RTR,2021-01-08
1102970,301830,ONT,2022-08-20
1102971,302362,RTR,2020-10-30
1102972,300571,SW,2024-09-09
1102973,300668,ONT,2022-12-20
1102974,300183,RTR,2020-11-24
1102975,300924,RTR,2026-02-13
1102976,301229,ONT,2019-06-22
1102977,301946,RTR,2022-07-30
1102978,302121,ONT,2019-08-02
1102979,301255,ONT,2023-12-21
1102980,302186,ONT,2024-08-22
1102981,300050,ONT,2024-01-25
1102982,301559,RTR,2018-07-27
1102983,302186,RTR,2022-12-01
1102984,301091,ONT,2025-12-31
1102985,302331,RTR,2021-07-17
1102986,302392,AP,2019-06-23
1102987,301877,ONT,2022-02-01
1102988,301705,RTR,2023-02-21
1102989,301836,ONT,2023-12-23
1102990,301978,RTR,2020-08-07
1102991,300541,RTR,2018-07-16
1102992,302185,AP,2023-05-29
1102993,300484,ONT,2024-10-09
1102994,300280,RTR,2025-05-08
1102995,301647,RTR,2024-08-25
1102996,301250,ONT,2019-10-12
1102997,301541,SW,2023-03-31
1102998,300300,ONT,2024-08-15
1102999,301076,RTR,2023-03-04
1103000,301697,RTR,2020-12-01
