customer_id,customer_name,billing_state,active_flag,created_date
100001,Scott LLC,GA,1,2021-02-19
100002,Morgan-Ruiz,VA,1,2025-02-23
100003,"Norton, Newman and Brown",NC,1,2019-09-23
100004,"Sullivan, Nichols and Bowen",FL,1,2022-05-01
100005,"Snow, Cook and Arnold",VA,1,2022-03-07
100006,Wright-Smith,SC,1,2023-02-27
100007,Thomas-Martinez,NC,1,2022-10-27
100008,Wise-Rowland,NC,1,2024-07-30
100009,"Waters, Esparza and Harmon",GA,0,2024-06-06
100010,Evans-Carter,VA,1,2020-04-04
100011,Frederick-Diaz,GA,1,2023-09-11
100012,"Jones, Cross and Osborn",FL,0,2019-12-19
100013,"Carpenter, Stout and Powell",SC,1,2022-08-14
100014,Ramirez-Moore,NC,1,2022-04-29
100015,"Byrd, Barnes and Schmitt",NC,1,2023-11-22
100016,Boyd PLC,GA,1,2024-08-26
100017,Harvey-Bowman,SC,1,2025-09-26
100018,Murphy PLC,SC,1,2019-08-15
100019,"Hudson, Black and Holder",NC,1,2021-04-16
100020,"Rhodes, Morgan and Hooper",GA,1,2020-04-21
100021,Peters and Sons,NC,1,2020-12-31
100022,"Jimenez, Maxwell and Wilson",NC,1,2020-06-22
100023,Fox-Smith,FL,1,2022-08-02
100024,Rogers Inc,SC,1,2025-11-12
100025,Davis-Crawford,NC,1,2022-09-24
100026,Tucker-Martinez,GA,1,2023-10-11
100027,"Long, Benson and Williams",SC,1,2023-04-21
100028,"Santiago, Green and Hampton",FL,1,2025-10-22
100029,Smith-Weiss,TN,1,2022-10-02
100030,Daniels-Miller,NC,1,2021-03-27
100031,Bradshaw PLC,GA,1,2020-09-10
100032,Davidson Group,TN,1,2022-07-27
100033,Navarro Group,NC,1,2024-04-13
100034,Leach Ltd,VA,1,2024-01-31
100035,Anderson Group,VA,1,2022-01-12
100036,"Boyer, Thomas and Larson",VA,1,2021-01-04
100037,"Brown, Weaver and Owens",NC,1,2024-07-24
100038,Williams Group,SC,1,2025-07-14
100039,Rush PLC,VA,1,2025-11-26
100040,"Long, Hobbs and Howard",NC,1,2024-11-21
100041,"Schaefer, Downs and Garcia",NC,1,2019-11-16
100042,"Peterson, Dalton and Allen",NC,1,2023-09-27
100043,Mack-Rivera,VA,1,2024-06-25
100044,Russell-Torres,FL,1,2019-08-23
100045,Mayo and Sons,NC,0,2025-05-08
100046,Frazier Inc,TN,0,2019-01-14
100047,"Fitzpatrick, Guerrero and Hayes",NC,1,2021-07-16
100048,Sanchez LLC,VA,1,2020-01-04
100049,"Zamora, Hale and Rodriguez",GA,1,2021-03-16
100050,"Garcia, Edwards and Green",SC,1,2023-05-16
100051,"Burke, Boyer and Jones",NC,1,2025-12-29
100052,Jackson Group,GA,1,2023-06-19
100053,"Hamilton, Maddox and Hansen",GA,1,2024-10-18
100054,"Ferguson, Austin and Davidson",VA,0,2025-12-13
100055,Parks-Brown,NC,1,2022-06-10
100056,Green-Nguyen,VA,1,2021-06-21
100057,Cabrera Group,FL,1,2022-06-17
100058,Francis-Perez,NC,1,2025-01-18
100059,Gomez-Tapia,NC,1,2023-08-02
100060,Mullen-Hendricks,NC,0,2022-12-19
100061,"Davis, Morgan and Hale",GA,1,2020-12-08
100062,"Lewis, Miller and Pratt",NC,0,2024-06-27
100063,"Hernandez, Griffith and Shepherd",SC,0,2019-01-27
100064,Cohen Ltd,NC,1,2019-09-13
100065,Young-Hutchinson,NC,0,2023-02-14
100066,Mcclure-Lee,NC,1,2021-05-12
100067,Jacobs-Sanchez,GA,1,2019-03-04
100068,Leach-Logan,NC,1,2020-07-11
100069,Davis Inc,GA,1,2020-09-06
100070,Murray-Burke,GA,1,2024-02-17
100071,"Thompson, Reed and Caldwell",VA,1,2025-01-06
100072,Ramirez Group,TN,1,2020-07-06
100073,Daniels-Smith,SC,1,2019-01-19
100074,Moore-Watson,NC,1,2020-08-05
100075,"Baker, Hurley and Gonzalez",NC,1,2024-09-30
100076,Watson-Bernard,NC,0,2021-12-10
100077,Carter Ltd,GA,1,2024-05-02
100078,"Ramos, Hall and Carpenter",FL,1,2023-12-14
100079,Spencer PLC,NC,1,2025-06-29
100080,"Pittman, Ward and Singh",NC,1,2022-02-27
100081,King LLC,NC,1,2025-09-28
100082,Murray-Chavez,SC,1,2019-10-27
100083,"Yoder, Young and Gibbs",FL,1,2023-07-16
100084,Davis Group,VA,1,2025-08-21
100085,Hanson-Mendoza,NC,1,2025-04-21
100086,"Garcia, Newman and Rivera",NC,1,2023-03-24
100087,Fox-Andrews,NC,1,2021-05-16
100088,Craig-Cox,NC,1,2023-09-08
100089,Watson-Harrell,TN,1,2019-12-03
100090,Walker Group,NC,1,2022-07-09
100091,"Cooper, Smith and Vaughn",VA,1,2020-01-27
100092,"Bailey, Rasmussen and Ramos",NC,1,2021-07-15
100093,"Thomas, Jones and Ramirez",NC,1,2023-12-18
100094,Ewing-Todd,NC,1,2025-03-07
100095,Santana and Sons,FL,1,2025-09-15
100096,"Contreras, Wright and Chen",NC,1,2023-03-12
100097,"White, Moody and Matthews",SC,1,2022-10-13
100098,Berry Inc,NC,1,2025-12-26
100099,Ellis-Rivera,GA,1,2022-09-13
100100,Williams Inc,NC,1,2020-10-01
100101,Collins-Meyer,SC,1,2020-10-25
100102,Palmer-Mason,TN,1,2025-05-08
100103,"Thompson, Cook and Herrera",NC,1,2022-10-06
100104,"Miller, Young and Carson",SC,1,2021-10-26
100105,"Lopez, Whitaker and Lopez",NC,1,2022-05-02
100106,Patel-Clark,NC,1,2019-02-06
100107,Bell-Henson,TN,0,2022-09-24
100108,Aguilar Inc,GA,1,2025-02-07
100109,"Johnson, Martin and Shah",NC,1,2019-09-13
100110,Gonzalez Inc,VA,1,2022-11-03
100111,Ruiz LLC,SC,1,2024-11-15
100112,Gardner-Hunter,VA,1,2022-04-13
100113,"Hill, Richards and Cox",NC,0,2021-12-26
100114,Cardenas-Garcia,SC,1,2021-04-20
100115,Ellis LLC,GA,1,2020-07-17
100116,Perez Group,NC,1,2024-03-25
100117,"Schneider, Clark and Johnson",FL,1,2020-11-07
100118,Ray-Graham,SC,1,2021-09-03
100119,"Harrell, White and Fields",SC,1,2021-04-10
100120,"Castaneda, Livingston and Lee",NC,1,2023-01-06
100121,Miller Inc,NC,1,2020-07-25
100122,Edwards Group,NC,1,2021-03-04
100123,Fischer Group,VA,1,2020-04-22
100124,"Johnson, Harris and Harris",NC,1,2024-01-26
100125,"Pratt, Jordan and Miles",GA,1,2021-05-07
100126,Norman PLC,TN,1,2020-03-04
100127,Atkinson-Bean,SC,1,2025-12-16
100128,Robinson-Garcia,NC,1,2021-11-29
100129,"Griffin, Munoz and Guerra",NC,1,2024-02-01
100130,Smith-Hunter,NC,1,2025-03-19
100131,Woods Ltd,VA,1,2022-05-09
100132,Garcia Ltd,GA,1,2021-03-22
100133,Dixon and Sons,NC,1,2023-10-01
100134,"Carter, Faulkner and Leonard",FL,1,2020-08-15
100135,Bishop-Sullivan,GA,1,2024-08-30
100136,Wilson-Woodward,TN,1,2020-04-10
100137,Garcia and Sons,NC,1,2021-05-19
100138,"Wilson, Cooper and Smith",GA,1,2024-11-16
100139,Taylor and Sons,FL,1,2022-07-15
100140,Garcia LLC,NC,1,2022-07-08
100141,Burton-Smith,NC,1,2021-08-02
100142,Jimenez Inc,SC,1,2024-07-10
100143,Smith Ltd,NC,1,2023-12-10
100144,"Howell, Davis and Ortiz",SC,1,2022-11-15
100145,Cook Ltd,TN,1,2023-12-20
100146,"Sparks, Taylor and Lyons",NC,1,2024-04-11
100147,"Williams, Beasley and Clark",VA,1,2025-02-14
100148,"Guzman, Lowery and Evans",SC,1,2023-07-31
100149,Mccoy Inc,NC,1,2025-01-27
100150,"Kent, Wilson and Cooke",VA,1,2019-06-24
100151,Morton Ltd,TN,1,2020-08-21
100152,Bryant Inc,SC,1,2024-05-15
100153,Hurley-Rowe,VA,1,2023-07-14
100154,Nelson Inc,GA,1,2023-12-24
100155,Gomez Group,FL,1,2024-08-28
100156,"Simmons, Blake and Estes",NC,1,2024-08-10
100157,Maxwell-Blankenship,SC,1,2024-05-03
100158,Ibarra Inc,SC,1,2022-07-21
100159,Rodriguez PLC,NC,1,2019-03-28
100160,"Johnson, Murphy and Schroeder",FL,1,2021-04-06
100161,Moore Inc,NC,1,2020-03-30
100162,Ray-Navarro,NC,1,2021-06-04
100163,Harrison Inc,VA,1,2020-02-23
100164,Lopez-White,VA,1,2024-06-08
100165,Benton Ltd,NC,1,2019-01-14
100166,Olson LLC,NC,1,2021-12-30
100167,Newman and Sons,GA,1,2022-05-13
100168,Lee-Nguyen,GA,1,2022-04-28
100169,Williams LLC,GA,1,2025-08-14
100170,Watkins-Thomas,NC,1,2020-07-12
100171,Hancock-Hendricks,NC,1,2022-08-13
100172,"Moore, Alvarez and Martinez",NC,1,2023-09-26
100173,Gomez and Sons,GA,1,2021-01-07
100174,Young-Cameron,SC,1,2025-09-18
100175,English Ltd,TN,1,2023-05-12
100176,"Booth, Reese and Smith",NC,1,2023-09-27
100177,Young-Dodson,SC,1,2024-08-09
100178,"Nichols, Mahoney and Mitchell",NC,1,2021-05-28
100179,"Lewis, Byrd and Brock",NC,1,2020-04-22
100180,"Melton, Mcfarland and Beltran",NC,1,2020-01-10
100181,Austin and Sons,SC,1,2022-03-14
100182,"Ferguson, Walker and Guerrero",NC,1,2023-06-14
100183,"Perry, Carroll and Henry",NC,1,2025-06-30
100184,"Roberts, Barton and Goodwin",NC,1,2019-02-14
100185,Harrison-Macias,NC,1,2021-09-22
100186,"Taylor, Davis and White",NC,1,2022-06-29
100187,Smith LLC,VA,1,2025-09-10
100188,"Hampton, Case and Shelton",SC,1,2022-05-23
100189,"Diaz, Watson and Cameron",NC,1,2020-07-25
100190,"Gibson, Wells and Frye",NC,1,2019-06-22
100191,"Davis, Johnson and Baldwin",NC,1,2022-02-16
100192,Chung Group,VA,1,2025-06-01
100193,Juarez-Butler,NC,1,2024-01-19
100194,Smith-Owens,NC,1,2022-11-24
100195,Wallace-Lynch,NC,1,2024-07-25
100196,"Hernandez, Bryant and Osborne",NC,1,2025-07-13
100197,Sanders-Dennis,SC,1,2019-11-09
100198,"Bernard, Buckley and Greene",NC,1,2023-09-21
100199,"Wong, Williams and Jenkins",GA,1,2021-10-28
100200,Pace Ltd,NC,1,2023-12-28
100201,"Conley, Beasley and Cruz",GA,1,2024-12-23
100202,Thomas-Harris,NC,1,2020-10-15
100203,Trevino LLC,SC,1,2023-08-25
100204,Fox-Lopez,GA,1,2024-11-29
100205,"Morris, Alvarado and Swanson",NC,0,2024-07-08
100206,Williams-Campbell,SC,1,2024-06-11
100207,"Simon, Lucas and Oliver",TN,1,2019-09-29
100208,Stephens LLC,GA,0,2021-03-10
100209,"Schmitt, Bell and Farley",NC,1,2025-03-11
100210,King Inc,VA,1,2024-03-27
100211,Jacobs-Mack,NC,1,2022-09-15
100212,"Nguyen, Fowler and Boyd",NC,1,2020-06-12
100213,"Barker, Brown and White",NC,1,2023-10-09
100214,Walters Ltd,SC,0,2024-02-26
100215,Chen-Gray,NC,1,2019-09-05
100216,Johnson-Stevenson,GA,1,2020-04-03
100217,Zavala Ltd,NC,1,2021-03-17
100218,Snyder Inc,VA,1,2025-08-30
100219,Walter Group,NC,1,2023-08-31
100220,"Lang, Johnson and Silva",FL,1,2021-01-26
100221,Lewis LLC,GA,1,2021-06-26
100222,Munoz-Rodriguez,VA,1,2025-12-11
100223,"Jones, Martin and White",NC,1,2021-08-09
100224,"Wilson, Perkins and Jacobson",NC,1,2025-03-11
100225,Berry LLC,NC,1,2021-08-20
100226,Jones and Sons,NC,1,2024-07-10
100227,"Ramirez, Crawford and Austin",NC,1,2023-04-25
100228,Ramirez LLC,NC,1,2019-09-30
100229,Ramirez-Taylor,NC,1,2025-08-15
100230,"Fletcher, Collins and Williams",NC,1,2020-05-22
100231,Osborne-Jones,NC,1,2020-03-04
100232,Wright-King,NC,1,2025-02-10
100233,Brown Inc,NC,1,2024-10-21
100234,"Wells, Harper and Cooke",NC,1,2019-08-29
100235,Thompson-Ryan,SC,1,2021-11-24
100236,"Valdez, Clark and Hodges",SC,1,2019-09-17
100237,Le Group,NC,1,2020-09-01
100238,Fuentes Inc,SC,1,2019-11-22
100239,Rodriguez-Thomas,NC,1,2020-03-12
100240,Watkins-Estrada,NC,1,2022-06-23
100241,Schmidt and Sons,NC,0,2020-02-26
100242,Moore Group,NC,1,2022-01-18
100243,Bush PLC,VA,1,2023-01-31
100244,"Mendez, Sanchez and Michael",VA,1,2021-01-22
100245,Davis Ltd,VA,1,2022-03-23
100246,Johnson-Blanchard,SC,1,2022-05-22
100247,Kline-Arias,SC,1,2022-11-07
100248,Carroll-Terrell,SC,1,2022-01-07
100249,Morales-Nichols,FL,1,2020-10-26
100250,"Aguilar, Anderson and Horton",NC,1,2022-10-02
100251,Coleman-Estrada,NC,1,2025-04-24
100252,Stafford-Johnson,VA,1,2023-10-28
100253,"Hill, Merritt and Archer",NC,1,2021-12-04
100254,"Stewart, Reese and Welch",NC,1,2022-04-11
100255,Joseph-Johnson,NC,1,2019-06-05
100256,"Sanders, Dalton and Zhang",GA,1,2020-06-21
100257,"Herrera, Wallace and Butler",NC,1,2023-08-12
100258,Barr-Kelly,GA,1,2023-11-08
100259,Martin-Stark,NC,1,2021-10-20
100260,Wong Inc,SC,0,2025-02-24
100261,Jordan-Castillo,SC,1,2022-03-01
100262,Middleton-Clark,NC,1,2022-01-19
100263,Alexander-Brooks,NC,0,2021-01-15
100264,Mcguire-Dunn,VA,1,2020-07-22
100265,Goodwin-Perez,TN,1,2021-08-31
100266,"Dodson, Lyons and Wells",FL,1,2019-12-29
100267,"Powers, Osborne and Foley",VA,1,2019-08-28
100268,Hall-Barrett,GA,1,2025-12-23
100269,Mcconnell-Williams,NC,1,2019-08-15
100270,Jones-Beck,NC,1,2021-10-04
100271,Johnson-Figueroa,NC,1,2023-03-22
100272,Rose-Hunt,FL,1,2023-02-10
100273,Brown Inc,NC,0,2020-07-20
100274,Smith-Brown,SC,1,2021-12-04
100275,"Johnson, Smith and Stevens",SC,1,2021-10-05
100276,Fernandez-Hughes,VA,1,2024-04-24
100277,Duke-Morris,NC,1,2020-05-12
100278,"Fletcher, Dominguez and Murphy",NC,1,2019-05-22
100279,Boyer LLC,SC,1,2021-06-24
100280,"Steele, Terry and Rosales",GA,1,2025-12-25
100281,"Perez, Torres and Larson",NC,1,2025-10-19
100282,Chavez-Cochran,TN,1,2024-03-02
100283,"Nelson, Moore and Rodriguez",SC,1,2019-10-07
100284,Conway Inc,FL,1,2020-01-11
100285,Ward-Heath,GA,1,2020-12-30
100286,Walter PLC,GA,1,2022-10-10
100287,Smith Inc,FL,1,2021-04-03
100288,"Arias, Williams and Morgan",NC,1,2024-01-16
100289,Henry Group,NC,1,2024-07-22
100290,"Boyd, Clark and Brown",VA,1,2023-10-28
100291,Johnson Group,NC,1,2020-07-15
100292,Jones-Diaz,NC,1,2022-12-19
100293,Lloyd LLC,SC,1,2020-01-31
100294,Flores PLC,FL,1,2020-05-03
100295,"Carroll, Cunningham and Graham",SC,1,2020-08-31
100296,Klein-Schultz,TN,0,2023-06-07
100297,Henderson-Wolfe,VA,1,2024-07-04
100298,Proctor-Burton,NC,1,2025-04-29
100299,Carlson-Harris,NC,1,2020-02-19
100300,Ruiz LLC,FL,1,2025-03-31
100301,"Cantu, Hall and Arroyo",NC,1,2024-12-09
100302,Willis PLC,GA,1,2019-02-02
100303,"Jensen, Rowland and Todd",TN,1,2020-05-04
100304,"Hurst, Murphy and Phillips",GA,1,2020-05-09
100305,Herrera Ltd,VA,1,2024-01-20
100306,"Bird, Forbes and Montes",NC,1,2025-10-18
100307,"Mendoza, Nunez and Smith",SC,1,2024-07-20
100308,Beck Ltd,SC,1,2025-09-22
100309,Moody PLC,NC,1,2019-09-29
100310,Hall-Anderson,NC,1,2024-06-11
100311,Allen Group,SC,1,2019-03-04
100312,Ramirez LLC,NC,1,2025-09-08
100313,Kemp-Jones,NC,1,2024-11-20
100314,"Brown, Mathis and Bowman",NC,1,2024-04-30
100315,Mcmillan Group,VA,1,2021-06-01
100316,"Johnson, Boyle and Hawkins",NC,1,2024-08-04
100317,"Reed, Cole and Hudson",NC,1,2023-06-11
100318,Mccoy-Pope,NC,1,2024-05-23
100319,Thompson LLC,VA,1,2020-05-04
100320,Larson Inc,GA,1,2020-11-13
100321,White Inc,NC,1,2021-05-20
100322,Scott-Klein,NC,1,2024-12-02
100323,Tran Group,NC,1,2025-11-04
100324,"Thomas, Sawyer and Cruz",FL,1,2020-08-05
100325,"Mcdonald, Williams and Tran",NC,1,2021-10-26
100326,"Stafford, Sullivan and Wilson",SC,1,2019-10-30
100327,Rodriguez Group,NC,0,2021-06-27
100328,"Mills, Young and Porter",SC,1,2021-07-27
100329,Gaines Inc,VA,0,2025-08-10
100330,"Atkinson, Bentley and Weaver",NC,1,2023-02-15
100331,"Thomas, Miller and Miller",NC,1,2023-05-23
100332,"Mercer, Brown and Hill",FL,1,2019-03-25
100333,Williamson-Grant,NC,1,2020-10-13
100334,Khan-Lester,NC,1,2020-06-23
100335,Harrison Group,NC,1,2022-11-02
100336,"Smith, Zhang and Mills",NC,1,2021-11-30
100337,"Trevino, Mcpherson and Anderson",GA,1,2021-12-29
100338,Molina-Lawson,NC,1,2021-01-31
100339,Martinez PLC,VA,1,2019-12-11
100340,Waters-Mitchell,NC,1,2022-09-17
100341,"Henderson, Diaz and Garcia",SC,1,2025-06-20
100342,"Freeman, Beard and Morgan",VA,1,2023-02-28
100343,"Kim, Ray and Burke",TN,1,2021-10-31
100344,"Johnson, Williams and Wyatt",VA,1,2021-04-18
100345,Ayala Group,TN,1,2020-08-11
100346,Galvan-Curtis,NC,1,2020-12-22
100347,Williams PLC,VA,1,2020-03-22
100348,Rich LLC,GA,1,2024-06-25
100349,Sullivan and Sons,NC,1,2019-08-09
100350,Donovan Group,SC,1,2020-10-27
100351,Bennett-Young,VA,1,2023-09-15
100352,"Curry, Weber and Ramirez",NC,1,2020-12-30
100353,Schroeder-Wright,NC,1,2023-02-15
100354,Johnson-Thomas,SC,1,2021-06-01
100355,Medina PLC,NC,1,2019-10-14
100356,Wu Ltd,NC,1,2021-02-01
100357,Jones-Stanley,TN,1,2019-12-02
100358,"Rodriguez, Woods and Mcdonald",GA,1,2022-02-02
100359,"Oliver, Bryant and Gill",SC,1,2023-06-20
100360,"Walker, French and Pena",NC,1,2025-02-10
100361,Stone LLC,SC,1,2019-06-07
100362,Gill-Bell,GA,1,2024-05-01
100363,Mccullough-Weeks,VA,1,2021-03-01
100364,Tucker Ltd,NC,1,2023-03-13
100365,Diaz-Jackson,NC,0,2024-01-26
100366,"Perry, Ward and Jacobs",NC,0,2025-11-28
100367,Brooks Ltd,GA,0,2025-03-21
100368,Allison PLC,NC,1,2025-09-01
100369,Harris PLC,TN,1,2023-12-13
100370,Hill and Sons,NC,1,2023-12-17
100371,"Marshall, Jackson and Dunn",NC,1,2021-01-28
100372,"Williams, Phillips and Hernandez",GA,1,2020-09-22
100373,Simmons Group,FL,0,2020-12-21
100374,Dillon LLC,SC,1,2023-07-21
100375,"Medina, Sherman and Kim",TN,1,2023-02-03
100376,"Wood, Crosby and Rasmussen",SC,1,2020-09-24
100377,"Peterson, Andrews and Walsh",NC,1,2019-05-23
100378,Brown-Gibson,GA,1,2025-01-15
100379,"Calhoun, Rice and Owens",FL,1,2025-11-11
100380,Massey-Kelley,VA,1,2025-02-28
100381,"Berg, Park and Gregory",NC,1,2025-01-26
100382,Contreras-Howell,NC,1,2021-12-30
100383,Duncan-Butler,NC,1,2019-09-15
100384,Bernard-Kelley,NC,1,2025-02-17
100385,Sampson Ltd,NC,1,2024-06-29
100386,Lane and Sons,TN,1,2020-06-01
100387,"Bradford, Goodman and Coleman",FL,1,2025-01-07
100388,Fritz LLC,NC,1,2024-09-03
100389,Coleman LLC,NC,0,2022-07-15
100390,Bryant Group,VA,1,2019-03-02
100391,"Lopez, Bartlett and Smith",SC,1,2020-10-10
100392,"Ross, Peterson and Hamilton",NC,0,2023-08-10
100393,"Moore, Larson and Ortiz",SC,1,2023-06-07
100394,"Lane, Erickson and Morris",NC,1,2024-03-27
100395,Bryan-Smith,NC,1,2023-08-28
100396,Hale Inc,SC,1,2023-12-12
100397,"Cruz, Johnson and Silva",NC,1,2023-01-06
100398,Fisher Group,VA,1,2024-02-24
100399,"Lawrence, Hicks and Adams",NC,1,2023-02-15
100400,Wiggins-Davis,NC,1,2022-07-04
100401,Johnson Ltd,NC,1,2021-03-31
100402,White Inc,NC,1,2023-01-09
100403,Lowe LLC,SC,1,2025-08-27
100404,"Larson, Carlson and Owen",VA,1,2019-10-21
100405,"Terry, Duffy and Waters",NC,1,2022-08-30
100406,"Mitchell, Ellis and Carter",NC,1,2025-12-18
100407,Jensen-Hays,GA,1,2020-10-03
100408,Brooks-Bautista,NC,0,2020-06-09
100409,"Smith, Price and Thompson",NC,0,2024-03-28
100410,Miller LLC,NC,1,2025-04-26
100411,Delacruz Ltd,SC,1,2022-01-16
100412,Johnson-Gregory,VA,1,2022-03-26
100413,Bradshaw-Evans,NC,0,2025-12-11
100414,"Smith, Hopkins and Stone",VA,0,2019-03-23
100415,Parsons-Alvarez,VA,1,2019-09-13
100416,"Little, Jones and Vaughn",NC,1,2019-02-28
100417,Clark-Hatfield,GA,1,2022-12-25
100418,Nelson and Sons,GA,1,2023-08-26
100419,Fisher and Sons,SC,1,2022-06-22
100420,Preston Inc,VA,0,2020-03-11
100421,"Lawson, Golden and Hubbard",NC,1,2023-03-22
100422,Pittman-Hoffman,SC,1,2020-09-21
100423,Harris and Sons,NC,1,2025-02-22
100424,"Rogers, Simmons and Cook",SC,0,2021-11-24
100425,Fernandez-Galloway,SC,1,2021-05-18
100426,Johnson Inc,GA,1,2020-11-24
100427,"Mason, Dixon and Wright",NC,1,2021-08-08
100428,"May, Farmer and Wheeler",FL,1,2021-01-27
100429,"Shannon, Butler and Gonzales",NC,1,2023-07-25
100430,Green-Fowler,NC,1,2019-10-07
100431,"Miranda, Roberts and Green",NC,0,2024-07-06
100432,Davis LLC,GA,0,2020-01-17
100433,"Riddle, Lopez and Chapman",NC,1,2022-11-17
100434,Hicks and Sons,VA,1,2023-04-16
100435,Hughes-Carroll,SC,0,2022-06-29
100436,Gonzalez Ltd,GA,1,2023-08-30
100437,"Mills, Rivera and Reynolds",VA,1,2020-08-10
100438,Palmer PLC,NC,1,2019-06-23
100439,Jones-Maxwell,NC,1,2025-04-12
100440,Valenzuela Inc,NC,1,2021-10-13
100441,"Greer, Hurst and Baker",FL,1,2023-12-18
100442,"Hamilton, Davis and Williams",FL,0,2025-07-28
100443,"Collins, Garcia and Jenkins",NC,1,2021-05-08
100444,"Smith, Flynn and Martinez",NC,1,2020-12-18
100445,Mcgee-Perkins,NC,1,2021-06-15
100446,"Clark, Pruitt and Foley",NC,1,2022-08-17
100447,Mccoy Ltd,FL,1,2024-10-31
100448,Scott Group,VA,1,2025-03-15
100449,Duke-Zuniga,VA,0,2022-07-11
100450,Smith Ltd,VA,1,2023-10-12
100451,Jones-Bishop,NC,1,2025-03-23
100452,Garcia Ltd,NC,1,2022-02-12
100453,Shepherd PLC,NC,1,2022-03-28
100454,"Richards, Mckenzie and Andrews",SC,1,2020-03-07
100455,Butler-Snyder,NC,1,2021-01-23
100456,"Elliott, Walter and Romero",GA,1,2025-05-03
100457,Nicholson and Sons,NC,1,2019-10-23
100458,"Mccann, Perez and Jones",VA,1,2023-09-22
100459,"Nicholson, Koch and Taylor",NC,1,2023-12-23
100460,"Smith, Wilson and Dillon",FL,1,2021-09-01
100461,"Sellers, Fleming and Noble",NC,1,2023-10-22
100462,Scott and Sons,SC,1,2023-06-29
100463,"Banks, Thompson and Roberts",VA,1,2019-05-17
100464,Bell Ltd,NC,0,2020-12-22
100465,Dillon-Li,NC,1,2019-06-12
100466,"Berger, Johnson and Avila",NC,1,2022-05-10
100467,Sullivan-Hansen,FL,1,2021-04-21
100468,Warner Group,NC,1,2021-10-13
100469,"Miller, Chan and Ray",FL,0,2025-09-11
100470,Vazquez-Garcia,SC,1,2021-12-15
100471,Gonzalez-Nelson,NC,1,2024-09-28
100472,Hernandez-Hartman,VA,1,2023-04-20
100473,Simpson PLC,SC,1,2025-02-07
100474,Davis Ltd,TN,1,2024-09-29
100475,Peterson-Robertson,NC,1,2024-09-14
100476,Ellis Inc,SC,1,2025-06-01
100477,"Cooper, Johnson and Chapman",SC,0,2021-10-08
100478,Hoover-Vincent,VA,1,2023-09-16
100479,"Pope, Gamble and Roman",FL,1,2025-06-13
100480,"Miller, Wilson and Wood",NC,1,2025-01-01
100481,"Velasquez, Woods and Hahn",NC,1,2025-08-01
100482,"Evans, Kline and Smith",NC,1,2024-07-30
100483,Holmes and Sons,SC,1,2021-08-15
100484,Freeman Inc,GA,1,2025-04-26
100485,Sanders Inc,SC,1,2020-10-16
100486,"Smith, Garcia and Garcia",SC,1,2023-09-23
100487,Burton-Harrison,TN,1,2023-06-24
100488,Williams Ltd,NC,1,2021-02-11
100489,Davis-Floyd,NC,1,2023-03-18
100490,Gonzales Inc,VA,1,2021-12-09
100491,Cook LLC,SC,1,2023-07-09
100492,Wallace Ltd,GA,1,2021-04-09
100493,Wilkins and Sons,NC,1,2023-12-24
100494,"Baker, Padilla and Rodriguez",NC,1,2019-03-13
100495,Garcia-White,VA,1,2019-06-26
100496,Greene-Nash,FL,1,2025-02-15
100497,"Owens, Mendez and Rhodes",SC,1,2020-03-09
100498,Mathis-Carlson,FL,0,2019-05-16
100499,Carroll-Jimenez,SC,0,2023-01-28
100500,"Roman, Rodriguez and Brown",NC,1,2023-09-04
100501,"Walters, Baker and Morse",NC,1,2025-03-04
100502,Moreno-Marshall,VA,1,2022-12-03
100503,Larson-Williams,VA,0,2023-12-17
100504,Farley Group,FL,1,2021-09-04
100505,"Cameron, Donovan and Lang",NC,1,2023-07-19
100506,"Moore, Ramirez and Reynolds",VA,0,2019-10-31
100507,Tucker PLC,NC,1,2020-01-25
100508,"Rogers, Jackson and Velasquez",VA,1,2019-12-08
100509,Mckenzie-Yates,SC,1,2019-08-18
100510,"Clark, Miller and Fletcher",NC,1,2020-12-11
100511,Mora-Holt,VA,1,2019-05-12
100512,"Phelps, Gonzales and Smith",TN,1,2024-11-01
100513,Macdonald Ltd,GA,1,2020-08-24
100514,Mckinney LLC,NC,1,2023-12-05
100515,"Johnson, Terrell and Kelly",GA,1,2024-05-06
100516,"Mercer, French and Baker",FL,1,2023-01-02
100517,Garcia-Hall,NC,1,2023-01-13
100518,"Pope, Hurley and Keller",NC,1,2022-04-27
100519,"Clark, Jackson and Fields",NC,1,2021-06-10
100520,"Greer, Clark and Nguyen",NC,1,2021-08-13
100521,Larsen and Sons,VA,1,2019-11-09
100522,Morris-Bullock,GA,1,2022-10-08
100523,Bailey Inc,TN,1,2022-01-13
100524,Estrada-Gregory,NC,1,2023-12-29
100525,Wong and Sons,TN,1,2019-06-28
100526,Reynolds-Sims,NC,1,2023-04-29
100527,Stevens Inc,SC,0,2025-01-04
100528,Scott Inc,SC,1,2021-01-09
100529,"Patel, Lane and Martinez",NC,1,2021-02-17
100530,"Gibson, Smith and Howard",NC,0,2019-05-10
100531,Brown Group,NC,1,2021-10-21
100532,Wong Ltd,NC,1,2021-12-07
100533,"Alvarado, Johnson and Simmons",NC,0,2019-10-22
100534,Jones Inc,TN,1,2022-04-04
100535,"Oconnell, Horton and Townsend",NC,1,2019-12-09
100536,"Thomas, Fox and Lopez",NC,1,2025-03-10
100537,"Higgins, Green and Sparks",VA,1,2020-07-21
100538,Jensen-Horn,NC,1,2025-10-13
100539,Branch-Gross,VA,0,2023-12-14
100540,Martin Ltd,NC,1,2021-09-08
100541,Jones Ltd,VA,0,2021-06-04
100542,Jackson-Freeman,TN,1,2023-07-12
100543,Henderson-Gomez,NC,1,2020-11-20
100544,Trujillo LLC,SC,1,2022-02-28
100545,Huffman LLC,NC,1,2024-05-14
100546,Hopkins-Jackson,FL,1,2021-11-06
100547,Finley-Edwards,NC,1,2020-03-16
100548,Mercado-Maynard,NC,1,2022-05-24
100549,"Smith, Alvarez and Miller",NC,1,2022-07-07
100550,"Arellano, Blake and Ray",NC,0,2021-06-02
100551,Jones PLC,FL,1,2019-11-24
100552,Martinez-Shea,FL,1,2021-09-12
100553,"Hunter, Martinez and Aguilar",SC,1,2021-07-02
100554,Fletcher-Walls,GA,1,2024-11-10
100555,Gay-Moreno,NC,1,2019-01-23
100556,"Martin, Kelley and Walsh",TN,1,2023-07-29
100557,"Bowman, Hernandez and Johnson",NC,1,2025-02-05
100558,Hammond-Cook,NC,0,2020-10-15
100559,Lin LLC,SC,1,2024-05-06
100560,Suarez Inc,NC,1,2023-11-08
100561,"Rivera, Jackson and Camacho",NC,1,2020-07-07
100562,Goodman-Santiago,SC,1,2024-01-12
100563,Wright LLC,NC,1,2023-05-19
100564,Swanson and Sons,NC,1,2025-08-29
100565,Hayes-Villa,GA,1,2020-10-22
100566,Rogers Inc,VA,0,2022-12-09
100567,Shepard-Martinez,SC,1,2024-07-26
100568,Lamb-Terry,VA,1,2020-03-08
100569,Moore PLC,NC,0,2022-05-24
100570,Potter-Moore,SC,1,2023-04-12
100571,Sanchez-White,GA,1,2023-06-06
100572,Conrad LLC,NC,1,2024-07-04
100573,Walker LLC,NC,1,2021-05-24
100574,"Booth, Wright and Gould",GA,1,2024-05-09
100575,"Contreras, Logan and Wheeler",GA,1,2025-06-21
100576,"Ellis, Roberts and Delgado",TN,1,2019-08-04
100577,Parker Inc,VA,1,2024-08-15
100578,"Kelley, Jones and Berry",NC,1,2024-01-19
100579,Parsons-Ibarra,NC,1,2020-11-23
100580,Brown-Mcbride,FL,1,2024-03-07
100581,Huffman Group,TN,1,2021-11-05
100582,"Dudley, Lang and Trevino",VA,1,2020-03-27
100583,Jefferson-Jones,NC,1,2024-01-05
100584,"Mitchell, King and Parker",SC,1,2023-04-30
100585,Schaefer-Williamson,NC,1,2019-08-13
100586,"Richardson, Ayala and Grant",NC,1,2023-08-02
100587,Shepherd-Mclaughlin,NC,1,2020-01-22
100588,"Dixon, Howard and Williams",SC,1,2024-10-20
100589,Watts Inc,NC,1,2022-06-05
100590,"Mason, Phillips and Tucker",SC,1,2019-05-14
100591,Garcia-Morris,NC,0,2019-06-24
100592,Lawson-Johnson,NC,1,2020-10-22
100593,"Thompson, Collier and Stewart",NC,1,2024-02-28
100594,"Diaz, Lee and Washington",SC,1,2024-09-02
100595,Scott-Davis,TN,1,2025-10-08
100596,Steele and Sons,SC,1,2025-04-11
100597,Beard PLC,VA,1,2019-06-05
100598,"Peterson, Flores and Allen",SC,1,2024-11-06
100599,Collins LLC,NC,1,2021-02-25
100600,Acosta Ltd,NC,1,2024-12-24
100601,Alexander-Bush,SC,1,2023-04-04
100602,"Foster, Olson and Hubbard",VA,1,2025-03-21
100603,"Oneill, Lin and Gibson",GA,1,2022-08-25
100604,Johnson-Kim,SC,1,2022-05-08
100605,Richardson-Oconnor,NC,1,2022-07-15
100606,Butler Inc,NC,1,2019-10-12
100607,Adams-Rios,NC,1,2025-06-10
100608,Cline Group,SC,1,2020-02-14
100609,Greene-Harrison,NC,1,2024-08-20
100610,Underwood Ltd,NC,1,2024-11-06
100611,White and Sons,SC,1,2021-02-21
100612,"Wagner, Hardy and Powell",FL,1,2021-12-24
100613,Tapia Inc,GA,1,2025-02-16
100614,"Hernandez, Wilson and Thomas",FL,1,2021-08-08
100615,Cannon and Sons,NC,1,2024-12-15
100616,Roberts Inc,NC,0,2024-11-16
100617,Lee PLC,VA,1,2019-08-28
100618,"Watkins, West and Kelly",SC,0,2023-01-28
100619,Trevino-Murray,NC,0,2022-05-31
100620,Bentley and Sons,NC,1,2021-03-13
100621,Harper-Moran,SC,1,2020-03-30
100622,Hill and Sons,TN,1,2020-09-30
100623,Edwards-Russell,VA,1,2021-11-22
100624,Clay-Frank,NC,0,2020-03-15
100625,Weeks-Gibbs,GA,1,2020-03-25
100626,"Campos, Taylor and Sanchez",NC,1,2019-11-10
100627,Johnson-Nichols,SC,1,2023-02-22
100628,Foley-Thompson,SC,1,2025-05-25
100629,Gonzalez Group,NC,1,2019-09-17
100630,Mcgee-Trevino,SC,1,2023-02-22
100631,Miller Ltd,VA,1,2023-09-07
100632,Adams-Richardson,NC,1,2022-05-13
100633,Jones-Lopez,SC,1,2024-03-10
100634,Wolfe Inc,NC,1,2019-05-19
100635,"Small, Ford and Day",VA,1,2024-05-01
100636,"Dixon, Miller and Ellis",SC,1,2021-06-25
100637,"Vaughn, Lewis and Lopez",GA,1,2022-04-30
100638,Mclean LLC,SC,1,2025-02-15
100639,Huang-Keller,VA,1,2025-06-20
100640,Kelly-Preston,SC,1,2022-10-29
100641,Manning-Reynolds,TN,1,2025-10-24
100642,"Reyes, Kline and Fowler",SC,1,2022-08-11
100643,"Powell, Juarez and Walton",NC,1,2019-09-19
100644,"Arroyo, Cochran and Diaz",SC,1,2025-10-31
100645,Petersen PLC,TN,1,2024-12-21
100646,"Arnold, Rodriguez and King",NC,1,2024-04-24
100647,Harvey-King,VA,1,2024-02-16
100648,"Francis, Edwards and Martinez",NC,1,2019-09-08
100649,Williams LLC,NC,1,2021-01-19
100650,Lyons-Morales,GA,1,2024-06-02
100651,"Wilson, Klein and Winters",SC,1,2025-04-29
100652,Lewis Group,GA,1,2019-09-21
100653,Crawford PLC,TN,0,2023-07-07
100654,"Bailey, Mcconnell and Cooper",NC,0,2019-11-13
100655,Hayes-Griffin,SC,1,2022-05-31
100656,Dougherty Ltd,NC,1,2023-06-13
100657,Craig-Ponce,NC,1,2020-05-28
100658,Hudson and Sons,VA,1,2019-09-06
100659,"Paul, Park and Kelly",VA,1,2019-07-03
100660,"Gordon, Thompson and Cook",VA,0,2020-10-04
100661,Williams-Stephens,TN,1,2019-11-22
100662,Harvey-Gates,NC,1,2020-10-11
100663,"Lee, Rocha and Holland",NC,1,2021-06-17
100664,Kelly Ltd,SC,1,2023-12-05
100665,Perry Inc,NC,1,2019-11-09
100666,"Douglas, Knox and Castaneda",VA,1,2024-06-27
100667,Rangel and Sons,NC,1,2023-08-19
100668,Douglas LLC,NC,1,2020-06-19
100669,"Brown, Lynch and Oliver",TN,1,2019-06-03
100670,Smith-Harding,NC,1,2019-05-23
100671,Mason-Nelson,NC,1,2024-02-12
100672,Yates LLC,VA,1,2021-07-26
100673,Howard LLC,NC,1,2025-10-14
100674,"Hall, Walter and Watson",NC,1,2024-10-19
100675,"Davis, Logan and Saunders",NC,1,2020-04-30
100676,Chaney-Young,NC,0,2024-06-17
100677,Valdez PLC,NC,1,2022-07-16
100678,Villa-Green,VA,1,2025-05-22
100679,Martinez and Sons,SC,1,2025-08-24
100680,Andrews PLC,FL,1,2023-08-17
100681,Mccoy PLC,VA,1,2025-10-13
100682,Garcia LLC,NC,1,2025-02-05
100683,Barnes Inc,NC,1,2022-01-03
100684,Esparza-Williams,VA,1,2019-02-23
100685,Nguyen and Sons,NC,1,2023-12-26
100686,Perez-Martinez,GA,1,2022-05-06
100687,James Group,NC,1,2020-05-25
100688,Davis PLC,SC,1,2020-10-20
100689,"Ruiz, Huffman and Oneal",VA,1,2023-11-21
100690,Underwood Group,NC,1,2020-09-21
100691,Mendoza-Young,NC,1,2020-01-14
100692,"Hayes, Kennedy and Figueroa",SC,1,2019-04-03
100693,Murphy Group,NC,1,2025-06-25
100694,"Griffin, Macias and Guzman",NC,1,2019-10-03
100695,Townsend Ltd,NC,1,2019-05-13
100696,Gallagher-Contreras,NC,1,2025-11-02
100697,"Lee, Oliver and Allen",NC,1,2024-07-07
100698,Roy-Wright,NC,1,2021-08-12
100699,Daniels Ltd,NC,1,2021-01-12
100700,"Jones, Meyer and Martin",SC,1,2020-04-01
100701,Barton and Sons,NC,1,2025-06-12
100702,Hunt-Bryant,GA,1,2019-09-14
100703,Chavez Group,TN,1,2023-12-23
100704,"Thomas, Bauer and Hernandez",NC,1,2020-09-24
100705,Ramos-Kim,NC,1,2023-05-19
100706,"Smith, Fitzpatrick and Hill",NC,1,2025-09-01
100707,Carrillo-Thomas,TN,0,2019-02-15
100708,"Villa, Reyes and Russell",NC,1,2024-10-26
100709,Nelson-Williams,TN,1,2022-08-20
100710,Green Ltd,TN,1,2023-12-29
100711,"Roberts, Townsend and Miller",NC,1,2020-06-29
100712,"Bell, Roth and Reynolds",SC,1,2019-04-17
100713,Lawrence Group,NC,1,2021-09-12
100714,Kaiser-Duncan,VA,1,2020-12-12
100715,"Campbell, Ochoa and Bullock",TN,0,2024-10-31
100716,Martinez and Sons,VA,1,2025-12-11
100717,"Owen, Hale and Conrad",NC,1,2020-10-15
100718,Cain Ltd,NC,0,2024-12-26
100719,Bowman LLC,FL,1,2023-08-21
100720,"Green, Snow and Caldwell",NC,1,2021-11-05
100721,"Tucker, West and Park",NC,1,2023-08-24
100722,Green-Turner,NC,1,2019-01-20
100723,"Armstrong, Velasquez and Cruz",TN,0,2024-04-21
100724,"Alexander, Buchanan and Willis",NC,1,2022-03-18
100725,Morgan-Murphy,NC,1,2022-03-14
100726,"Gonzalez, Swanson and Shaw",NC,1,2023-10-06
100727,"Anderson, Li and Jones",NC,1,2025-02-14
100728,Perry Group,NC,0,2020-07-04
100729,Schmitt Ltd,NC,1,2022-05-05
100730,"Ballard, Jacobson and Bruce",NC,1,2021-12-10
100731,"Smith, Miller and Reeves",SC,1,2025-06-01
100732,Bradshaw-Smith,SC,1,2021-03-15
100733,Davis PLC,TN,1,2025-11-16
100734,Little and Sons,SC,1,2021-04-28
100735,Mckinney-Frazier,NC,1,2022-07-13
100736,"Washington, Miller and Cross",NC,0,2020-03-28
100737,Farmer Ltd,SC,1,2020-07-19
100738,"Smith, Greene and Bradshaw",SC,1,2025-07-12
100739,Caldwell-Lopez,NC,1,2022-03-03
100740,Wells-Riley,NC,1,2024-05-05
100741,"Pratt, Smith and Orr",TN,1,2022-11-08
100742,Ramos-Jones,VA,1,2019-01-14
100743,"Mcdaniel, Hernandez and Torres",NC,1,2024-04-12
100744,Parker-Bishop,SC,1,2020-01-17
100745,"Johnson, Jones and Padilla",NC,0,2024-07-15
100746,Watts-Moreno,VA,1,2025-01-28
100747,Stephens and Sons,NC,1,2023-11-14
100748,"Farmer, Cole and Taylor",VA,1,2025-08-21
100749,"Arroyo, Franco and King",NC,1,2024-02-26
100750,"Jensen, Montes and Esparza",SC,1,2019-09-28
100751,Anderson-Todd,NC,1,2025-03-23
100752,"Cruz, Farmer and Michael",NC,1,2025-09-05
100753,Carter-Smith,SC,1,2025-09-11
100754,Gray-Gould,VA,1,2019-08-14
100755,Cooke-Brown,SC,1,2019-01-05
100756,"Briggs, Robinson and Spencer",GA,0,2020-02-19
100757,Beard-Fernandez,FL,1,2021-07-17
100758,"Freeman, Ryan and Wilson",NC,1,2025-03-15
100759,Smith-Santos,NC,1,2019-11-04
100760,Fischer-Johnson,GA,1,2024-07-23
100761,"Durham, Coleman and Thomas",NC,1,2023-12-09
100762,Castaneda Inc,NC,1,2023-06-20
100763,Stone-Barnett,SC,1,2022-05-21
100764,Gonzalez LLC,NC,1,2021-07-09
100765,"Williams, Williams and Hardy",NC,1,2023-06-06
100766,"James, Matthews and Mitchell",NC,1,2025-01-25
100767,"Allen, Williams and Freeman",NC,1,2023-12-13
100768,Hawkins-Lawrence,GA,1,2020-07-22
100769,Ramos-Mejia,NC,0,2019-08-30
100770,Holmes-Mcdowell,NC,1,2024-08-19
100771,Spencer PLC,TN,1,2024-05-02
100772,Washington-Hoffman,SC,1,2025-05-05
100773,Cisneros PLC,NC,1,2023-03-09
100774,"Cunningham, Payne and Chandler",TN,1,2025-08-18
100775,Mills Ltd,VA,1,2019-09-29
100776,Owen-Wright,SC,1,2025-02-05
100777,Ramos-White,NC,1,2024-08-29
100778,Thompson-Phillips,VA,1,2023-10-15
100779,"Rodriguez, Graves and Barker",SC,1,2024-11-23
100780,Chambers-Mata,NC,1,2019-11-19
100781,Davis-Schultz,NC,1,2019-11-28
100782,White Inc,VA,1,2023-06-05
100783,Mccormick LLC,GA,1,2019-10-04
100784,Fitzpatrick PLC,NC,1,2021-09-20
100785,Salas-Kerr,NC,1,2022-11-20
100786,Woodard and Sons,NC,1,2024-02-03
100787,Nichols and Sons,SC,1,2021-10-21
100788,Koch-Martin,VA,1,2021-06-02
100789,Massey LLC,NC,1,2021-07-27
100790,Harris and Sons,NC,1,2022-01-29
100791,Moore-Malone,NC,1,2024-05-16
100792,Boone-Young,SC,1,2025-10-15
100793,Myers-Jensen,VA,0,2019-10-25
100794,"Bennett, King and Thompson",NC,1,2019-04-10
100795,Gibson and Sons,NC,0,2021-11-18
100796,Pena Group,NC,1,2022-01-05
100797,Sellers and Sons,NC,1,2021-09-08
100798,Ellison Group,SC,1,2021-09-23
100799,Dean-Peterson,VA,1,2024-04-15
100800,"James, Bridges and Lloyd",GA,1,2024-05-26
100801,Craig and Sons,NC,1,2022-05-21
100802,Watson LLC,NC,1,2023-08-15
100803,Williams-Perez,NC,1,2021-12-15
100804,Burns-Schmidt,GA,1,2025-12-18
100805,Roberts-Evans,NC,1,2022-10-22
100806,"Miller, Sampson and Martin",SC,1,2023-07-04
100807,"Matthews, Paul and Collins",NC,1,2025-02-09
100808,Jordan-Lewis,NC,1,2020-02-06
100809,"Schaefer, Morales and Graham",NC,1,2022-01-04
100810,"Flores, Bradshaw and Davis",NC,1,2019-12-13
100811,Collier-Harmon,SC,1,2025-11-13
100812,Moore-Davis,TN,0,2021-11-02
100813,Benitez LLC,SC,1,2020-07-03
100814,"Miller, Wilson and Browning",SC,1,2021-10-22
100815,Weaver and Sons,TN,1,2023-12-03
100816,Evans-Barnes,NC,1,2019-06-02
100817,"Doyle, Wilson and Nicholson",NC,1,2019-02-15
100818,Lee Group,NC,1,2025-02-26
100819,"Miller, Brooks and Cole",VA,1,2024-09-30
100820,"Miller, Newman and Warner",NC,1,2025-08-11
100821,Barnes and Sons,NC,1,2019-09-27
100822,"Montoya, Long and Williams",VA,1,2025-03-24
100823,Morgan Ltd,NC,1,2024-03-03
100824,"Banks, White and Andrade",FL,0,2022-11-26
100825,Anderson-Santiago,FL,1,2020-10-26
100826,Oliver LLC,NC,1,2020-04-16
100827,Vaughn-Wall,NC,1,2025-05-23
100828,Hall Ltd,NC,1,2019-03-06
100829,Lane Ltd,VA,1,2024-04-12
100830,Klein LLC,SC,1,2020-10-01
100831,Hunt Ltd,VA,0,2024-10-17
100832,"Barker, Wilson and Ruiz",NC,1,2025-01-18
100833,Montoya-Johnson,TN,1,2021-09-02
100834,"Peterson, Carlson and Flores",NC,1,2020-02-10
100835,"Santana, Wilkinson and Johnson",NC,1,2023-10-14
100836,Roberts-Bell,NC,0,2021-06-05
100837,Ray Ltd,VA,1,2022-05-28
100838,"Bowman, Nelson and Lewis",TN,1,2024-06-06
100839,Perez Ltd,NC,1,2019-04-13
100840,"Keller, Williams and Haley",SC,1,2025-08-13
100841,Johnson-Dennis,NC,1,2019-09-11
100842,"Williams, Johnson and Bird",SC,0,2024-09-13
100843,Kennedy-Hill,NC,1,2023-01-11
100844,Stevens-Mcpherson,NC,1,2022-11-05
100845,Brown-Haynes,NC,1,2021-08-14
100846,"Miller, Robbins and Owen",NC,1,2019-01-11
100847,Carson-Gibbs,SC,1,2025-09-09
100848,"Hooper, Wilson and Tran",SC,1,2024-08-04
100849,"Clark, Valentine and Foley",VA,1,2024-08-22
100850,Duncan Inc,VA,1,2024-08-28
100851,Chambers-Short,VA,1,2021-02-14
100852,"Ross, Williams and Casey",VA,1,2025-04-29
100853,Davis-Hughes,VA,1,2021-03-19
100854,Norton and Sons,NC,1,2020-03-16
100855,Mills Inc,NC,1,2025-01-20
100856,Valdez Ltd,NC,0,2022-09-18
100857,Smith-White,NC,1,2024-08-12
100858,Smith Group,NC,1,2023-03-28
100859,"Stevens, Kramer and Hahn",SC,1,2023-06-16
100860,Cameron PLC,NC,1,2021-02-09
100861,"Williams, Bryant and Gamble",FL,1,2019-08-09
100862,Rivas Group,SC,1,2025-10-14
100863,"Carney, Brown and Thompson",TN,1,2023-04-17
100864,Lloyd Inc,FL,1,2023-07-02
100865,Allen Ltd,FL,0,2023-05-31
100866,Hahn Group,NC,1,2020-12-14
100867,Hancock-Lloyd,SC,1,2025-12-15
100868,Woods LLC,TN,1,2024-02-19
100869,Butler LLC,NC,1,2020-06-05
100870,"Mata, Jackson and Francis",NC,1,2023-11-16
100871,Snyder-Copeland,GA,1,2021-12-15
100872,Jackson-King,NC,1,2025-02-11
100873,Obrien-Smith,NC,1,2019-05-12
100874,Turner PLC,GA,1,2021-05-24
100875,Neal-House,NC,1,2024-01-10
100876,"Fitzpatrick, Smith and Hernandez",NC,1,2025-10-01
100877,Flynn and Sons,VA,1,2025-01-01
100878,"Armstrong, Chavez and Rogers",VA,1,2025-02-08
100879,Jimenez PLC,NC,1,2023-05-20
100880,Brown-Joyce,VA,1,2024-05-08
100881,"Campbell, Walters and Stanley",FL,0,2023-11-22
100882,Ochoa PLC,NC,1,2024-12-06
100883,Lopez Ltd,NC,0,2022-05-20
100884,"Mercado, Clark and Chang",SC,0,2025-06-21
100885,Adams-Clarke,NC,1,2019-12-16
100886,"Jones, Perry and Morales",NC,1,2019-01-29
100887,Mack and Sons,VA,1,2019-02-12
100888,Hoffman PLC,SC,1,2024-04-05
100889,"Decker, Donaldson and Aguirre",GA,1,2022-08-07
100890,Perez-Gillespie,GA,1,2025-05-24
100891,"Lee, English and Morton",VA,1,2024-01-17
100892,"Williams, Reed and Tran",VA,1,2025-01-15
100893,Petty-Levy,TN,1,2019-01-23
100894,"Porter, Patrick and Perez",NC,1,2019-07-08
100895,Bowers Inc,NC,1,2023-08-17
100896,"Moore, Graves and Kaufman",NC,1,2021-02-03
100897,"Petty, Edwards and Thomas",SC,1,2020-12-20
100898,Coleman Inc,NC,1,2020-03-14
100899,Mejia LLC,NC,1,2019-01-11
100900,Bradley LLC,FL,1,2025-01-30
100901,"Mcdaniel, Davis and Mills",TN,1,2025-01-05
100902,Allen LLC,SC,1,2024-01-10
100903,Solis Ltd,NC,1,2024-12-02
100904,"Hatfield, Vazquez and Davidson",GA,1,2021-03-23
100905,"Carlson, Bowen and Pena",NC,1,2022-03-15
100906,"Anderson, Reed and Long",SC,1,2020-01-17
100907,"Morris, Myers and Garcia",NC,1,2019-02-02
100908,Paul Inc,NC,1,2021-01-13
100909,Ross-Taylor,NC,1,2024-08-22
100910,Lewis-Hernandez,SC,1,2023-04-14
100911,"Snyder, Meyer and Jimenez",VA,1,2020-11-06
100912,Wheeler-Sparks,NC,1,2019-09-24
100913,Caldwell Ltd,TN,1,2022-10-31
100914,Macias and Sons,NC,1,2020-01-21
100915,Hanna-Lee,NC,1,2025-03-17
100916,"Harris, Dominguez and Hinton",SC,1,2025-02-11
100917,"Pena, Williams and Andrade",NC,1,2024-09-03
100918,Bush-Brady,VA,1,2022-10-17
100919,"Jimenez, Hall and Baird",NC,1,2020-12-05
100920,Barnes Inc,NC,1,2020-09-19
100921,Mitchell-Collins,NC,1,2022-09-02
100922,Rose-Hudson,NC,1,2024-10-06
100923,"Schmidt, Moore and Jackson",NC,0,2025-04-17
100924,Logan-Alvarado,NC,0,2020-05-06
100925,"Brown, Lynch and Rodriguez",NC,1,2023-06-18
100926,Campbell Inc,NC,1,2019-07-23
100927,Lopez-Lara,VA,1,2019-12-15
100928,Sullivan-Miles,NC,1,2021-10-04
100929,"Armstrong, Lee and Scott",VA,1,2022-06-14
100930,Bryant Inc,NC,1,2024-07-21
100931,Lambert-Zamora,VA,1,2019-03-14
100932,Jenkins-Johnson,NC,1,2019-05-05
100933,Berry LLC,NC,1,2021-11-14
100934,"Wood, Lee and Cole",NC,1,2025-11-30
100935,"Gray, Moreno and Maddox",NC,1,2024-10-20
100936,"Moore, Fisher and Davis",TN,1,2022-03-12
100937,"Schwartz, Alvarez and Sanchez",SC,1,2023-08-15
100938,Miller Group,VA,1,2025-09-17
100939,Fitzgerald-Hernandez,NC,1,2021-01-09
100940,Robertson PLC,VA,1,2020-12-22
100941,"Wilson, Benjamin and Moore",SC,1,2022-12-01
100942,"Williams, Hall and Olson",NC,1,2020-03-06
100943,"Pacheco, Thomas and Wright",SC,1,2024-12-24
100944,Bishop PLC,NC,1,2025-11-30
100945,Montgomery PLC,NC,1,2024-01-18
100946,Martin Inc,GA,1,2023-10-01
100947,"Lowe, Price and Fry",NC,1,2019-07-08
100948,Schmidt-Haynes,SC,1,2024-10-28
100949,Hart-Rodriguez,FL,1,2024-05-31
100950,Moore-Hayes,SC,1,2020-01-07
100951,Riggs LLC,NC,1,2020-04-12
100952,Sanders-Hendrix,SC,1,2022-09-10
100953,Warren LLC,NC,1,2022-02-12
100954,West LLC,VA,1,2022-09-19
100955,Cole LLC,VA,1,2019-09-10
100956,"Walton, Shaw and Roth",NC,1,2025-12-17
100957,Robbins-Nelson,NC,1,2023-04-06
100958,Wright LLC,NC,1,2019-11-22
100959,Reese-Webb,SC,1,2025-06-17
100960,Dorsey-Reed,VA,1,2019-10-01
100961,Rosales-Thomas,SC,1,2023-11-11
100962,Scott Ltd,SC,1,2025-04-28
100963,Miller-Andrews,VA,1,2024-07-15
100964,Hughes LLC,NC,0,2024-01-30
100965,"Thomas, Wood and Mitchell",SC,1,2022-03-20
100966,"Hamilton, Green and Wallace",FL,1,2025-02-05
100967,Cox-Roberts,NC,1,2023-01-30
100968,Holland-Skinner,VA,1,2022-10-07
100969,"Mason, Smith and King",SC,1,2025-08-23
100970,"Torres, Turner and Vance",NC,1,2022-01-25
100971,Daniel-Hensley,VA,1,2019-02-26
100972,"Spence, Hampton and Young",NC,1,2021-06-06
100973,Mccoy LLC,NC,1,2022-03-24
100974,"Chang, Deleon and Morris",GA,1,2025-04-21
100975,Johnson and Sons,NC,1,2021-09-21
100976,Colon LLC,NC,1,2020-07-14
100977,Walker-Anderson,NC,1,2020-12-28
100978,Brewer-Jordan,SC,1,2020-04-26
100979,"Mendoza, Fry and Ware",GA,1,2023-01-07
100980,Medina-Freeman,NC,1,2021-01-12
100981,"Taylor, Whitney and Hart",NC,1,2021-05-16
100982,Wilson-Barnes,NC,1,2022-09-22
100983,"Wade, Harmon and Hernandez",FL,1,2021-02-05
100984,Santiago-Hale,FL,1,2024-12-06
100985,Ramirez Ltd,NC,1,2020-09-10
100986,"Huffman, Simpson and Smith",VA,1,2020-02-13
100987,"Russell, Callahan and Krueger",VA,1,2023-03-07
100988,Hernandez-Jordan,NC,1,2024-08-29
100989,Johnson-Roberts,NC,1,2023-04-10
100990,"Nguyen, Jones and Buck",NC,1,2019-07-08
100991,Davis Group,SC,1,2025-06-25
100992,"Garcia, Oconnor and Johnson",NC,1,2022-02-10
100993,Hughes Ltd,NC,1,2021-09-01
100994,Roth Inc,VA,1,2024-12-17
100995,Bates-Contreras,SC,1,2024-04-14
100996,Henderson Group,GA,1,2022-09-02
100997,"Peters, Johnson and Pacheco",NC,1,2019-05-25
100998,Vazquez-Collins,VA,1,2020-07-06
100999,Bell-Smith,NC,1,2020-12-28
101000,Smith and Sons,GA,1,2021-06-09
101001,"Gordon, Doyle and Moore",VA,1,2019-11-10
101002,"Adams, Davidson and Mitchell",NC,1,2019-03-26
101003,"Oneill, Williams and Noble",NC,1,2022-04-01
101004,Davis Group,SC,1,2025-11-07
101005,Dillon-Cunningham,SC,1,2019-06-25
101006,"Rogers, Williams and Olsen",TN,1,2021-11-04
101007,Molina Inc,VA,1,2021-08-13
101008,"Rogers, Morrison and Davis",NC,1,2019-02-21
101009,Williams-Friedman,VA,1,2023-07-05
101010,"Burns, Lee and Davis",NC,1,2023-08-25
101011,"Franklin, Gutierrez and Hughes",FL,1,2019-09-08
101012,"Hobbs, Delgado and Wagner",VA,1,2025-03-18
101013,"Alvarado, Austin and Carroll",VA,1,2023-05-30
101014,"Johnson, Barrera and Marshall",SC,1,2021-12-28
101015,Patel Ltd,TN,1,2020-10-03
101016,Cervantes-Fischer,FL,1,2025-03-19
101017,"Rodriguez, Pacheco and Payne",FL,1,2022-03-25
101018,Henderson PLC,TN,1,2024-05-31
101019,Nicholson-Wright,VA,1,2025-05-14
101020,Moore-Wilson,SC,1,2020-09-19
101021,Smith Group,NC,1,2025-10-03
101022,Porter Inc,NC,1,2019-03-29
101023,Fowler-Hamilton,SC,1,2019-09-19
101024,"Rodriguez, Floyd and White",NC,1,2023-09-17
101025,Huffman Ltd,NC,1,2019-01-12
101026,Glover-Bowen,NC,1,2020-04-17
101027,Smith Group,TN,1,2020-12-07
101028,Cook-Parker,SC,1,2025-10-22
101029,"Kennedy, Juarez and Fitzgerald",SC,0,2023-10-21
101030,Watson Ltd,NC,1,2019-10-28
101031,"Wells, Long and Wagner",NC,1,2020-12-14
101032,Johnson Ltd,NC,1,2022-08-23
101033,Luna-Cook,NC,1,2023-07-28
101034,Grant and Sons,NC,0,2019-12-13
101035,Chang Group,GA,1,2023-10-29
101036,Myers-Garcia,VA,1,2022-08-15
101037,Soto-Sanchez,NC,0,2022-09-23
101038,Cochran Ltd,GA,1,2022-05-13
101039,Oliver Ltd,GA,1,2023-10-06
101040,"Davidson, Barker and Duncan",VA,1,2020-11-08
101041,Schneider Ltd,NC,1,2023-12-23
101042,"Edwards, Phillips and Hardin",VA,0,2021-01-04
101043,Fitzgerald Ltd,NC,1,2022-03-18
101044,Mays-Castro,NC,0,2019-05-29
101045,"Brown, Ruiz and Morgan",NC,0,2025-09-02
101046,"Franklin, Gallegos and Richardson",NC,1,2020-10-08
101047,"Beltran, Guzman and Gardner",VA,1,2020-08-06
101048,Cain LLC,NC,1,2021-10-03
101049,Roberts-Myers,NC,0,2023-04-25
101050,Lee-Johnson,NC,1,2019-03-17
101051,Cunningham-Douglas,NC,1,2024-08-26
101052,"Powers, Peterson and Oneal",VA,1,2025-02-04
101053,Hernandez-Fitzpatrick,SC,1,2021-03-05
101054,Hernandez-Randolph,VA,1,2023-08-12
101055,Shields-Rodriguez,TN,1,2019-06-06
101056,Walker-Drake,NC,1,2023-11-08
101057,Russell-Hayes,SC,1,2022-11-02
101058,"Jensen, Perez and Mcpherson",GA,0,2021-03-11
101059,Bell LLC,NC,1,2020-10-14
101060,Williams-Jackson,NC,1,2019-07-10
101061,"Finley, Moreno and Chung",NC,1,2024-08-08
101062,"Higgins, Morrow and Green",VA,1,2019-05-13
101063,Perez-Parsons,NC,1,2022-02-17
101064,Hoffman LLC,NC,1,2020-07-28
101065,"King, Rivera and Nguyen",FL,1,2025-04-07
101066,Wilson PLC,NC,1,2020-03-23
101067,Owens-Rodriguez,NC,1,2019-11-14
101068,Alvarez-Wang,SC,1,2019-09-23
101069,Hall PLC,TN,1,2022-04-04
101070,Burnett and Sons,VA,1,2022-11-14
101071,Porter-Watson,NC,0,2023-12-03
101072,Rice LLC,SC,1,2019-11-29
101073,Davis LLC,NC,1,2024-03-25
101074,Dean-Evans,SC,1,2024-11-28
101075,"Thompson, Andrews and Walker",GA,1,2025-05-05
101076,Hale Inc,VA,1,2025-10-14
101077,"Martin, Schroeder and Miller",SC,1,2020-11-17
101078,"Pena, Berry and Keller",VA,1,2022-03-26
101079,"Larson, Mcclure and George",TN,1,2022-12-17
101080,"Holt, Brown and Davis",NC,1,2024-06-20
101081,Thomas Ltd,NC,1,2021-04-08
101082,Moody Group,NC,1,2021-08-10
101083,Pennington-Huffman,VA,1,2025-05-09
101084,"Riley, Hutchinson and Potter",NC,0,2020-08-07
101085,Bishop and Sons,SC,1,2023-05-11
101086,Lowe-Durham,NC,1,2020-03-01
101087,Lopez-Morales,GA,1,2025-07-29
101088,"Love, Smith and Brown",NC,1,2020-04-13
101089,"Lee, Cooper and Parks",NC,1,2022-04-23
101090,"Holloway, Meyer and Reed",NC,1,2020-01-22
101091,"Mason, Henry and Burgess",NC,1,2024-05-09
101092,Edwards Inc,NC,1,2024-12-07
101093,"Hale, Wilson and Burns",TN,1,2023-07-07
101094,Mullins-Hood,NC,1,2025-10-14
101095,Edwards Inc,SC,1,2021-08-18
101096,Adams LLC,NC,1,2024-03-01
101097,Scott-Ward,NC,1,2021-06-27
101098,Johns-Miller,NC,1,2022-08-15
101099,Tucker PLC,VA,1,2024-01-20
101100,"Williams, Conway and Peterson",NC,1,2025-09-16
101101,"Mueller, Yates and Finley",NC,1,2025-05-30
101102,"Lynch, Phillips and Williams",SC,1,2022-03-03
101103,Cross-Green,SC,1,2023-10-25
101104,Cain-Townsend,NC,1,2022-04-28
101105,Nash-Roth,FL,1,2022-05-13
101106,Chen LLC,NC,0,2025-09-21
101107,"Quinn, Leblanc and Gilbert",NC,1,2023-02-02
101108,Wallace PLC,GA,1,2020-12-22
101109,"Jones, Jones and Schroeder",FL,1,2022-01-21
101110,Garcia-Johnson,VA,0,2023-09-15
101111,Dean-Williams,NC,1,2021-11-30
101112,"Bonilla, Davis and Hill",NC,1,2024-07-10
101113,Johnson Group,SC,1,2021-11-24
101114,"Brock, Aguirre and Larsen",GA,1,2022-01-25
101115,Sweeney and Sons,NC,1,2021-02-07
101116,Jimenez PLC,NC,1,2023-07-20
101117,Green and Sons,SC,1,2021-06-15
101118,Lloyd-Smith,SC,1,2021-09-04
101119,"Harris, Mills and Leonard",GA,1,2024-01-22
101120,"Smith, Smith and Shepherd",NC,1,2025-05-02
101121,Simmons-Poole,SC,1,2024-10-06
101122,Dunn Inc,NC,0,2019-01-27
101123,Stewart-White,NC,1,2020-12-23
101124,"Dennis, Ingram and Gaines",VA,1,2021-06-18
101125,"Hayden, Grant and Phillips",NC,1,2023-03-21
101126,"Garcia, Sutton and Smith",NC,1,2020-08-08
101127,Garcia and Sons,NC,1,2022-08-27
101128,Pierce LLC,SC,1,2023-08-19
101129,Wilson-Dillon,NC,1,2023-08-24
101130,"Zavala, Hull and Romero",NC,1,2025-03-31
101131,Burns-Freeman,NC,1,2020-08-12
101132,Carpenter-Nelson,NC,1,2025-12-19
101133,Fields Ltd,NC,1,2025-03-07
101134,"Gonzales, Harris and Turner",VA,1,2019-10-09
101135,Browning Inc,TN,1,2024-07-24
101136,"Roman, White and Miller",NC,1,2022-06-14
101137,Fox-Gutierrez,SC,1,2020-07-29
101138,"Herrera, Wilson and Jackson",NC,1,2024-08-20
101139,Nguyen Ltd,NC,1,2021-12-30
101140,Barron Inc,VA,1,2020-11-13
101141,"Luna, Gutierrez and Davis",NC,1,2021-07-20
101142,Thompson-Walsh,NC,1,2021-05-08
101143,Rangel Ltd,SC,1,2023-06-11
101144,Walsh-Sullivan,NC,1,2023-07-20
101145,"Moody, Weeks and Johnson",NC,1,2022-03-28
101146,Medina Group,NC,0,2021-09-30
101147,Nunez-Price,SC,1,2022-09-01
101148,Avery-Fletcher,NC,1,2019-08-03
101149,Hamilton and Sons,SC,1,2020-03-09
101150,"Martinez, Jackson and Pierce",NC,1,2022-12-31
101151,Scott LLC,NC,1,2021-09-20
101152,Hill-Garcia,TN,1,2022-07-15
101153,"Ross, Thompson and Barnett",FL,1,2025-08-23
101154,"Ruiz, Pace and Morales",SC,1,2019-01-23
101155,"Jordan, Edwards and Campbell",NC,0,2019-02-23
101156,Meyer-Cruz,NC,1,2025-08-16
101157,"Carr, Henderson and Schroeder",NC,1,2025-05-17
101158,"Waters, Jackson and Fernandez",SC,1,2020-10-21
101159,"Daniel, Swanson and Wilson",NC,1,2019-06-05
101160,Koch PLC,NC,1,2022-03-08
101161,"Larsen, Johnson and Morris",NC,1,2025-05-24
101162,"West, Edwards and Luna",NC,1,2022-10-02
101163,Fernandez and Sons,GA,1,2022-08-15
101164,Anderson LLC,SC,1,2022-01-20
101165,Bennett and Sons,NC,1,2020-12-19
101166,"Hanson, Hendrix and Ross",SC,1,2025-01-12
101167,"Lin, Schmidt and Jackson",SC,1,2022-09-15
101168,Smith-Blake,NC,0,2023-08-04
101169,Castro LLC,GA,0,2023-11-05
101170,Lowe and Sons,SC,1,2024-09-06
101171,Alexander and Sons,SC,1,2020-04-03
101172,"Morris, Luna and Norman",VA,1,2023-01-27
101173,"Mills, Hamilton and Bishop",NC,1,2019-11-29
101174,Berry-Hall,VA,1,2022-05-13
101175,Pham Inc,NC,1,2025-10-26
101176,Miller-Finley,NC,1,2022-11-29
101177,Rodriguez-Roberts,VA,1,2020-11-23
101178,"Wilson, Hamilton and Hernandez",SC,1,2022-09-21
101179,Johnson Inc,NC,1,2022-06-03
101180,"Shaffer, Martin and Ball",GA,1,2025-05-31
101181,"Thomas, West and King",GA,1,2019-04-25
101182,Jennings-Smith,SC,1,2019-02-27
101183,"Hoffman, Santiago and Wood",NC,1,2021-01-24
101184,Diaz-Burch,VA,1,2020-06-12
101185,Dominguez LLC,FL,1,2022-08-03
101186,"Webb, Weaver and Hall",NC,1,2020-05-29
101187,Fitzpatrick LLC,NC,1,2024-05-18
101188,Diaz-Gibson,NC,1,2022-05-18
101189,"Oneill, Gonzalez and Jackson",FL,1,2025-08-12
101190,Huffman-Park,NC,1,2025-05-29
101191,Maddox-Marks,TN,1,2025-07-22
101192,"Zimmerman, Henry and Richardson",VA,1,2022-04-29
101193,"Hernandez, Holden and Fernandez",NC,1,2024-01-14
101194,"Harris, Moreno and Carey",FL,1,2024-02-26
101195,"Miller, Hanson and Gonzales",NC,1,2020-04-06
101196,Johnson PLC,NC,0,2022-09-17
101197,Moore PLC,FL,1,2019-06-03
101198,Rodriguez Ltd,FL,1,2023-04-14
101199,Smith LLC,TN,1,2023-11-25
101200,Campbell and Sons,NC,0,2019-12-12
101201,Reeves-Williams,VA,0,2019-05-06
101202,Brooks-Bender,NC,1,2021-10-19
101203,Hernandez-Thompson,VA,1,2021-01-26
101204,Armstrong-Brown,TN,1,2021-02-01
101205,Jones and Sons,NC,1,2020-01-19
101206,Ortiz-Carter,SC,1,2020-12-16
101207,"Kelley, Gonzalez and Yu",SC,1,2021-11-03
101208,Smith-Lewis,TN,1,2025-07-25
101209,Morris-Bennett,NC,1,2025-06-03
101210,Johnson-Jones,TN,1,2021-01-05
101211,Porter-Hodges,NC,1,2019-10-03
101212,"Wilson, Hopkins and Perez",SC,1,2019-04-12
101213,"Ortega, Michael and Pacheco",NC,1,2025-08-30
101214,Ward-Alvarez,NC,1,2019-02-25
101215,"Cruz, Perkins and Trevino",NC,1,2024-02-09
101216,"Mcdonald, Johnson and Cardenas",FL,1,2023-07-28
101217,"Higgins, Keith and Rodgers",SC,1,2024-06-08
101218,"Jackson, Mitchell and Ford",FL,1,2021-06-16
101219,Jennings-Mccall,NC,1,2025-11-22
101220,Lopez-Warner,NC,1,2024-12-22
101221,Lee-Robinson,GA,1,2019-11-28
101222,"Doyle, Marshall and Hansen",NC,1,2020-03-03
101223,Hall PLC,NC,1,2023-11-30
101224,"Wong, Brown and Blackburn",GA,1,2023-07-23
101225,"Lester, Villegas and Arnold",SC,1,2021-03-03
101226,Smith-Le,FL,1,2019-12-18
101227,Moran and Sons,SC,1,2019-11-06
101228,"Jordan, Avila and Yates",VA,1,2022-07-19
101229,Scott-Poole,VA,1,2023-06-24
101230,Carson-Murphy,NC,1,2024-04-13
101231,"Stevens, Rush and Gray",SC,1,2021-06-14
101232,"Wagner, Bradford and Williams",FL,1,2024-10-30
101233,Jackson-Gray,NC,1,2019-12-15
101234,"Peterson, Dunn and Greene",NC,1,2025-07-18
101235,Carter-Mann,NC,1,2025-12-07
101236,"Walker, Molina and Conley",VA,1,2021-08-08
101237,Petersen Inc,NC,1,2021-05-23
101238,Young-Wood,VA,1,2019-01-03
101239,Reed Inc,GA,1,2024-06-05
101240,Taylor Inc,NC,1,2023-09-30
101241,"Hayes, Knight and Collins",GA,1,2020-07-28
101242,Mills-Thompson,NC,1,2021-03-15
101243,Miller-Smith,NC,0,2023-08-01
101244,Mora Inc,NC,1,2025-07-20
101245,Lutz-Miller,NC,1,2020-09-04
101246,Green PLC,NC,1,2025-02-06
101247,Watkins-Davis,SC,1,2019-09-30
101248,"Ortiz, Richards and Lee",NC,1,2020-06-28
101249,Holmes PLC,NC,1,2025-09-30
101250,Gould Inc,NC,1,2023-04-05
101251,"Mcbride, Peterson and Hanson",SC,1,2021-06-25
101252,"Brown, Foster and Collins",VA,1,2024-01-14
101253,Morgan Ltd,NC,1,2023-09-23
101254,Bright-Young,NC,1,2024-07-16
101255,"Bell, Nelson and Bray",TN,1,2019-11-20
101256,"Rose, Le and Gray",NC,1,2022-08-18
101257,Brown-Mendez,SC,1,2019-09-09
101258,"Singh, Abbott and Reid",NC,1,2023-05-18
101259,Miles Ltd,NC,1,2022-04-23
101260,Taylor-Peterson,FL,1,2020-04-08
101261,Schultz LLC,FL,1,2024-03-04
101262,Cooper Ltd,NC,1,2021-06-18
101263,Townsend-Meyers,NC,1,2019-01-16
101264,"Barton, Garcia and Key",SC,1,2025-07-19
101265,Blake Ltd,NC,1,2024-03-15
101266,Clark-Cantrell,SC,1,2023-12-31
101267,Perez PLC,NC,1,2025-02-27
101268,Johnson-Webster,NC,1,2020-01-11
101269,Hale-Lawson,NC,1,2022-07-06
101270,"Simpson, Moore and Lewis",GA,1,2020-05-11
101271,"Harris, Lee and Hooper",SC,0,2022-06-18
101272,Perez-Rojas,VA,1,2022-04-10
101273,Ward-Baker,SC,1,2019-07-23
101274,Taylor Ltd,NC,1,2022-05-26
101275,Little Ltd,TN,1,2025-04-30
101276,Spence-Swanson,TN,1,2024-06-01
101277,"Richards, Wiley and Lindsey",VA,1,2019-06-06
101278,Wade-Obrien,VA,1,2022-03-10
101279,"Pena, Rogers and Morrison",NC,1,2023-01-26
101280,Johnson Inc,NC,1,2022-05-14
101281,Mendez LLC,GA,1,2020-03-30
101282,Shepherd-Taylor,NC,1,2019-08-07
101283,Thomas-Sullivan,SC,1,2024-06-11
101284,Baker Inc,NC,0,2020-09-22
101285,Rodriguez Inc,SC,1,2025-04-01
101286,Barrera-Davis,SC,1,2019-09-05
101287,Cook Inc,NC,1,2020-01-11
101288,Sheppard LLC,NC,0,2025-04-20
101289,Smith Group,SC,1,2023-02-08
101290,Horn-Hickman,VA,1,2019-05-27
101291,Baker Ltd,FL,1,2021-08-10
101292,"Hicks, Kim and Hicks",SC,0,2019-11-04
101293,Murphy LLC,VA,1,2022-04-13
101294,Lopez-Rogers,TN,1,2023-08-24
101295,Williams-Griffin,NC,1,2023-08-27
101296,Bryant-Parker,GA,1,2022-02-28
101297,Ray PLC,NC,1,2024-11-24
101298,Cohen-Wilson,GA,1,2020-09-11
101299,"Davis, Atkins and Sherman",SC,1,2023-01-05
101300,"Garrett, Thomas and Coleman",NC,1,2021-07-30
101301,Juarez-Summers,GA,0,2023-11-11
101302,"Jackson, Shaw and Pugh",SC,1,2025-10-15
101303,Vang-Williams,NC,1,2024-10-12
101304,"Cameron, Willis and Jackson",NC,1,2020-02-23
101305,"Osborne, Foster and Singleton",SC,1,2021-10-02
101306,"Hobbs, Adkins and Waller",FL,1,2020-03-22
101307,Robertson-Holland,GA,1,2020-07-05
101308,"Stephens, Donaldson and Long",NC,1,2021-06-15
101309,Carroll-Estes,NC,1,2022-07-09
101310,Mitchell LLC,SC,1,2020-01-22
101311,Howard Group,NC,1,2021-11-29
101312,"Henderson, Lewis and Moore",SC,1,2022-07-20
101313,Carter Inc,NC,1,2020-05-22
101314,Brown LLC,NC,1,2019-01-12
101315,Howard-Silva,SC,1,2020-07-09
101316,"George, Rich and Cole",NC,1,2020-07-03
101317,Flores-Hughes,SC,1,2025-04-30
101318,"Brown, Carter and Church",FL,1,2020-05-08
101319,Roach-Miller,NC,1,2025-06-13
101320,Lewis-Cook,SC,1,2020-10-21
101321,Gonzalez-King,SC,0,2021-11-15
101322,Copeland-Holt,NC,1,2023-01-16
101323,Lawrence-Petersen,NC,1,2024-03-17
101324,"Bowman, Douglas and Jenkins",TN,0,2025-06-23
101325,Fisher Ltd,SC,1,2020-02-13
101326,Levine Group,NC,1,2022-03-07
101327,"Martin, Carroll and Huang",NC,1,2022-12-06
101328,Brown-Thompson,NC,1,2025-09-22
101329,"Glenn, Kim and Barrera",FL,1,2024-02-27
101330,"Brooks, Moore and Payne",VA,1,2019-02-02
101331,"White, Scott and Gibson",NC,1,2020-04-08
101332,May PLC,NC,1,2023-12-04
101333,Kelley Inc,GA,1,2020-08-16
101334,Reyes-Lopez,VA,1,2023-04-27
101335,Henderson PLC,SC,1,2023-08-10
101336,Dixon Ltd,NC,1,2025-06-08
101337,"Roberson, Summers and Palmer",SC,1,2020-02-12
101338,Perez Group,NC,1,2024-04-20
101339,"Boyd, Oconnell and Macdonald",GA,1,2023-02-16
101340,"Miller, Perry and Adams",NC,1,2024-05-23
101341,"Lindsey, Bishop and Allen",NC,1,2020-01-15
101342,Campbell-Hughes,NC,1,2022-12-08
101343,Cox-Davis,NC,1,2020-05-03
101344,"Rogers, Carter and Smith",NC,0,2021-08-11
101345,Holmes LLC,NC,1,2020-01-07
101346,"Mills, Rodriguez and Hines",TN,1,2021-05-29
101347,Edwards-Coleman,NC,1,2024-11-29
101348,Turner Ltd,NC,1,2024-07-05
101349,May Ltd,TN,1,2020-01-03
101350,Velazquez-Torres,NC,1,2024-11-08
101351,Flynn LLC,FL,1,2022-03-04
101352,Wood-Miller,SC,1,2020-03-25
101353,Murphy LLC,NC,1,2024-04-16
101354,Webb-Garza,GA,1,2024-01-04
101355,Martinez-Ruiz,VA,1,2023-06-05
101356,"King, Guerra and Brown",VA,1,2019-11-10
101357,"Douglas, Stephens and Brown",NC,1,2021-03-16
101358,"Henderson, Henry and Torres",NC,1,2022-04-26
101359,Lewis and Sons,NC,1,2023-11-29
101360,Hickman-Buckley,SC,1,2019-12-29
101361,"Moore, Martin and Miller",NC,1,2020-11-25
101362,"Smith, Moore and Thompson",SC,1,2022-09-17
101363,"Perry, Chan and Garcia",NC,1,2021-01-23
101364,Davis-Alvarez,NC,1,2025-02-02
101365,Mendoza-Contreras,NC,1,2025-08-06
101366,Miles Ltd,NC,1,2020-04-21
101367,"Williams, Brown and Morgan",NC,1,2022-08-02
101368,"Velazquez, Cisneros and Campbell",NC,1,2021-01-02
101369,Medina and Sons,FL,1,2022-09-09
101370,"King, Weiss and Wood",FL,1,2024-07-04
101371,"Tucker, Hansen and Pham",NC,1,2021-12-31
101372,Jimenez LLC,NC,1,2024-07-18
101373,Miller PLC,FL,1,2019-01-20
101374,Cooke and Sons,VA,1,2025-04-15
101375,Grimes-Bailey,NC,1,2025-03-25
101376,Collins PLC,NC,1,2024-01-22
101377,Parker PLC,NC,1,2025-08-02
101378,Ruiz-Carter,SC,0,2023-12-28
101379,Melton-Clark,TN,1,2019-12-12
101380,Washington LLC,NC,1,2024-05-23
101381,Alvarez LLC,NC,0,2023-07-03
101382,Santana and Sons,VA,1,2021-09-28
101383,Conrad-Collins,NC,1,2022-05-08
101384,Taylor Ltd,NC,0,2024-08-15
101385,Williams and Sons,NC,1,2019-06-29
101386,Wright-Edwards,NC,1,2020-08-02
101387,"Thompson, Bennett and Hoffman",FL,1,2025-07-05
101388,Davis Group,NC,1,2020-12-05
101389,Williams PLC,GA,1,2022-09-01
101390,Sims-Burns,TN,1,2021-01-29
101391,"Harris, Willis and Morris",FL,1,2023-12-29
101392,Ortiz and Sons,NC,1,2025-05-06
101393,Davis-Smith,NC,1,2020-12-31
101394,Nguyen-Holden,FL,1,2020-02-03
101395,"Gonzalez, Brown and Martin",SC,1,2019-01-10
101396,Willis-Johnson,NC,1,2019-06-09
101397,Weaver-Yang,SC,1,2020-12-09
101398,Williams-Stanton,NC,1,2020-06-04
101399,"Johnson, Gonzalez and Jones",SC,1,2020-03-02
101400,Novak PLC,TN,1,2024-05-22
101401,Silva PLC,NC,1,2024-11-07
101402,Richards-Trujillo,NC,1,2024-08-10
101403,Allen-Dean,VA,1,2023-08-12
101404,Lowe Inc,SC,1,2024-05-16
101405,Mullen Ltd,NC,1,2022-06-11
101406,Reed Ltd,TN,1,2023-06-24
101407,Perkins-Turner,NC,1,2021-03-19
101408,Flores-Maxwell,FL,1,2025-05-29
101409,"Stone, King and Smith",NC,1,2019-07-27
101410,Garcia Ltd,TN,1,2025-10-18
101411,"Aguilar, Kennedy and James",SC,1,2025-02-25
101412,"Carrillo, Werner and Macdonald",SC,1,2022-02-25
101413,Ellis Group,SC,1,2020-05-11
101414,Grimes-Christensen,VA,1,2024-07-18
101415,Robinson-Ortiz,VA,1,2024-03-03
101416,Rios-Allen,SC,1,2020-04-26
101417,Bass Ltd,NC,1,2019-10-18
101418,"Chase, Duncan and Parsons",SC,1,2021-05-24
101419,Barnes Ltd,GA,1,2024-09-12
101420,Costa PLC,FL,1,2023-06-01
101421,"Hamilton, Haas and Hardin",NC,1,2024-04-23
101422,"Walton, Wilson and Middleton",SC,1,2021-03-26
101423,Costa Group,NC,1,2020-05-13
101424,"Taylor, Woods and Warner",SC,1,2020-09-09
101425,Miller-Smith,NC,0,2021-06-21
101426,"Moody, Vance and Hammond",NC,1,2019-04-15
101427,Barnes Ltd,FL,1,2019-08-31
101428,"Guerrero, Nelson and Lin",FL,1,2023-04-01
101429,"Mendoza, Pope and Gonzalez",NC,1,2023-06-11
101430,Campbell PLC,NC,1,2023-03-06
101431,"Roberts, Holmes and Brown",TN,1,2025-01-12
101432,Mack-Johnson,NC,1,2019-05-02
101433,"Crawford, Mosley and Hale",NC,1,2023-07-23
101434,Moore-Miller,NC,1,2024-05-03
101435,Avila-Dyer,SC,1,2022-10-18
101436,"Branch, Alvarez and Ruiz",NC,1,2022-04-02
101437,Gilmore Inc,VA,1,2021-06-19
101438,Brown-Willis,GA,0,2025-03-13
101439,"Dixon, Cruz and Wilson",GA,1,2019-06-18
101440,"Lewis, Ross and Johnson",NC,0,2023-12-21
101441,Martinez Ltd,VA,1,2022-04-30
101442,"Rodriguez, Franco and Glass",NC,1,2022-02-10
101443,Scott-Bailey,FL,1,2024-08-20
101444,"Hoffman, Johnson and Leon",NC,1,2023-09-22
101445,Hernandez Inc,TN,1,2019-02-05
101446,Brown Group,GA,1,2023-11-20
101447,"Heath, Rubio and Ramirez",NC,1,2021-03-31
101448,Perez-Beard,NC,1,2020-11-17
101449,Ward LLC,SC,1,2025-04-21
101450,"Jenkins, Nelson and Waters",NC,1,2020-01-29
101451,Lopez and Sons,NC,1,2021-09-04
101452,Banks-Mitchell,NC,1,2022-01-25
101453,Ramsey Inc,NC,1,2022-12-18
101454,Smith-Morris,FL,1,2022-05-12
101455,Allen-Warner,VA,1,2025-05-07
101456,"Perez, Nelson and Dunlap",FL,1,2025-01-23
101457,Lee and Sons,TN,1,2025-05-05
101458,"Davis, Cunningham and Smith",GA,1,2024-08-13
101459,Soto Group,TN,1,2023-12-30
101460,Johnson and Sons,NC,1,2025-04-13
101461,Anthony and Sons,NC,1,2020-06-05
101462,"Norris, Armstrong and Ford",NC,1,2025-03-06
101463,Trujillo-Stuart,NC,1,2025-10-08
101464,"Cantrell, Miller and Wilson",SC,1,2022-09-04
101465,Proctor-Adams,SC,1,2024-08-14
101466,Ortiz-English,NC,1,2024-05-27
101467,"Holmes, Jones and Jones",SC,1,2020-10-31
101468,"Brooks, Martin and Davis",NC,1,2023-01-18
101469,"Rosales, Moran and Maldonado",VA,1,2019-07-20
101470,Gardner-Weaver,NC,1,2022-08-10
101471,Fox-Klein,NC,1,2022-07-01
101472,Hall-Miller,TN,1,2025-09-03
101473,Nguyen-Hughes,NC,1,2022-09-16
101474,Johnson and Sons,NC,1,2024-01-20
101475,Hudson-Howard,TN,1,2019-03-31
101476,"Clark, Rowland and Kennedy",NC,1,2024-04-24
101477,"Allen, Boyd and Martinez",NC,1,2022-04-13
101478,"Moreno, Hobbs and Morgan",VA,1,2024-08-02
101479,"Walters, Adams and Willis",NC,1,2022-01-17
101480,Schwartz-Roy,SC,1,2021-07-30
101481,Preston Group,NC,1,2020-02-06
101482,Thomas Ltd,NC,1,2020-01-21
101483,Boyd Group,NC,1,2022-11-22
101484,"Freeman, Walton and Brown",TN,1,2021-09-07
101485,Hart-Rangel,VA,1,2020-05-18
101486,"Hall, Hunt and Fields",GA,1,2020-03-31
101487,"Walker, Bernard and Harvey",NC,1,2019-09-14
101488,"Everett, Garcia and Parker",NC,1,2019-06-25
101489,Miller-Soto,NC,1,2025-02-25
101490,"Kim, Hayes and Graves",NC,1,2024-12-20
101491,"Wilkerson, Wilson and Roth",VA,1,2024-05-27
101492,"Benitez, Young and Olson",NC,1,2020-12-21
101493,"Maxwell, Davis and Wagner",SC,1,2024-01-01
101494,Martinez-Morton,GA,1,2025-11-16
101495,Ray-Howell,NC,0,2019-10-19
101496,"Parker, Fowler and Knox",VA,1,2023-07-21
101497,"Jones, Fowler and Singleton",NC,1,2020-03-02
101498,Macias PLC,NC,1,2025-06-17
101499,Jones-Mcclure,NC,1,2025-11-27
101500,Allen-Davis,GA,0,2022-04-13
101501,Kelly Ltd,NC,0,2024-03-05
101502,Hall Inc,SC,1,2023-05-08
101503,Scott Ltd,NC,1,2021-08-09
101504,Peterson Inc,NC,1,2023-10-01
101505,Molina-Smith,NC,0,2019-02-26
101506,White-Edwards,GA,1,2021-01-21
101507,"Zimmerman, Romero and Rivera",NC,1,2023-03-12
101508,Morgan LLC,NC,1,2019-01-05
101509,Garrett Inc,NC,1,2021-05-08
101510,"Patterson, Moore and Powers",GA,1,2022-09-12
101511,Wilson Ltd,GA,1,2022-04-18
101512,Lopez PLC,SC,1,2024-11-06
101513,Clay Inc,SC,1,2019-06-22
101514,Wade LLC,TN,1,2021-07-09
101515,"Evans, Snyder and Keller",SC,1,2019-09-20
101516,Fitzgerald Inc,TN,1,2021-04-05
101517,"Holder, Ramirez and Moses",NC,1,2022-07-23
101518,Smith LLC,VA,1,2022-04-14
101519,Carpenter and Sons,SC,1,2021-08-07
101520,Kemp and Sons,NC,1,2022-01-16
101521,Morrow and Sons,TN,1,2019-03-23
101522,Sanchez-Kirk,NC,1,2021-04-26
101523,Anderson PLC,NC,0,2019-07-25
101524,Davis LLC,NC,1,2025-11-10
101525,Walton and Sons,NC,0,2022-04-26
101526,"Johnson, Wright and Chavez",TN,1,2023-01-20
101527,Martin-Klein,SC,1,2023-11-16
101528,Cruz-Daniels,TN,1,2025-01-19
101529,Fisher Inc,VA,1,2022-12-22
101530,Cook Inc,NC,1,2024-12-05
101531,"Espinoza, Woodward and Parker",TN,0,2025-07-30
101532,"Mckay, Evans and Davies",NC,1,2021-01-10
101533,Harris LLC,NC,1,2019-01-28
101534,Brown-Pugh,NC,1,2021-10-31
101535,Miles-Cisneros,GA,1,2022-08-13
101536,"Kim, Silva and Lee",NC,1,2021-02-23
101537,Dudley-Clark,NC,1,2022-02-03
101538,"Crane, Jackson and Williams",NC,1,2025-01-09
101539,Spencer-Wolfe,NC,1,2024-06-09
101540,"Gentry, Day and Gray",TN,1,2025-08-15
101541,Salinas Ltd,NC,1,2020-10-03
101542,Spears-Parks,VA,1,2020-10-30
101543,Garcia-Brown,TN,1,2024-03-11
101544,"Gomez, Jones and Forbes",NC,1,2019-03-23
101545,"Harris, Brown and Pham",NC,1,2021-05-24
101546,Horton Ltd,VA,1,2025-04-18
101547,Jordan Inc,SC,0,2025-12-06
101548,Miller Group,FL,1,2021-03-18
101549,"Lozano, Clark and Hughes",FL,1,2025-07-13
101550,Silva-Sims,SC,1,2024-08-21
101551,"Hampton, Miller and Choi",VA,1,2025-06-06
101552,Curry and Sons,VA,1,2023-07-23
101553,Walker LLC,NC,1,2019-11-20
101554,Ellis LLC,SC,1,2022-04-13
101555,Hutchinson-Esparza,VA,1,2021-08-01
101556,Curtis-Freeman,GA,1,2025-01-16
101557,Scott Inc,SC,1,2024-05-07
101558,"Olsen, Stewart and Meza",SC,1,2023-10-25
101559,"Montgomery, Webb and Jones",SC,1,2022-05-25
101560,Crawford-Stevens,NC,1,2021-10-15
101561,Fowler and Sons,SC,0,2023-05-18
101562,Morris and Sons,SC,1,2023-08-28
101563,Sparks-Zhang,NC,1,2022-11-26
101564,"Stephenson, Preston and Sanford",SC,1,2020-04-23
101565,Hatfield Group,VA,1,2019-05-27
101566,"Whitehead, Vargas and Jones",SC,1,2020-01-31
101567,Clark Group,NC,1,2022-07-26
101568,"Reynolds, Berry and Garrison",NC,1,2023-03-16
101569,Peters PLC,NC,1,2019-05-07
101570,"Nichols, Johnston and Williams",FL,1,2025-04-11
101571,"Obrien, Ramirez and Wright",NC,1,2025-01-09
101572,"Burch, Rodriguez and Montgomery",NC,0,2025-02-24
101573,Gilbert PLC,NC,0,2024-12-04
101574,"Sherman, Johnson and Andrews",NC,1,2019-12-17
101575,"Wade, Williams and Johnson",NC,0,2022-11-05
101576,Dunn-Brooks,SC,1,2023-01-03
101577,"Miller, Griffin and Murphy",NC,1,2022-06-26
101578,"Stephens, Weber and Vaughn",VA,1,2019-09-13
101579,Johnson-Graham,TN,1,2019-12-31
101580,Perez-Knight,VA,1,2022-12-25
101581,Proctor Ltd,NC,1,2025-12-01
101582,Sherman-Campbell,FL,1,2019-11-04
101583,Vega-Weber,NC,1,2020-02-27
101584,Vaughn and Sons,SC,1,2022-12-15
101585,Tran-Parks,SC,1,2023-05-02
101586,Perez Ltd,NC,1,2019-02-20
101587,Rhodes-Burns,FL,1,2024-05-16
101588,Miller-Wolfe,GA,1,2023-12-10
101589,Lynch-Barr,NC,0,2021-12-13
101590,Brooks LLC,NC,1,2020-11-27
101591,"Moody, Long and Robertson",TN,1,2019-07-16
101592,Mcdaniel-Cook,NC,1,2022-08-05
101593,Meyers-Miller,GA,1,2022-05-15
101594,Walker-Green,NC,1,2023-08-18
101595,Gates-Hamilton,NC,1,2020-11-03
101596,Mcdowell-Moss,SC,1,2025-06-15
101597,Lopez Ltd,FL,1,2024-07-15
101598,Bryant-Shaw,SC,1,2021-08-16
101599,Castaneda-Williams,NC,1,2021-01-05
101600,"Taylor, Duncan and Clarke",NC,1,2020-07-17
101601,Griffith Inc,NC,1,2019-12-21
101602,Medina-Sparks,SC,1,2021-11-25
101603,Clayton-Gonzalez,NC,1,2021-04-16
101604,"Collins, Bishop and Clark",NC,1,2022-03-17
101605,"Watson, Lee and Fernandez",NC,1,2019-03-05
101606,Abbott-Parker,NC,1,2025-08-07
101607,Alvarez PLC,NC,0,2021-06-16
101608,Parker LLC,NC,1,2020-05-09
101609,"Campbell, Martin and Baker",NC,1,2020-03-30
101610,Walters-Dennis,NC,1,2024-05-05
101611,"Chambers, Poole and Smith",NC,0,2025-03-24
101612,Sweeney LLC,NC,1,2022-04-28
101613,Robertson Inc,NC,0,2023-07-21
101614,"Norris, Sherman and Perez",NC,1,2022-11-12
101615,"Perry, Boyd and Hanson",NC,1,2020-07-31
101616,Davidson Ltd,GA,0,2020-05-07
101617,Duncan-Willis,VA,1,2025-04-17
101618,"Johnson, Walters and Blackwell",VA,1,2019-02-20
101619,Smith Ltd,NC,1,2020-06-05
101620,Morgan-Welch,VA,1,2021-10-19
101621,Grant Inc,NC,1,2024-07-11
101622,Martinez Group,NC,1,2020-01-17
101623,"Humphrey, Obrien and Lambert",NC,1,2024-07-14
101624,Robles Ltd,NC,1,2021-03-18
101625,Zimmerman Ltd,FL,1,2022-02-01
101626,Braun-Rivera,GA,0,2020-05-22
101627,Cruz-Hall,GA,1,2024-07-21
101628,Mccoy and Sons,GA,1,2021-04-03
101629,Smith-Joseph,NC,1,2021-05-06
101630,"Perez, Flores and Watson",SC,1,2021-02-15
101631,Mcguire-Monroe,SC,1,2023-04-21
101632,"Richards, Hernandez and Barnes",TN,1,2020-07-03
101633,Francis Inc,NC,1,2025-04-18
101634,"Zhang, Cook and Harper",SC,1,2025-03-19
101635,Hanson Group,NC,0,2020-01-21
101636,Buchanan Inc,NC,1,2024-05-10
101637,Hart-Olsen,NC,1,2020-03-28
101638,Thompson Inc,SC,1,2020-05-11
101639,Hayes-George,SC,1,2022-10-10
101640,"Solomon, Robinson and Aguirre",NC,1,2024-08-18
101641,Owen Group,NC,1,2021-07-30
101642,Franklin-Randolph,VA,1,2025-12-01
101643,Munoz-Crawford,NC,1,2021-10-11
101644,Ferguson-Martinez,FL,1,2022-07-25
101645,Frederick-Edwards,TN,1,2023-07-12
101646,Butler-Alexander,SC,1,2019-12-18
101647,"Sparks, Cisneros and Carter",NC,1,2020-12-20
101648,Mcbride and Sons,VA,1,2022-09-25
101649,Hicks-Soto,SC,1,2025-12-19
101650,"Harris, Patton and Cole",SC,1,2019-11-13
101651,"Shaffer, Anderson and Hale",SC,1,2023-04-27
101652,"Cervantes, Simmons and Rivera",NC,1,2023-07-16
101653,"Brooks, Perkins and Haynes",FL,1,2019-07-28
101654,Walker Group,VA,0,2020-11-27
101655,Scott-Barajas,NC,1,2020-09-23
101656,Green-Fernandez,NC,1,2025-05-10
101657,Ward-Wood,VA,1,2024-05-30
101658,Gomez-Johnson,SC,1,2023-11-24
101659,"Herring, Rodriguez and Jones",NC,1,2024-09-13
101660,Smith Ltd,FL,1,2020-05-02
101661,"Washington, Garcia and Martin",NC,1,2019-06-08
101662,"Joyce, Morales and Briggs",SC,1,2023-11-16
101663,"Newton, Sanchez and Wilson",SC,1,2019-08-20
101664,Thomas LLC,NC,1,2020-12-15
101665,Smith-Coleman,NC,1,2024-08-17
101666,Baker-Castaneda,VA,1,2021-04-16
101667,Henry-York,SC,1,2019-02-04
101668,Flynn Ltd,NC,1,2021-06-18
101669,Nolan-Anderson,NC,1,2020-05-14
101670,"Ortiz, Castillo and Williams",TN,1,2024-12-12
101671,Vargas-Roberts,SC,1,2020-10-15
101672,Russell PLC,NC,1,2024-01-24
101673,Martinez Inc,SC,1,2022-07-20
101674,Dyer LLC,SC,1,2025-06-30
101675,"Ali, Montgomery and Scott",NC,1,2020-05-19
101676,"Harris, King and Logan",TN,1,2023-12-06
101677,"Mclaughlin, Thompson and Williams",NC,1,2019-04-07
101678,"Campbell, Smith and Williams",NC,1,2022-04-05
101679,Young-Garcia,GA,1,2021-08-24
101680,Sanchez-Stewart,SC,0,2023-08-20
101681,Mccann-Rhodes,GA,1,2022-09-09
101682,"Miller, Santiago and Johnson",SC,1,2020-09-22
101683,Parrish-Cervantes,NC,1,2019-05-21
101684,Lewis-Flores,SC,1,2020-07-31
101685,Ayala-Ferguson,TN,1,2023-01-26
101686,Ortiz-Becker,SC,1,2023-12-16
101687,Elliott LLC,NC,1,2022-05-16
101688,Smith and Sons,FL,1,2023-05-21
101689,"Walker, Alexander and Woods",SC,1,2023-10-21
101690,King-Sanchez,NC,1,2025-01-05
101691,Smith-Vang,VA,1,2022-10-17
101692,"House, Brown and Russell",TN,0,2025-05-02
101693,Wilson Ltd,TN,1,2020-03-17
101694,"Gonzalez, Paul and Kaufman",SC,1,2023-05-14
101695,"Pacheco, Smith and Castillo",NC,1,2019-03-17
101696,Mccormick-Underwood,GA,1,2025-02-08
101697,"Shelton, Williams and Martin",NC,1,2025-07-11
101698,"Sanchez, Erickson and Trujillo",SC,1,2019-11-28
101699,Hubbard and Sons,NC,1,2024-11-13
101700,Garcia-Bennett,GA,1,2023-09-14
101701,Rodriguez-Smith,NC,1,2022-12-30
101702,Hernandez Inc,VA,1,2025-10-08
101703,"Butler, Walker and Santos",NC,1,2021-08-22
101704,Hughes PLC,NC,1,2024-05-19
101705,Hughes Group,SC,1,2021-06-13
101706,"Edwards, Woods and Roth",NC,1,2019-02-09
101707,"Hayes, Huff and Rose",NC,1,2025-12-06
101708,Shepherd-Williams,NC,1,2019-10-16
101709,Rodgers-Bauer,NC,1,2024-04-29
101710,"Green, Chapman and Vargas",SC,1,2019-05-22
101711,Sanders-Brown,FL,1,2020-02-12
101712,West Group,NC,1,2024-02-10
101713,Martinez-Buchanan,NC,1,2021-05-04
101714,Lawson-Humphrey,NC,1,2021-12-30
101715,"Garcia, Cooper and Perez",NC,1,2021-09-15
101716,"Hartman, Hernandez and Stephens",NC,1,2020-07-24
101717,Jimenez-Allison,NC,1,2022-10-26
101718,"Harris, Smith and Gray",NC,1,2021-11-16
101719,Ortega LLC,NC,1,2019-01-09
101720,"Kelley, James and Cook",GA,1,2019-06-12
101721,"Smith, Powell and Rodriguez",SC,0,2019-06-05
101722,Williams-Porter,SC,1,2023-04-09
101723,Turner LLC,FL,1,2025-01-19
101724,Bolton LLC,NC,1,2023-07-24
101725,"Murphy, Trujillo and Moore",FL,1,2025-03-27
101726,Webb Group,SC,0,2021-01-07
101727,Serrano Group,GA,1,2021-07-10
101728,Taylor LLC,FL,1,2024-12-25
101729,Riley Inc,TN,1,2019-05-01
101730,"Cannon, Diaz and Valdez",TN,1,2019-10-03
101731,Soto-Sutton,NC,1,2021-05-25
101732,Hernandez Inc,NC,1,2024-03-09
101733,Lee-Hodges,NC,1,2019-03-21
101734,Taylor PLC,NC,1,2022-09-14
101735,Vincent-Johnson,TN,1,2021-01-12
101736,Cox-Jackson,NC,1,2023-12-03
101737,"Robertson, Andrews and Hampton",VA,1,2024-07-05
101738,Wilkerson Ltd,VA,1,2019-06-10
101739,"Hart, Sullivan and Dyer",NC,1,2022-09-25
101740,Patel PLC,GA,1,2025-02-26
101741,Shaffer and Sons,NC,1,2021-11-10
101742,Steele-Mcdonald,VA,1,2019-03-10
101743,Moore Inc,NC,1,2024-08-28
101744,"Beck, Morales and Thomas",SC,1,2022-05-02
101745,Mcbride-Green,SC,1,2020-09-21
101746,Glass-Williams,SC,1,2025-02-03
101747,Gutierrez Ltd,TN,1,2020-04-15
101748,"Cruz, Stephens and Lucas",NC,1,2022-04-21
101749,"English, Miller and Webster",SC,1,2024-07-26
101750,"Williams, Campos and Shaw",GA,1,2025-07-16
101751,Lopez LLC,SC,1,2023-12-27
101752,"Nelson, Perry and Hall",NC,1,2019-04-19
101753,Morrison and Sons,SC,1,2021-12-13
101754,Hamilton Ltd,NC,1,2024-12-11
101755,"Black, Weaver and Caldwell",VA,1,2023-11-27
101756,Nelson-Hartman,SC,1,2020-09-26
101757,Robinson Group,VA,1,2022-10-16
101758,Lopez LLC,TN,1,2019-02-19
101759,"Ferrell, Morris and Brooks",SC,1,2024-09-13
101760,Morris Ltd,NC,1,2019-06-10
101761,Washington-Jackson,NC,1,2024-11-19
101762,Jones Ltd,TN,1,2020-09-03
101763,Hernandez-Cruz,NC,1,2021-03-21
101764,"Garcia, Fuller and Mckinney",NC,1,2019-01-09
101765,Wong Group,NC,1,2022-06-08
101766,Perry-Dunn,NC,1,2019-09-15
101767,Harrison Ltd,NC,1,2025-08-11
101768,Sanchez PLC,TN,1,2024-06-15
101769,Scott PLC,GA,1,2023-10-18
101770,Gray Ltd,NC,1,2024-04-21
101771,"Contreras, Owen and Schmitt",SC,1,2021-12-03
101772,Callahan-Sims,NC,1,2021-09-30
101773,Wong Inc,NC,1,2020-05-31
101774,Jacobs Inc,FL,0,2022-12-05
101775,"Lucas, Martinez and Hill",TN,1,2024-09-19
101776,"Lynch, Vazquez and Garcia",SC,1,2020-02-27
101777,Williams Ltd,GA,1,2020-04-22
101778,"Donaldson, Woods and Holland",NC,1,2022-08-03
101779,Allen PLC,NC,1,2019-05-01
101780,Glover Ltd,NC,1,2023-03-02
101781,Myers Group,NC,1,2023-07-08
101782,Hanson and Sons,GA,1,2024-04-11
101783,Boyd Ltd,NC,1,2020-10-14
101784,Myers Ltd,FL,1,2024-06-10
101785,Nichols-Newton,NC,1,2022-08-07
101786,Sampson-Wilkinson,NC,1,2022-09-14
101787,Powell-Alvarez,VA,1,2019-09-04
101788,Hines Inc,VA,0,2022-02-20
101789,Frazier-Gonzalez,TN,1,2020-05-09
101790,"Hudson, Thompson and Glenn",NC,1,2024-11-22
101791,"Watkins, Gomez and Thompson",SC,1,2023-01-31
101792,"Hawkins, Andrade and Wilson",FL,0,2024-08-28
101793,Wilkerson LLC,SC,1,2023-08-01
101794,"Bean, Kirk and Hughes",VA,1,2020-01-10
101795,Shea LLC,NC,1,2025-11-13
101796,Hudson Group,NC,1,2024-08-17
101797,Figueroa-Carroll,FL,1,2025-11-20
101798,Williams-Taylor,NC,1,2020-08-28
101799,"Robinson, Smith and Gonzalez",VA,1,2021-08-01
101800,Green-Moore,SC,0,2021-12-09
101801,Brown Inc,NC,1,2020-01-06
101802,Nielsen Group,SC,1,2020-02-07
101803,"Wagner, Mcintosh and Chapman",GA,1,2019-01-04
101804,"Brewer, Harris and Owens",SC,1,2025-09-11
101805,Fields and Sons,SC,1,2021-10-16
101806,"King, Nelson and Saunders",NC,1,2019-12-21
101807,Bridges Group,TN,1,2025-10-29
101808,Singleton-Gonzalez,TN,1,2025-05-30
101809,"Decker, Navarro and Stewart",SC,1,2019-04-20
101810,Gray-Reed,SC,0,2021-01-30
101811,Nelson Ltd,GA,1,2023-09-13
101812,Moody Inc,GA,1,2024-03-04
101813,"Macias, Mason and Rosales",NC,1,2023-10-27
101814,Russell and Sons,NC,1,2025-03-25
101815,"Steele, Hall and Blair",NC,1,2023-12-21
101816,Brown-Torres,NC,1,2021-03-21
101817,Cooper-Castillo,NC,1,2025-11-13
101818,Levine-Calderon,NC,1,2020-07-25
101819,Nicholson-Page,FL,1,2024-10-13
101820,"Fuentes, Baker and Reeves",VA,1,2023-07-19
101821,"Russell, Gonzalez and Rodriguez",GA,1,2022-06-04
101822,Frost-Bryant,NC,1,2021-08-16
101823,Johnson Ltd,VA,1,2025-05-17
101824,Raymond-Allen,VA,0,2025-01-12
101825,Stevenson-Hamilton,NC,1,2025-04-26
101826,"Carlson, Miller and Moss",NC,1,2020-11-16
101827,"Reyes, Curry and Nelson",NC,1,2023-12-08
101828,"Jenkins, Francis and Mitchell",NC,1,2023-05-23
101829,Joyce-Dean,NC,1,2023-02-13
101830,Ramsey-Garner,VA,1,2024-06-10
101831,Montes Group,NC,1,2020-07-03
101832,Proctor-Oneill,NC,1,2023-06-02
101833,Taylor Ltd,NC,0,2024-03-18
101834,"Oliver, Ortega and Potts",NC,1,2025-05-25
101835,Newman-Espinoza,VA,1,2025-03-10
101836,Evans-Rodriguez,SC,1,2023-09-15
101837,Griffin Group,TN,1,2023-06-26
101838,Lowery-Ramos,VA,1,2023-07-07
101839,Gomez Inc,TN,0,2019-05-16
101840,"Morgan, Wise and Mendoza",VA,1,2024-10-02
101841,"Roberts, Bryant and Humphrey",VA,1,2019-01-06
101842,Morales Ltd,VA,1,2024-09-20
101843,"Rodriguez, Price and Hall",TN,1,2021-09-01
101844,Young-Gutierrez,SC,1,2020-10-13
101845,"Dixon, Cordova and Cox",FL,1,2023-06-28
101846,"Roberts, Wiggins and Rice",SC,1,2022-07-22
101847,Smith Ltd,NC,1,2025-11-17
101848,"Thomas, Henry and Whitney",SC,1,2019-04-22
101849,Arnold-Santiago,NC,1,2023-01-31
101850,Williams-Peters,GA,1,2021-12-03
101851,Williams-Kim,NC,1,2020-01-12
101852,"Davis, Dunn and Hawkins",NC,1,2019-01-30
101853,Merritt PLC,TN,1,2019-12-01
101854,"Ray, Mann and Collins",VA,1,2024-04-19
101855,"Wells, Williams and Cook",NC,1,2025-10-12
101856,Jones LLC,NC,1,2019-07-25
101857,"Price, Turner and Richmond",FL,1,2025-01-21
101858,Lopez LLC,NC,0,2022-10-13
101859,Wall and Sons,SC,1,2023-04-04
101860,Parker-Butler,SC,1,2020-03-13
101861,Anderson LLC,NC,1,2020-12-04
101862,"Stokes, Hernandez and Bentley",NC,1,2022-08-02
101863,Campbell LLC,NC,1,2023-01-03
101864,Lawrence-Hogan,VA,1,2020-01-02
101865,"Reid, Torres and Campbell",VA,1,2020-08-17
101866,Johnson Group,NC,1,2020-09-11
101867,"Watts, Bender and Rangel",NC,1,2023-04-16
101868,Mercado Ltd,NC,1,2020-06-17
101869,"Johnson, Sanchez and Lopez",VA,0,2023-06-20
101870,Elliott Inc,NC,1,2020-02-02
101871,Parsons-Clayton,SC,0,2024-05-22
101872,"Collins, Jones and Warren",FL,1,2024-04-24
101873,"Jones, Spence and Poole",SC,1,2025-11-04
101874,"Werner, Gardner and Sanchez",NC,1,2023-05-19
101875,Arnold-Nelson,TN,1,2024-01-04
101876,Griffin and Sons,NC,1,2023-09-09
101877,Allison-Miller,FL,1,2023-12-13
101878,Pace-Carpenter,FL,1,2023-06-07
101879,Sheppard LLC,GA,1,2020-01-16
101880,"Webb, Hanson and Carson",SC,1,2020-04-30
101881,Wright-Horton,NC,1,2021-08-01
101882,Wright LLC,NC,1,2023-03-20
101883,"Perry, Hamilton and Duncan",SC,1,2023-07-09
101884,Johnson-Schmidt,SC,1,2022-08-06
101885,Munoz-Riley,NC,1,2022-08-23
101886,"Ponce, Rodriguez and Campbell",NC,1,2024-10-10
101887,Ramsey-Knight,NC,1,2025-06-10
101888,"Kim, Johnson and Williams",VA,1,2022-05-02
101889,Lee-Long,TN,1,2019-07-04
101890,Johnson-Brown,NC,1,2019-12-25
101891,Green Group,SC,1,2020-07-19
101892,Lopez Inc,NC,1,2021-05-08
101893,Black Inc,NC,1,2025-12-27
101894,Brooks and Sons,GA,1,2022-08-23
101895,Diaz-Leonard,VA,1,2019-12-13
101896,"Walker, James and Jones",VA,1,2023-11-24
101897,Bell-Horton,NC,1,2019-05-19
101898,"Patton, Murphy and Simmons",NC,1,2025-06-27
101899,"Rodriguez, Floyd and Schultz",NC,0,2019-01-09
101900,Edwards-Burton,NC,0,2021-03-02
101901,Porter Ltd,FL,1,2019-04-24
101902,Mullen and Sons,VA,1,2023-10-08
101903,Strong-Robinson,VA,1,2025-11-18
101904,"Clark, Goodman and Taylor",NC,1,2023-04-03
101905,"Lopez, Miller and Holden",GA,1,2024-12-22
101906,Perez and Sons,SC,1,2020-11-30
101907,"Daniels, Boyd and Murray",NC,1,2023-10-06
101908,Adams Inc,NC,1,2024-08-15
101909,Nash-Brown,NC,0,2022-06-06
101910,Elliott LLC,VA,1,2021-10-31
101911,"Moreno, Sullivan and Mason",NC,1,2024-02-16
101912,Rasmussen-Wood,NC,0,2023-06-20
101913,"Whitaker, Kim and Sanders",VA,1,2025-08-17
101914,Gould and Sons,SC,1,2020-11-15
101915,Shah LLC,NC,1,2019-09-03
101916,Andrews Group,SC,1,2020-03-14
101917,"Newton, Russell and Lopez",NC,1,2024-11-05
101918,"Jones, Jackson and Hernandez",NC,1,2019-08-23
101919,"Snow, Woodard and Fisher",NC,1,2019-01-12
101920,Bradley-Evans,FL,0,2023-12-04
101921,Smith-Garrett,VA,1,2022-02-21
101922,Hernandez-Soto,SC,1,2024-07-30
101923,Walker-Price,VA,1,2024-07-28
101924,Mitchell Ltd,NC,1,2022-12-02
101925,Lucero Group,NC,1,2023-10-27
101926,Dixon-Ochoa,TN,0,2023-06-22
101927,Soto Group,NC,1,2019-02-16
101928,"Bush, Walsh and Walton",NC,1,2022-04-27
101929,Robinson and Sons,NC,1,2019-12-13
101930,Shepherd PLC,NC,0,2024-02-12
101931,"Krueger, Archer and Miranda",VA,1,2020-09-29
101932,"Perez, Gonzalez and Knox",FL,0,2024-06-27
101933,Dalton and Sons,VA,0,2022-09-07
101934,"Ward, Jimenez and Taylor",NC,1,2024-03-23
101935,Gonzales Inc,NC,1,2022-11-01
101936,Rodriguez and Sons,GA,1,2022-09-07
101937,"Morgan, Foster and Benjamin",SC,1,2023-10-07
101938,Bennett and Sons,GA,1,2023-07-20
101939,"Coffey, Chapman and Brown",NC,1,2020-02-09
101940,Patterson PLC,TN,1,2019-07-06
101941,"Nelson, Moore and Coleman",NC,1,2021-04-22
101942,Pineda-Harris,VA,1,2021-05-28
101943,"Jennings, Ward and Johnson",NC,1,2023-12-22
101944,Bauer-Henry,NC,1,2025-12-08
101945,"Garcia, Grant and Stewart",VA,1,2022-08-01
101946,"Taylor, Robinson and Weber",VA,1,2022-05-31
101947,Flores-Frank,VA,1,2019-06-08
101948,Perez-Hill,NC,1,2025-11-16
101949,"Salazar, Carroll and Rich",NC,1,2019-07-07
101950,Vasquez and Sons,NC,1,2023-12-21
101951,Burnett Group,NC,1,2024-02-08
101952,Silva and Sons,SC,1,2021-08-21
101953,Martin PLC,NC,1,2021-12-02
101954,Williams Ltd,NC,0,2021-06-26
101955,Glass-Sandoval,GA,1,2020-04-15
101956,"Pitts, Hill and Matthews",NC,1,2020-10-14
101957,Williams LLC,VA,1,2020-08-30
101958,"Collins, Washington and Turner",VA,1,2024-06-14
101959,Davenport Inc,GA,1,2020-09-28
101960,Smith LLC,NC,1,2025-05-08
101961,Davis-Shannon,NC,1,2024-08-05
101962,Kane-Howard,NC,1,2024-06-17
101963,Valdez-Snyder,NC,0,2025-10-08
101964,"Torres, Taylor and Brown",NC,1,2023-11-18
101965,Taylor-Cohen,NC,1,2022-10-13
101966,Mills-Owens,GA,0,2025-08-25
101967,Gibson Inc,NC,1,2024-09-26
101968,Wolf and Sons,NC,1,2021-09-14
101969,"Smith, Green and Cisneros",GA,1,2020-07-29
101970,Williams and Sons,NC,1,2021-06-15
101971,Banks LLC,NC,1,2025-08-29
101972,"Scott, Taylor and Roman",NC,1,2025-03-01
101973,Rodriguez-Obrien,VA,1,2025-02-26
101974,"Parsons, Stokes and Kim",NC,1,2024-06-19
101975,"Garcia, Rosario and Harris",VA,1,2020-05-18
101976,"Moore, Newman and Tyler",TN,1,2022-12-18
101977,Mendoza-Pineda,NC,1,2020-03-07
101978,Molina Inc,SC,1,2020-12-25
101979,Wilkerson-Fernandez,FL,1,2023-05-05
101980,Calhoun Ltd,NC,1,2020-10-05
101981,Gamble-Griffin,TN,1,2021-07-27
101982,Goodwin Inc,TN,1,2023-11-24
101983,Reynolds Inc,VA,1,2022-05-12
101984,"Johnson, Blackwell and Malone",FL,1,2022-11-09
101985,"Rodriguez, Kim and Jones",NC,1,2023-03-07
101986,"Ortiz, Brown and Santos",NC,1,2022-01-02
101987,Sandoval and Sons,NC,1,2025-09-19
101988,Wolfe Inc,VA,1,2022-06-25
101989,Reid PLC,NC,1,2019-03-17
101990,Williams and Sons,FL,1,2023-04-03
101991,"Reed, Valdez and Turner",SC,1,2020-08-24
101992,Lester Group,SC,1,2019-08-14
101993,Montgomery-Parker,TN,1,2023-04-29
101994,"Irwin, George and Robinson",VA,1,2025-07-01
101995,Schultz-Weaver,NC,1,2020-09-19
101996,Vasquez and Sons,NC,1,2019-05-27
101997,Garcia Group,SC,1,2023-06-06
101998,James LLC,VA,1,2022-06-26
101999,Martin Inc,VA,1,2022-11-17
102000,"Scott, Diaz and Garrett",NC,1,2019-02-02
