product_id,sku,product_name,category_id,unit_cost,list_price,active_flag
1,BRO-000001,Outdoor Product 0001,3,114.26,293.34,1
2,BRO-000002,Outdoor Product 0002,5,121.77,156.34,1
3,BRO-000003,Outdoor Product 0003,6,81.35,249.04,1
4,BRO-000004,Outdoor Product 0004,6,136.67,259.59,1
5,BRO-000005,Outdoor Product 0005,4,88.22,205.39,1
6,BRO-000006,Outdoor Product 0006,10,48.89,186.6,1
7,BRO-000007,Outdoor Product 0007,3,91.33,342.59,1
8,BRO-000008,Outdoor Product 0008,9,124.5,382.38,1
9,BRO-000009,Outdoor Product 0009,2,24.1,316.25,1
10,BRO-000010,Outdoor Product 0010,4,132.25,219.49,1
11,BRO-000011,Outdoor Product 0011,4,93.18,116.48,1
12,BRO-000012,Outdoor Product 0012,6,163.02,203.78,1
13,BRO-000013,Outdoor Product 0013,4,95.76,261.62,1
14,BRO-000014,Outdoor Product 0014,7,159.08,266.38,1
15,BRO-000015,Outdoor Product 0015,6,34.56,54.28,1
16,BRO-000016,Outdoor Product 0016,11,26.73,383.0,1
17,BRO-000017,Outdoor Product 0017,12,90.31,270.89,1
18,BRO-000018,Outdoor Product 0018,3,3.64,57.69,1
19,BRO-000019,Outdoor Product 0019,12,90.74,373.68,1
20,BRO-000020,Outdoor Product 0020,11,21.66,374.93,1
21,BRO-000021,Outdoor Product 0021,11,150.39,273.63,1
22,BRO-000022,Outdoor Product 0022,4,137.8,338.97,1
23,BRO-000023,Outdoor Product 0023,4,83.09,237.68,1
24,BRO-000024,Outdoor Product 0024,10,25.73,203.76,1
25,BRO-000025,Outdoor Product 0025,8,146.74,351.7,1
26,BRO-000026,Outdoor Product 0026,7,179.52,224.4,1
27,BRO-000027,Outdoor Product 0027,11,93.94,128.15,1
28,BRO-000028,Outdoor Product 0028,5,62.49,381.45,1
29,BRO-000029,Outdoor Product 0029,6,75.68,313.74,1
30,BRO-000030,Outdoor Product 0030,7,143.02,178.78,1
31,BRO-000031,Outdoor Product 0031,6,38.39,54.8,1
32,BRO-000032,Outdoor Product 0032,6,33.26,111.89,1
33,BRO-000033,Outdoor Product 0033,9,39.66,366.73,1
34,BRO-000034,Outdoor Product 0034,2,153.92,297.58,1
35,BRO-000035,Outdoor Product 0035,2,133.14,309.83,1
36,BRO-000036,Outdoor Product 0036,6,171.14,213.92,1
37,BRO-000037,Outdoor Product 0037,6,166.9,208.62,1
38,BRO-000038,Outdoor Product 0038,12,101.4,191.3,1
39,BRO-000039,Outdoor Product 0039,1,47.88,220.1,1
40,BRO-000040,Outdoor Product 0040,8,116.18,145.23,1
41,BRO-000041,Outdoor Product 0041,12,154.17,192.71,1
42,BRO-000042,Outdoor Product 0042,2,151.02,416.14,1
43,BRO-000043,Outdoor Product 0043,6,7.82,76.85,1
44,BRO-000044,Outdoor Product 0044,9,177.64,222.05,1
45,BRO-000045,Outdoor Product 0045,3,82.08,321.58,1
46,BRO-000046,Outdoor Product 0046,9,44.4,133.64,1
47,BRO-000047,Outdoor Product 0047,6,52.86,256.25,1
48,BRO-000048,Outdoor Product 0048,6,168.97,324.25,1
49,BRO-000049,Outdoor Product 0049,9,56.65,70.81,1
50,BRO-000050,Outdoor Product 0050,1,74.94,93.68,1
51,BRO-000051,Outdoor Product 0051,9,26.17,288.71,1
52,BRO-000052,Outdoor Product 0052,7,85.58,304.27,1
53,BRO-000053,Outdoor Product 0053,6,117.28,278.52,1
54,BRO-000054,Outdoor Product 0054,4,86.11,337.38,1
55,BRO-000055,Outdoor Product 0055,3,60.18,160.56,1
56,BRO-000056,Outdoor Product 0056,7,108.51,230.05,1
57,BRO-000057,Outdoor Product 0057,10,71.28,133.51,1
58,BRO-000058,Outdoor Product 0058,5,66.19,204.08,1
59,BRO-000059,Outdoor Product 0059,2,60.72,263.22,1
60,BRO-000060,Outdoor Product 0060,5,83.28,347.37,1
61,BRO-000061,Outdoor Product 0061,3,83.45,197.01,1
62,BRO-000062,Outdoor Product 0062,12,173.99,388.89,1
63,BRO-000063,Outdoor Product 0063,3,36.82,377.88,1
64,BRO-000064,Outdoor Product 0064,12,153.24,191.55,1
65,BRO-000065,Outdoor Product 0065,1,140.41,210.32,1
66,BRO-000066,Outdoor Product 0066,3,145.19,236.55,1
67,BRO-000067,Outdoor Product 0067,6,167.93,326.48,1
68,BRO-000068,Outdoor Product 0068,3,39.66,89.89,1
69,BRO-000069,Outdoor Product 0069,2,176.91,372.77,1
70,BRO-000070,Outdoor Product 0070,12,65.8,263.13,1
71,BRO-000071,Outdoor Product 0071,4,179.94,224.92,1
72,BRO-000072,Outdoor Product 0072,7,54.3,67.88,1
73,BRO-000073,Outdoor Product 0073,11,51.3,374.9,1
74,BRO-000074,Outdoor Product 0074,9,87.55,222.23,1
75,BRO-000075,Outdoor Product 0075,11,107.31,354.33,1
76,BRO-000076,Outdoor Product 0076,8,17.19,92.47,1
77,BRO-000077,Outdoor Product 0077,7,42.88,266.33,1
78,BRO-000078,Outdoor Product 0078,2,119.86,332.92,1
79,BRO-000079,Outdoor Product 0079,6,118.77,149.58,1
80,BRO-000080,Outdoor Product 0080,7,104.41,130.51,1
81,BRO-000081,Outdoor Product 0081,11,101.28,126.6,1
82,BRO-000082,Outdoor Product 0082,1,133.19,166.49,1
83,BRO-000083,Outdoor Product 0083,12,162.97,207.86,1
84,BRO-000084,Outdoor Product 0084,1,47.03,144.14,1
85,BRO-000085,Outdoor Product 0085,2,97.39,296.51,1
86,BRO-000086,Outdoor Product 0086,1,83.03,222.56,1
87,BRO-000087,Outdoor Product 0087,3,161.77,338.3,1
88,BRO-000088,Outdoor Product 0088,7,72.9,404.2,1
89,BRO-000089,Outdoor Product 0089,7,148.97,383.21,1
90,BRO-000090,Outdoor Product 0090,2,163.58,204.48,1
91,BRO-000091,Outdoor Product 0091,9,122.14,152.68,1
92,BRO-000092,Outdoor Product 0092,1,161.49,348.91,1
93,BRO-000093,Outdoor Product 0093,12,142.19,177.74,1
94,BRO-000094,Outdoor Product 0094,2,138.5,407.58,1
95,BRO-000095,Outdoor Product 0095,7,31.12,374.81,1
96,BRO-000096,Outdoor Product 0096,7,21.53,238.93,1
97,BRO-000097,Outdoor Product 0097,3,43.52,179.81,1
98,BRO-000098,Outdoor Product 0098,8,83.0,408.49,1
99,BRO-000099,Outdoor Product 0099,3,74.46,95.95,1
100,BRO-000100,Outdoor Product 0100,3,28.32,274.5,1
101,BRO-000101,Outdoor Product 0101,1,103.15,128.94,1
102,BRO-000102,Outdoor Product 0102,11,102.46,128.07,1
103,BRO-000103,Outdoor Product 0103,6,23.56,181.4,1
104,BRO-000104,Outdoor Product 0104,3,36.99,66.35,1
105,BRO-000105,Outdoor Product 0105,10,146.18,184.31,1
106,BRO-000106,Outdoor Product 0106,6,40.32,263.64,1
107,BRO-000107,Outdoor Product 0107,9,120.65,263.95,1
108,BRO-000108,Outdoor Product 0108,8,143.05,316.36,1
109,BRO-000109,Outdoor Product 0109,4,40.12,168.06,1
110,BRO-000110,Outdoor Product 0110,8,14.28,302.34,1
111,BRO-000111,Outdoor Product 0111,1,156.61,234.96,1
112,BRO-000112,Outdoor Product 0112,3,151.68,205.29,1
113,BRO-000113,Outdoor Product 0113,5,30.99,65.61,1
114,BRO-000114,Outdoor Product 0114,3,175.51,219.39,1
115,BRO-000115,Outdoor Product 0115,8,147.85,211.04,1
116,BRO-000116,Outdoor Product 0116,4,132.63,237.31,1
117,BRO-000117,Outdoor Product 0117,6,57.12,91.05,1
118,BRO-000118,Outdoor Product 0118,7,62.26,77.82,1
119,BRO-000119,Outdoor Product 0119,12,60.04,321.71,1
120,BRO-000120,Outdoor Product 0120,11,43.29,362.43,1
121,BRO-000121,Outdoor Product 0121,10,102.82,128.52,1
122,BRO-000122,Outdoor Product 0122,3,145.09,181.36,1
123,BRO-000123,Outdoor Product 0123,3,87.59,277.7,1
124,BRO-000124,Outdoor Product 0124,6,62.15,245.95,1
125,BRO-000125,Outdoor Product 0125,2,137.56,171.95,1
126,BRO-000126,Outdoor Product 0126,3,89.35,284.74,1
127,BRO-000127,Outdoor Product 0127,3,54.24,67.8,1
128,BRO-000128,Outdoor Product 0128,10,165.41,320.93,1
129,BRO-000129,Outdoor Product 0129,2,166.58,208.23,1
130,BRO-000130,Outdoor Product 0130,5,92.39,238.61,1
131,BRO-000131,Outdoor Product 0131,1,77.11,357.19,1
132,BRO-000132,Outdoor Product 0132,2,38.29,415.23,1
133,BRO-000133,Outdoor Product 0133,2,116.5,145.62,1
134,BRO-000134,Outdoor Product 0134,9,101.13,126.41,1
135,BRO-000135,Outdoor Product 0135,12,8.95,98.28,1
136,BRO-000136,Outdoor Product 0136,7,172.26,215.32,1
137,BRO-000137,Outdoor Product 0137,1,18.95,396.44,1
138,BRO-000138,Outdoor Product 0138,8,54.74,189.62,1
139,BRO-000139,Outdoor Product 0139,3,95.26,191.45,1
140,BRO-000140,Outdoor Product 0140,3,14.99,87.31,1
141,BRO-000141,Outdoor Product 0141,4,168.67,210.84,1
142,BRO-000142,Outdoor Product 0142,4,131.75,286.11,1
143,BRO-000143,Outdoor Product 0143,2,119.39,149.24,1
144,BRO-000144,Outdoor Product 0144,4,123.58,199.69,1
145,BRO-000145,Outdoor Product 0145,3,168.06,260.95,1
146,BRO-000146,Outdoor Product 0146,11,162.25,202.81,1
147,BRO-000147,Outdoor Product 0147,3,16.79,273.12,1
148,BRO-000148,Outdoor Product 0148,4,36.45,349.28,1
149,BRO-000149,Outdoor Product 0149,4,26.05,177.09,1
150,BRO-000150,Outdoor Product 0150,9,54.46,365.07,1
