customer_id,first_name,last_name,email,phone,city,state,zipcode,created_date
100001,Kathryn,Olson,ashleygarcia@example.org,427-797-7737,Scottton,FL,87332,2024-07-08
100002,Deanna,Leblanc,reidjeremy@example.net,232-779-5276,South Elizabethbury,SC,72407,2025-03-30
100003,Robert,Rios,banderson@example.com,007-948-5107,Port Kimfort,NC,36312,2021-03-06
100004,James,Ruiz,jesseelliott@example.org,065-279-8483,West Jessicaview,SC,39272,2025-11-17
100005,Erica,Higgins,bibarra@example.org,509-485-9243,South Wesleytown,SC,80276,2023-02-07
100006,Tanya,Williams,jose94@example.org,642-104-1593,Leefurt,FL,46915,2022-07-10
100007,Ronald,Ibarra,jennifersalazar@example.net,230-402-0265,Lake Alexis,NC,19417,2025-01-03
100008,Melissa,Wilcox,danielle75@example.com,666-058-5563,Moorechester,VA,59924,2022-08-20
100009,Barry,Holt,dbecker@example.net,221-284-5253,Salinaston,NC,27022,2023-11-20
100010,Allison,Stewart,morgan67@example.org,439-252-4667,East Kristen,NC,12548,2022-06-24
100011,James,Reed,nhamilton@example.org,517-066-7681,Floresborough,NC,45923,2021-01-08
100012,Troy,Joseph,colleen16@example.com,772-905-8007,New Nicolehaven,FL,01952,2022-09-11
100013,Cheryl,Allen,kmoran@example.org,903-060-9308,East Richard,NC,17939,2022-07-11
100014,Melissa,Stevens,bennetttamara@example.org,660-404-6400,East Nicole,NC,57868,2025-03-06
100015,Alexandra,Mills,xgilbert@example.org,854-734-8948,South Daniel,GA,93164,2025-06-27
100016,Misty,Patterson,kfernandez@example.net,158-216-1177,North William,SC,42730,2021-06-23
100017,Mark,Chan,rachelmora@example.com,289-932-5404,Lake Seth,SC,98786,2024-02-25
100018,David,Ellis,josesanchez@example.com,900-364-4630,Rebeccaport,VA,31989,2025-02-26
100019,Steven,Martinez,ohernandez@example.org,626-026-3269,Jeffreychester,NC,40720,2021-06-28
100020,Jennifer,Khan,haroldwalker@example.net,126-597-4659,Williamsburgh,SC,32309,2025-11-02
100021,Jean,Holloway,eriklivingston@example.net,152-567-4753,Willisborough,NC,58385,2022-05-25
100022,Benjamin,Wallace,qsanders@example.net,461-323-4765,North Amanda,NC,28345,2023-08-11
100023,John,Martin,bperry@example.org,778-398-8151,West Michael,VA,09617,2024-12-17
100024,Jonathan,Castillo,rebeccacarter@example.org,819-643-9842,North Brian,NC,71323,2024-10-02
100025,Thomas,Lopez,morrisjane@example.com,617-985-2236,Lake Stephanieshire,NC,11991,2023-01-04
100026,Michelle,Burns,jonathan00@example.net,272-501-5565,Port Justinberg,NC,69290,2024-01-24
100027,Joseph,Kelly,heathersimon@example.com,049-153-7111,East Tim,NC,33818,2024-12-07
100028,Brandon,Mendez,eddiemorales@example.org,652-366-2983,New Ianberg,SC,97404,2025-07-06
100029,Rachael,Wilson,brandon57@example.net,490-494-6893,West Tonitown,VA,81672,2024-07-17
100030,Misty,Huang,rmckay@example.org,937-277-5081,Baileyborough,NC,52547,2025-12-11
100031,Kelli,Wilson,nathan07@example.org,344-756-3192,Sanchezside,NC,91813,2025-03-23
100032,Benjamin,Perez,annacruz@example.org,594-948-8614,Port Sheriland,NC,28476,2021-08-20
100033,Jose,Weber,aaronramirez@example.org,974-322-7423,New Janice,NC,47965,2023-10-13
100034,Gregory,Stone,vasqueznancy@example.org,391-553-9144,Jasonton,NC,05808,2022-10-27
100035,Robyn,Clark,christopher23@example.org,074-193-2160,New Bobby,SC,36291,2024-07-17
100036,David,King,joe50@example.org,502-871-2654,Tinabury,GA,08409,2022-06-22
100037,David,Miller,tgeorge@example.com,363-156-1364,New Paulshire,SC,80807,2022-06-27
100038,Jeffrey,Contreras,hornesean@example.com,555-861-5572,Duncanmouth,NC,39651,2022-08-14
100039,Krystal,Patel,aaron87@example.com,185-645-5536,West William,NC,75548,2023-02-03
100040,James,Fuller,kevin98@example.net,848-118-3769,Williamsonport,GA,76375,2021-09-09
100041,Tonya,Reynolds,vanessa66@example.net,528-630-6986,Lake Kendra,TN,30394,2024-05-02
100042,Kyle,Perez,desiree14@example.org,511-003-4797,West Robertobury,FL,38548,2025-11-17
100043,Debra,Perez,david79@example.net,333-730-2423,Port Oliviafort,SC,87407,2025-04-23
100044,James,Reese,tamararobinson@example.net,774-627-9821,East Johnmouth,NC,86202,2024-07-17
100045,Kelly,Moore,darren14@example.net,688-954-7622,West Loristad,NC,45943,2024-11-03
100046,Michelle,Smith,ibrown@example.com,934-472-7715,Lake Kelly,VA,57956,2025-02-11
100047,Whitney,Miller,amandaharmon@example.net,165-351-8874,South Samuel,SC,52025,2022-04-04
100048,John,Mann,dmclaughlin@example.net,100-662-2562,Wrightfort,NC,14449,2024-05-27
100049,Michael,Flores,jennifernguyen@example.net,590-482-7973,New Susan,NC,91347,2022-01-03
100050,Brian,Brooks,robertreyes@example.net,065-699-3658,East John,FL,90414,2022-11-18
100051,James,Taylor,jespinoza@example.net,466-641-1286,North Debrashire,GA,79218,2021-10-18
100052,Patrick,Ellis,sheriduncan@example.com,462-052-0789,Wilcoxhaven,FL,54997,2022-03-15
100053,Adriana,Graves,randolphcrystal@example.net,925-413-1559,Gibbsmouth,NC,09936,2023-02-18
100054,Ashley,Patel,farmerian@example.com,508-105-3498,Antonioport,VA,00892,2022-05-05
100055,Michael,Ramirez,smithchristopher@example.com,925-989-5090,Averyfort,GA,38733,2022-03-06
100056,Eric,Combs,karencole@example.net,558-231-0527,South Victoriatown,VA,89917,2024-05-13
100057,Angela,Moore,johnsonchristina@example.net,908-397-2379,Michelefurt,NC,35045,2022-01-30
100058,Michael,Miller,onixon@example.net,613-989-4481,East Wendy,NC,27149,2023-03-09
100059,Michael,Contreras,clifford31@example.org,886-717-0938,Lake Joseph,GA,59129,2025-07-27
100060,Teresa,Johnson,michaelchen@example.net,954-096-2626,Rebeccaview,NC,86993,2025-04-22
100061,Brenda,Warren,gwiley@example.net,129-870-7589,New David,TN,23155,2024-11-15
100062,Alexis,Johnson,perryscott@example.com,496-480-8519,Johnport,SC,03489,2024-04-09
100063,Susan,Parker,brenda52@example.net,534-499-3094,New Micheleport,GA,90394,2024-03-20
100064,Tara,Patel,kdiaz@example.net,914-994-6751,Johnsonmouth,NC,75063,2024-06-01
100065,Peter,Payne,eric63@example.org,766-441-5265,Pattersonfurt,NC,63984,2024-10-05
100066,Tiffany,Dunn,ashepard@example.com,788-806-7561,Jonathanborough,NC,49793,2025-06-28
100067,Daniel,Daniel,brittany33@example.org,280-295-1394,Morenoshire,NC,32884,2023-03-06
100068,Samantha,Pollard,markramos@example.net,914-558-3341,Thomastown,SC,66121,2025-11-11
100069,Gary,Mccarthy,cooperrachel@example.net,451-744-3100,North Amanda,NC,95296,2022-12-10
100070,Michelle,Roberts,christopher83@example.net,336-554-4432,South Brandy,FL,89694,2022-10-17
100071,Erica,Peters,shelia95@example.org,125-630-5695,East Scottville,GA,85780,2021-11-04
100072,Susan,Lee,gjohnson@example.com,282-625-9354,West Scottberg,SC,36831,2022-07-28
100073,Kevin,Smith,shawn90@example.org,031-729-2940,South Austinborough,SC,38739,2024-05-31
100074,Desiree,Mills,hartmankimberly@example.com,444-236-8249,Dwaynefort,NC,30421,2025-04-30
100075,Shelia,Pratt,wobrien@example.com,888-127-3807,Port Michaelport,GA,52019,2025-09-01
100076,David,Dickerson,longdaniel@example.com,316-387-5766,Perrymouth,VA,02961,2024-06-26
100077,Jacob,Dunn,davismonica@example.com,076-599-3433,Port Edward,NC,14759,2022-06-20
100078,Angela,Jones,nicolesmith@example.com,694-598-0242,Jacobstad,NC,90046,2024-02-16
100079,Dennis,Wall,jacob08@example.org,282-173-5419,Port Brandon,NC,99719,2024-07-05
100080,Brian,Baker,wmaynard@example.net,925-237-4845,Lake Deannaside,TN,66573,2024-11-19
100081,Alexis,Elliott,jamesdyer@example.com,184-383-9386,Patelchester,SC,03676,2025-04-24
100082,Michael,Bennett,adamsrobert@example.com,631-233-3754,Dudleyberg,NC,05389,2022-02-14
100083,Debra,Maddox,kortega@example.net,731-957-8999,Williamsmouth,TN,40030,2025-12-28
100084,Steven,Burton,yvonne87@example.net,256-237-7800,South Michellehaven,NC,70611,2021-01-25
100085,Cassandra,Spencer,morgan30@example.net,422-027-3962,Bakermouth,SC,62118,2022-03-23
100086,Anthony,Clarke,kmueller@example.org,120-687-5502,Dylanchester,NC,12239,2022-08-18
100087,Craig,Wyatt,ashley97@example.net,477-472-5047,West David,TN,20144,2021-03-26
100088,Ariana,Rodriguez,ryanskinner@example.com,254-941-0321,Ingramview,VA,12453,2025-01-23
100089,Eric,Campos,janice17@example.org,738-109-1406,North Janetmouth,GA,37424,2022-05-08
100090,Alexander,Mata,natashagutierrez@example.net,698-268-6142,Port Crystal,NC,03804,2022-03-27
100091,Bryan,Austin,fritzjennifer@example.com,560-292-3290,East Richard,NC,27534,2021-10-18
100092,Denise,Martin,michael40@example.com,086-055-7387,Brendatown,NC,14871,2023-12-13
100093,Susan,Franco,floydrandy@example.com,668-264-9233,Watsontown,NC,94345,2022-11-05
100094,Tyler,Johnson,phillipgross@example.com,545-289-9824,Tiffanybury,VA,51090,2025-11-05
100095,Adam,Castillo,garciamisty@example.org,845-507-2220,Loweryhaven,NC,06831,2024-10-06
100096,James,Galloway,timothy00@example.com,214-214-5895,Laurastad,NC,45437,2021-04-05
100097,Erin,Terry,samantha45@example.com,418-601-2241,Hullstad,NC,59379,2024-10-18
100098,Laura,Ramos,barneslisa@example.com,315-646-2828,Rebeccaville,SC,61104,2023-07-01
100099,Jamie,Reed,thompsonholly@example.net,753-132-3032,Lake Albertport,NC,10005,2024-11-17
100100,Taylor,Stewart,andreathomas@example.com,760-027-9960,Reynoldsborough,NC,56114,2022-07-07
100101,Barry,Rollins,fgraham@example.com,175-762-6126,Edwardchester,GA,50281,2025-08-14
100102,Amber,Lewis,goodwinfrancisco@example.net,504-669-2593,Jessicahaven,GA,35235,2023-05-27
100103,Katelyn,Lee,ufrye@example.net,773-459-3263,West Anna,VA,61086,2025-09-17
100104,Victor,Lowery,veronicathomas@example.org,800-271-1244,Choihaven,SC,43400,2021-09-03
100105,Kristen,Murphy,swelch@example.net,301-936-0335,Whiteborough,NC,18603,2022-05-10
100106,Jim,Allison,taylorcrystal@example.net,922-561-2570,Michaelburgh,GA,47369,2023-03-27
100107,Elizabeth,Adams,erikgomez@example.org,083-229-4460,New Dawnstad,NC,39199,2024-12-19
100108,Thomas,Lee,shermanmiranda@example.org,312-816-7031,Meyerberg,TN,42210,2021-02-21
100109,Cassandra,Roman,ronniemason@example.com,894-275-1639,New Deborahshire,FL,20382,2022-04-03
100110,Charles,Lowe,robrien@example.net,763-571-6552,Graceborough,NC,26922,2021-01-26
100111,Shawn,Adams,pittmannicole@example.org,876-077-3874,North Stephanieport,VA,74856,2024-07-16
100112,Christine,Mayer,joanneward@example.net,505-134-5015,East Paulstad,TN,93834,2021-07-08
100113,Jim,Bernard,timothysmall@example.org,846-996-5694,New Stephanieport,FL,53008,2024-08-26
100114,Angela,Armstrong,fhernandez@example.com,658-625-3719,Benjaminshire,NC,09949,2025-10-03
100115,Andrew,Sanchez,murphytony@example.com,960-108-3394,South Cindy,SC,06107,2023-05-10
100116,Robert,Jones,mackenzie79@example.com,758-533-6318,Joeview,TN,83438,2024-04-22
100117,Shelly,Harmon,richard28@example.org,988-443-4209,Markburgh,NC,23396,2024-12-24
100118,Deborah,Rubio,baileydonald@example.net,899-878-6479,West Laurafurt,SC,77020,2025-05-17
100119,William,Mcclure,stephenruiz@example.com,900-557-8440,North Kathryn,VA,68495,2025-03-11
100120,Monica,Brown,caleb25@example.org,998-752-3214,Stewartbury,NC,06021,2024-08-12
100121,Heather,Mathis,derek32@example.net,166-474-8021,West Paul,FL,94602,2022-01-22
100122,William,Liu,ericksonandrew@example.net,955-788-6763,New Jesse,NC,96825,2021-12-21
100123,Nicholas,Good,teresawilliams@example.com,190-966-5474,Raymondborough,SC,29216,2021-08-12
100124,Morgan,Moore,chrisdoyle@example.org,274-033-8684,Robertbury,SC,73651,2022-04-08
100125,Anne,Phillips,obrowning@example.com,653-597-5021,Veronicabury,VA,32955,2022-10-30
100126,Tony,Hunter,brendan91@example.net,941-861-1241,Popemouth,VA,02132,2025-03-25
100127,Nathan,Williams,reedjessica@example.com,938-076-0983,Riverashire,SC,22666,2025-03-24
100128,Eric,Smith,ogarcia@example.net,466-339-6813,Casehaven,NC,60361,2024-02-18
100129,James,Gaines,rmiddleton@example.net,186-457-5952,Ianstad,VA,81220,2025-05-23
100130,Carrie,Wright,walkersara@example.net,348-610-2950,West Jacobside,GA,91914,2023-10-20
100131,Amanda,Smith,wweaver@example.net,251-728-8686,Donnaburgh,VA,20681,2022-04-02
100132,Kim,Sampson,annaware@example.net,831-907-5556,West Jonathan,VA,59370,2025-05-21
100133,Shane,Franco,robertclark@example.org,168-116-6894,Moorestad,VA,19846,2024-11-30
100134,Patrick,Walton,timothy77@example.net,326-294-7683,Lake Antonio,VA,09653,2025-01-10
100135,Angela,Brady,khines@example.com,158-453-5840,Roblesland,NC,61995,2024-03-01
100136,John,Wells,beverly60@example.com,543-409-3474,West Amymouth,NC,71661,2022-11-05
100137,Suzanne,Dixon,usmith@example.org,822-800-7383,North Emily,SC,91945,2025-03-12
100138,Cynthia,Wood,elizabethgutierrez@example.net,790-887-8878,Anthonyhaven,NC,01487,2024-07-20
100139,Kevin,Alvarez,yangivan@example.net,138-032-9564,Adamsview,FL,22513,2024-08-22
100140,Travis,Cole,jamesgarcia@example.com,499-594-3823,Taylormouth,VA,47555,2021-04-09
100141,Mary,Cooley,amber06@example.com,320-320-8344,Maxfurt,TN,92223,2023-12-16
100142,Stephanie,Perez,punderwood@example.org,967-657-7957,South Amberfurt,SC,37160,2021-04-20
100143,Holly,Gross,pearsonandrew@example.org,833-580-6218,Lake John,NC,95181,2023-11-22
100144,Natalie,Gomez,johnwhite@example.net,478-717-9949,West Erika,SC,66575,2021-01-15
100145,Lindsay,Nelson,contrerasjessica@example.com,557-294-6490,New Laura,GA,55402,2022-12-08
100146,Michael,Ward,justin74@example.net,910-573-9096,Paulstad,NC,81933,2025-10-27
100147,Robert,Perry,fsanders@example.org,364-025-0533,Lake Nicole,GA,28270,2024-07-17
100148,Steven,Watson,jodysullivan@example.com,471-793-4974,North Valerie,NC,99864,2021-01-28
100149,Brett,Wright,hilljames@example.com,268-016-8848,Danielberg,TN,96077,2022-01-07
100150,Brittany,Rogers,gonzalezeric@example.net,165-855-0457,Dunnhaven,NC,07431,2022-06-29
100151,Andrea,Fox,jamesjones@example.org,557-052-0778,East Lisa,NC,79384,2024-10-07
100152,Kristin,Torres,faithvasquez@example.net,175-267-2057,Burchborough,NC,74564,2021-03-04
100153,Matthew,Mora,edwardsamy@example.com,173-826-6262,Raymondchester,NC,70305,2022-01-30
100154,Tiffany,Wells,martinezerin@example.org,852-251-2023,Lake Randyfort,NC,55689,2021-03-11
100155,Joanne,Lee,crawfordmichelle@example.net,884-171-7915,Andersonchester,NC,56862,2024-07-04
100156,Beth,Lin,michelle40@example.net,682-140-9610,South Frankbury,NC,10964,2025-11-08
100157,Jeremy,Green,lodonnell@example.org,966-624-8430,West Shane,NC,82251,2021-09-18
100158,Sarah,Anderson,robertgarcia@example.com,347-123-1940,North Cindy,TN,39226,2023-11-24
100159,Frances,Rodgers,stephaniehardy@example.org,088-319-0020,Esparzabury,SC,86744,2023-09-01
100160,Cynthia,Arellano,vasquezsamantha@example.org,410-423-1919,Meyerhaven,NC,09277,2021-05-10
100161,James,Anderson,adrianbaxter@example.org,139-297-4839,South Lisa,NC,10908,2023-08-19
100162,James,Martinez,sheppardnancy@example.com,196-674-2366,West Michaelburgh,SC,26466,2023-04-08
100163,James,May,lnorris@example.org,253-233-2657,Lake Kimberlyside,SC,63584,2024-07-24
100164,Samantha,George,vrichard@example.com,609-931-4319,New Sarah,NC,82598,2022-02-24
100165,Scott,Mueller,anita72@example.net,244-324-6403,Bullockstad,GA,48108,2023-10-01
100166,Jacqueline,Smith,raymond66@example.com,868-500-8021,Anntown,NC,96607,2025-08-21
100167,Heather,Hansen,courtney10@example.com,002-212-9281,Rebeccafort,NC,35342,2022-09-15
100168,Lisa,Swanson,edwardschristian@example.org,253-231-5531,North Richardfurt,GA,13806,2023-02-25
100169,Keith,Garner,afields@example.com,769-969-8102,Navarroton,VA,30965,2021-08-31
100170,James,Moreno,patrickperez@example.net,196-496-0994,West Heidi,SC,13407,2024-05-31
100171,Sydney,Combs,ashleyberry@example.com,637-479-7358,West Aprilville,GA,87024,2021-04-06
100172,Donald,Smith,johnsonmaureen@example.com,021-028-2976,Snyderport,NC,26014,2025-06-07
100173,Yvonne,Sanders,mshelton@example.com,974-970-6467,Port Shane,NC,06015,2021-08-18
100174,Randy,Thomas,anthony55@example.org,334-560-3691,Lopezfort,NC,95138,2021-03-26
100175,Andrew,Mcdowell,vellis@example.net,276-715-3187,Brightstad,NC,04358,2023-07-21
100176,Kevin,Daniels,akeller@example.net,760-635-1565,Port Barbaraburgh,SC,69695,2024-02-29
100177,Katie,Elliott,sanchezpaula@example.org,385-533-9647,Jenniferside,NC,99216,2021-07-16
100178,Richard,King,brandy78@example.com,823-191-7939,Lynchbury,NC,74640,2022-03-10
100179,Donald,Ferrell,carmen73@example.com,828-371-5606,Dianaview,VA,42493,2023-03-17
100180,Chris,Gibbs,adam07@example.org,432-552-2793,East Joseview,NC,15345,2024-05-16
100181,Brandon,Perez,ortegaandrea@example.net,913-408-8817,Davidside,GA,75443,2024-12-19
100182,Ashley,Wilkinson,kristinakelly@example.com,785-831-5618,Valeriefort,NC,35502,2023-03-31
100183,Michael,Dunn,tommy73@example.net,170-829-3542,Keithborough,SC,33947,2025-07-15
100184,Erica,Lowe,ochristian@example.net,087-872-1745,Sherrychester,NC,92462,2024-12-01
100185,David,Jordan,richardsmary@example.com,242-278-9789,West Joshuaside,NC,49912,2025-09-03
100186,Justin,Becker,michaelhenry@example.com,126-498-7051,Veronicatown,NC,11298,2023-09-09
100187,Angela,Martin,cherylthompson@example.com,901-069-0091,Perezton,NC,81925,2021-04-27
100188,Mark,Walter,beasleyluis@example.org,753-052-6359,Lake David,NC,84210,2022-06-27
100189,Heather,Hall,whiteamanda@example.org,448-201-6677,East Jennifer,SC,69531,2021-06-09
100190,Jorge,Cox,kristina51@example.com,033-292-6177,Kimberlymouth,SC,90994,2023-09-07
100191,Karen,Hanson,dale53@example.com,301-813-0021,West Michael,VA,29369,2022-04-11
100192,Elizabeth,Bailey,andreasimpson@example.net,909-804-4162,Lake Cynthiaton,VA,11219,2023-09-03
100193,Robert,Walsh,tclark@example.com,561-242-7276,Lake Katrina,SC,87395,2021-08-24
100194,Janet,Richardson,michelle43@example.net,534-408-6243,Brittanyton,NC,87117,2024-06-24
100195,Michael,Sosa,xhunt@example.com,744-739-6455,Toddtown,FL,45170,2022-01-07
100196,Samantha,Johnson,jamie40@example.com,103-350-5129,Toniland,SC,61569,2025-05-23
100197,Judith,Golden,boltonstacey@example.org,674-833-5505,Lake Anthonyfurt,NC,56154,2025-10-06
100198,Justin,Lopez,morganandrew@example.com,775-540-5841,East Robert,SC,49147,2022-03-04
100199,Melissa,Thomas,briannelson@example.com,587-202-0645,Reynoldschester,VA,02192,2021-04-16
100200,Courtney,Zhang,jesserodriguez@example.net,668-529-7633,North Amy,NC,52546,2022-01-05
100201,Michelle,Hall,hwilliams@example.net,819-936-4839,Robinsonstad,TN,44050,2023-12-26
100202,Jennifer,Pena,daniel78@example.net,436-888-3837,Moralesport,TN,93107,2022-04-17
100203,Robin,Floyd,aaronluna@example.com,272-453-9871,Hartbury,SC,43340,2025-02-20
100204,Amy,Noble,xdawson@example.org,216-954-7292,Andersonfurt,VA,95739,2025-01-17
100205,Melvin,Evans,rebeccanichols@example.org,136-298-0132,Warrenport,NC,18227,2023-10-14
100206,Jill,Lee,sarah45@example.org,412-514-2750,Paulton,SC,26885,2021-12-07
100207,Sara,Stewart,greenjessica@example.com,107-908-2031,South Michael,NC,80641,2021-06-08
100208,Alicia,Sanchez,haileywright@example.net,673-111-3948,West Neilport,NC,36294,2022-08-29
100209,Jennifer,Bell,eestrada@example.com,643-444-9939,Wongfort,NC,73876,2025-08-15
100210,Cassidy,Tyler,vford@example.org,442-995-3076,Bobbyberg,NC,48528,2024-08-04
100211,Marvin,Sullivan,kochrobert@example.com,844-478-8540,Victoriafurt,NC,82081,2023-11-09
100212,James,Pearson,garrettbailey@example.com,019-491-8940,West Kellyborough,SC,75065,2024-02-16
100213,Cindy,Peters,zaguilar@example.org,309-727-2662,North Carlastad,NC,04266,2023-12-22
100214,Gary,Stephens,cameronbeasley@example.com,879-584-9207,South Lisamouth,NC,59231,2021-06-27
100215,Sergio,Massey,cynthiahayes@example.org,726-452-7146,Hobury,GA,42592,2022-03-14
100216,Kimberly,Monroe,anthonygreen@example.com,985-870-3120,West Andreafurt,SC,92131,2022-06-15
100217,Parker,Russell,vaughnnicholas@example.net,739-670-8805,West Kristishire,VA,64641,2024-08-10
100218,Ryan,Stewart,tdiaz@example.org,496-854-4547,Ellisburgh,NC,65543,2025-09-18
100219,Tammy,Spears,erin18@example.com,416-335-3431,East Michaela,GA,56455,2025-08-28
100220,Brittany,Stafford,ruthmiller@example.com,953-232-3822,Michaelland,VA,34572,2025-08-26
100221,Amber,Ramirez,steven92@example.org,469-825-2235,Torresburgh,GA,22087,2025-05-21
100222,James,Morales,franklincatherine@example.net,377-536-7888,Andrewshire,TN,95451,2021-10-23
100223,Kaitlyn,Armstrong,chaneykimberly@example.com,007-480-7367,Guerrerofort,VA,19334,2024-11-17
100224,Micheal,Bailey,hardyeric@example.com,311-501-1471,North Amanda,NC,23132,2021-03-20
100225,Jennifer,Beck,uwood@example.org,553-293-7282,Toddhaven,NC,67563,2021-03-04
100226,Stephanie,Curtis,kimberlyashley@example.net,615-539-4532,East Vicki,NC,10269,2023-11-07
100227,Marie,Davis,rowen@example.org,162-591-6476,Richardport,NC,88815,2023-06-06
100228,Jeffrey,Pope,henry62@example.net,455-036-9250,Hughesville,NC,33114,2025-08-05
100229,Sarah,Hensley,nicholaslewis@example.net,037-370-4049,Richardsshire,GA,04041,2023-07-12
100230,Elizabeth,Cortez,tammy21@example.com,636-719-9737,South Meganport,NC,92940,2024-01-05
100231,Gregory,Davis,walshemily@example.net,587-246-3018,East Ericfurt,SC,97543,2023-10-05
100232,Bradley,Rogers,melissa42@example.com,479-209-4657,North Johnathanfurt,TN,06549,2021-07-19
100233,John,Short,ibarralauren@example.com,087-306-2125,Ritterfurt,NC,35767,2025-03-07
100234,Breanna,Wilkinson,meyerschristopher@example.org,372-004-7298,Port Susanmouth,VA,68395,2022-09-04
100235,Todd,Thompson,carlsoncameron@example.org,649-054-8277,Stacymouth,NC,07747,2024-02-01
100236,Adam,Horn,jhill@example.com,457-326-1447,Robertside,SC,38746,2022-02-16
100237,Stacy,Smith,nmaxwell@example.net,505-946-6866,Ballardtown,NC,10551,2024-03-16
100238,Carl,Brown,james41@example.org,881-913-8756,South Deniseborough,NC,43360,2024-12-02
100239,Mary,Nguyen,qwatkins@example.org,764-736-4516,Brentfort,VA,89398,2025-08-25
100240,Tyler,Flores,brownrebecca@example.com,632-970-1186,Nixonborough,NC,62286,2022-09-19
100241,Lauren,Garcia,cruzkyle@example.com,180-722-0775,New Connorland,SC,54000,2023-01-31
100242,Lisa,Medina,nataliecarter@example.net,704-382-1094,Keithstad,FL,24218,2023-05-04
100243,Heather,Hawkins,zcarr@example.org,957-898-9880,West Alicia,NC,83614,2024-01-24
100244,Nicholas,Tran,wclark@example.com,295-389-1152,Scottmouth,SC,10650,2023-12-30
100245,April,Griffith,lisarogers@example.org,061-834-9096,Amytown,NC,42483,2022-06-02
100246,James,Fisher,robertsonjoshua@example.com,943-454-9210,Williambury,NC,23821,2022-03-07
100247,Jose,Walton,reidvictoria@example.net,336-951-7946,East Diane,SC,73285,2021-05-05
100248,Andrew,Russo,heather63@example.com,849-841-4312,East Allenchester,GA,24468,2021-09-19
100249,Michael,Walker,amyjohnson@example.org,253-539-2422,East William,VA,42053,2021-07-08
100250,Rachel,Walker,mikephillips@example.org,437-525-4877,Kramermouth,NC,12403,2023-05-13
100251,Jennifer,Johnson,vfox@example.net,769-254-4233,Jordanport,NC,63989,2023-03-08
100252,Bryan,Swanson,ubrennan@example.net,474-325-3528,West Kyle,TN,10375,2022-01-13
100253,Matthew,Lee,ppitts@example.org,398-522-1828,Port Deanna,SC,93077,2023-05-12
100254,Samuel,Jones,william75@example.net,536-699-6498,Paynetown,NC,13057,2024-12-07
100255,Alexandra,Green,wilkersonphilip@example.net,204-686-0461,Lake Wendyville,NC,47463,2021-03-25
100256,William,Mclaughlin,andrewkirk@example.com,909-983-1145,South Michelle,NC,73735,2024-09-25
100257,Mary,Mcdonald,markwhite@example.com,717-049-2801,Nguyenborough,NC,36813,2024-05-22
100258,James,Davis,ryanmartin@example.com,206-183-9680,North David,NC,61632,2024-08-02
100259,Danielle,Roman,coreyhill@example.org,999-412-6184,West Brianfort,NC,57186,2025-01-31
100260,Deborah,Johnson,tinafloyd@example.com,804-776-1030,Williamsfurt,NC,50528,2025-08-14
100261,Allen,Brown,martinbecker@example.org,436-335-1704,Pattersonbury,NC,56157,2024-06-12
100262,Edward,Watkins,justin17@example.com,558-604-4688,South Maria,TN,35254,2021-05-12
100263,David,Hines,zachary39@example.net,856-807-7008,Lake Edwardmouth,NC,47262,2025-10-28
100264,Christina,Hogan,jessica10@example.com,557-801-1392,South Ashley,NC,75218,2021-11-30
100265,Michele,Larsen,christopher23@example.com,346-188-4328,New Evelyn,GA,56123,2022-10-09
100266,Nicole,Vaughn,williamlogan@example.net,416-347-1824,Gravesbury,NC,11485,2024-05-16
100267,Mary,Kelly,hdudley@example.net,423-629-8387,Tonyachester,GA,60890,2022-05-04
100268,Amy,Kelley,deborah68@example.net,319-612-1324,East Patrick,TN,39694,2024-06-25
100269,Christine,Dennis,guerraelizabeth@example.com,591-599-7761,Coreyfort,NC,69509,2023-09-14
100270,Elizabeth,Davis,sherry82@example.net,135-749-4534,Pattersonstad,VA,09368,2024-08-14
100271,Kenneth,Bryan,lvargas@example.com,378-548-8142,Port Sarahland,SC,22075,2022-03-10
100272,Todd,Contreras,jillwest@example.org,462-989-3845,Port Denise,TN,17470,2021-02-10
100273,Dennis,Kelly,karenhendricks@example.com,360-621-5485,Henryburgh,SC,19086,2021-01-05
100274,Martin,Giles,jessica89@example.net,229-443-7598,Jacobton,NC,81098,2021-09-30
100275,Michael,Delacruz,brandinorman@example.net,719-626-0690,Ivanborough,NC,83168,2023-10-13
100276,Summer,Huff,alexanderjennifer@example.net,865-130-5819,Stevenstad,NC,46825,2025-09-14
100277,Jason,Steele,heather11@example.com,135-464-8997,South Zacharychester,NC,33038,2025-09-20
100278,Tracy,Guerrero,mirandachristine@example.com,600-994-1304,South Joseville,NC,44443,2022-05-09
100279,Brian,Mack,roachjames@example.com,179-968-1134,Port Danielmouth,NC,59349,2023-05-22
100280,Bruce,Leach,davisnatalie@example.net,450-384-2033,North Jenna,TN,75652,2023-09-05
100281,Zachary,Diaz,wrightmatthew@example.net,359-164-8659,Sullivanhaven,GA,05146,2023-05-13
100282,Brittany,Thomas,zoe20@example.org,737-451-9630,Williamsburgh,NC,26965,2024-11-16
100283,Alice,Jackson,eddie41@example.com,968-603-9172,East Kennethview,TN,25040,2021-10-02
100284,Vanessa,Golden,nicholas21@example.org,098-064-0620,Lucasbury,SC,60019,2024-12-29
100285,Thomas,Flores,christopherhill@example.org,704-085-7228,Parkerbury,VA,90423,2025-02-28
100286,Connie,Rosales,dominicjohnson@example.com,987-173-7305,Murphyton,NC,39114,2022-10-24
100287,Nancy,Mercer,cmonroe@example.net,709-807-7370,Stevenstad,VA,36707,2022-11-16
100288,David,Rogers,woodpatricia@example.com,327-679-5278,Martinfurt,SC,67824,2023-12-11
100289,Kayla,Brooks,nataliesnyder@example.net,255-171-2683,West Jerry,VA,76584,2024-04-21
100290,David,Martinez,daniel59@example.com,628-139-8152,Davidfurt,NC,68036,2023-06-06
100291,Nicole,Ryan,gregorylisa@example.org,399-839-5465,South Jenniferport,NC,13288,2021-01-22
100292,Kathleen,Lee,cynthiaclements@example.com,392-781-4921,Tranview,NC,67917,2022-06-22
100293,Kimberly,Underwood,collinskevin@example.org,033-708-4570,North Ericashire,NC,23774,2021-05-16
100294,Michele,Brown,pattonjoseph@example.net,301-835-9593,South Colleenbury,NC,37320,2022-12-04
100295,Bradley,May,sherrikirby@example.org,334-516-6612,Aliciaberg,VA,56393,2024-07-11
100296,Christopher,Young,michele19@example.org,605-039-6492,Richardborough,NC,69043,2024-02-24
100297,Robert,Bean,troy46@example.com,566-741-2235,East Traciefurt,VA,72849,2023-05-28
100298,Cameron,Torres,turnersherri@example.org,806-905-7027,Juliamouth,NC,30325,2022-11-04
100299,Rhonda,Webb,danielbarnes@example.com,721-445-3863,Peggybury,NC,34821,2021-11-16
100300,Gregory,Edwards,rachelschultz@example.com,120-629-7465,Port Bridget,VA,31477,2024-05-24
100301,Jesse,Steele,lthompson@example.net,749-939-8797,North Christopher,NC,78756,2021-06-08
100302,Jessica,Foster,elizabethcrosby@example.com,833-649-8246,Shannonview,NC,74804,2021-07-20
100303,Daniel,Guzman,jennifer37@example.com,465-925-0552,Banksbury,SC,53938,2025-09-27
100304,Michelle,Ramirez,vzuniga@example.net,825-546-7563,Martinshire,TN,75812,2022-06-04
100305,Michael,Lee,moorebrian@example.com,285-294-3751,Millshaven,NC,31728,2025-09-30
100306,Amanda,Caldwell,amanda60@example.net,004-847-5218,Scottville,SC,54720,2022-02-25
100307,Mary,Blackburn,carpenteradam@example.net,247-306-4824,North Amandaburgh,NC,21096,2024-10-22
100308,Charles,Glass,margaretharrington@example.net,848-977-3478,North Catherineborough,SC,03745,2021-07-12
100309,Jonathan,Elliott,courtneyrogers@example.net,965-135-2937,Port Barryborough,NC,77014,2021-02-09
100310,Oscar,Martinez,brivera@example.com,954-369-8900,Maxwellland,SC,07935,2021-05-04
100311,Jasmine,Schultz,brandon97@example.org,292-278-3596,Port Richard,NC,72418,2021-03-04
100312,Kelly,Hebert,markmendoza@example.com,033-323-1046,North Jeffreyton,NC,68635,2021-06-30
100313,Robert,Mitchell,danaanderson@example.com,693-013-1175,Wyattside,NC,68441,2023-04-04
100314,Jared,Bailey,jasonwoodward@example.org,321-041-3091,Garcialand,NC,68930,2025-09-14
100315,Brianna,Dominguez,alexandra91@example.org,686-473-6836,Heatherton,SC,02626,2025-04-25
100316,Robert,Case,hernandezjanice@example.org,556-218-5680,Lake Robertview,SC,89128,2022-11-20
100317,Deborah,Gillespie,wongdesiree@example.org,946-365-0006,Cooperview,NC,50444,2022-06-15
100318,Adam,Leonard,jdavis@example.org,183-656-4061,Port Melissaburgh,SC,96730,2023-05-26
100319,Angela,Rodriguez,andersonsheri@example.net,782-138-0802,South Tony,NC,13523,2025-12-09
100320,Sheryl,Cain,nramirez@example.org,938-750-2379,East Margaretfort,NC,71981,2021-04-04
100321,John,Stewart,phillip58@example.com,929-399-8778,Jasontown,TN,69044,2024-04-28
100322,Joel,Simmons,ibenitez@example.com,798-226-7002,Brianmouth,SC,96948,2022-04-15
100323,Kelsey,Ryan,flindsey@example.com,187-588-9227,Scottton,NC,25305,2023-08-21
100324,Dwayne,Moore,melanieoconnor@example.org,262-727-5533,East Karinachester,VA,11999,2024-12-10
100325,William,Robinson,adam05@example.org,029-674-2993,North Terryside,TN,79797,2024-10-11
100326,Robert,Richardson,miguelcooper@example.org,568-817-5046,Martintown,NC,87137,2023-01-19
100327,Gary,Giles,juliecampos@example.org,877-140-1984,Wandaland,VA,80037,2025-01-07
100328,Mark,Nelson,sanchezwendy@example.com,155-701-3307,Nathanmouth,NC,71988,2021-11-22
100329,Lauren,Underwood,colin33@example.com,827-733-2678,Cheyennechester,VA,83153,2023-03-30
100330,Crystal,Turner,mary87@example.net,583-020-8954,South Michaelton,NC,56863,2022-09-15
100331,John,Miller,lvega@example.com,440-314-1161,New Amanda,NC,21823,2021-05-17
100332,Brittany,Scott,debbiejohnson@example.org,126-060-5023,New Kimberlyfort,NC,62019,2024-03-16
100333,Wanda,Gomez,bking@example.net,146-068-6859,Loriland,SC,36544,2024-05-03
100334,Eric,Hunter,brenda95@example.net,770-400-6447,East Alexandrashire,SC,87056,2024-01-11
100335,Jessica,Riley,luismccullough@example.org,480-823-3666,West Willieport,VA,69103,2022-11-09
100336,Dennis,Keller,ssmith@example.net,752-016-7765,West Charlesborough,SC,39117,2025-12-24
100337,Jonathan,Duncan,william37@example.org,229-172-4687,West Karenshire,NC,58949,2025-12-21
100338,David,Wallace,rachel04@example.org,418-529-0735,Brownfort,VA,47720,2024-05-05
100339,Betty,Perry,kwood@example.net,566-342-7900,South Cynthiatown,SC,12544,2021-05-15
100340,Diana,Bradley,melissa41@example.org,270-241-2796,Gatesbury,VA,31387,2022-12-30
100341,Jennifer,Hall,katherineroberts@example.com,995-508-3620,New Jenniferland,FL,24661,2023-03-19
100342,Brittany,Jenkins,alexisbrown@example.net,853-234-9561,Johnsonview,SC,00528,2022-10-02
100343,Carolyn,Pace,emartin@example.com,979-193-0206,Anthonychester,NC,77482,2025-07-04
100344,James,Mcdonald,coreydiaz@example.org,084-270-9883,Tinaview,VA,89598,2024-08-01
100345,Joseph,Jones,johnkim@example.com,902-850-6180,Krystalton,VA,59712,2021-03-09
100346,Dennis,Day,mball@example.com,528-968-9507,Port Melissa,VA,90948,2025-09-27
100347,Toni,Perez,hornchristopher@example.net,718-167-3754,Stephenchester,NC,20875,2023-06-17
100348,Christopher,Evans,jonathon31@example.org,609-409-0611,South Emilyhaven,TN,72873,2021-03-20
100349,Melinda,Carpenter,edwardmartin@example.org,406-517-9103,North Megantown,TN,83656,2023-11-23
100350,Patrick,Hill,sarahmason@example.org,500-214-7718,Lake Mark,NC,31490,2021-08-23
100351,Mercedes,Mcgrath,troy89@example.com,559-208-2437,South Billy,SC,54127,2023-06-06
100352,Samuel,Donaldson,reynoldserika@example.org,420-200-5930,North Karen,SC,83422,2022-09-30
100353,Sheri,Peck,fosterjennifer@example.com,235-698-7363,Kristinberg,NC,11356,2021-03-08
100354,Joanna,Jones,jessica08@example.com,567-946-0130,Port Christina,SC,55113,2022-04-20
100355,Kim,Hall,westrichard@example.net,916-719-3785,Johnsonville,NC,36968,2022-10-08
100356,Brandon,Rivera,johnstonmaria@example.net,192-936-4613,Zacharyshire,VA,83360,2023-06-30
100357,Erica,Barrett,daniel91@example.com,030-771-2368,Port Steveside,SC,93148,2025-10-29
100358,Anthony,Martin,alopez@example.net,384-773-4825,Paulchester,SC,44009,2021-07-26
100359,Charlene,Archer,henrymartinez@example.com,319-264-8494,Laurenland,NC,24309,2021-11-16
100360,Perry,Sullivan,amandatate@example.org,965-597-6598,Masontown,NC,16497,2024-06-08
100361,Dwayne,Clark,eflowers@example.org,798-350-7898,Ellisberg,SC,80883,2021-04-25
100362,Thomas,Burns,eadkins@example.com,494-201-9676,Lake Jeffery,NC,93876,2025-08-30
100363,Kyle,Gilmore,josephperez@example.org,543-776-7324,East Anthony,SC,08587,2023-02-05
100364,Thomas,Ball,alewis@example.com,601-971-7428,Tammybury,SC,85758,2023-11-15
100365,Christina,Watts,josephharris@example.com,456-249-5178,West Alexandershire,NC,77288,2024-11-07
100366,Darrell,Murphy,wongelizabeth@example.net,356-291-5541,Susanstad,TN,89961,2025-01-16
100367,Taylor,Reeves,dennisdyer@example.com,823-567-1682,East Natashafort,NC,24946,2023-04-01
100368,Robert,Tran,kaitlynday@example.com,796-230-3869,Wileyport,NC,58590,2021-08-15
100369,Rhonda,Rodriguez,ydavis@example.com,191-547-7491,Deanton,NC,11313,2024-06-03
100370,Sharon,House,gordonfrances@example.org,254-898-6551,North Derek,VA,14207,2023-11-02
100371,Joseph,Parker,dunnbrian@example.org,636-940-5152,Porterberg,GA,24355,2024-10-14
100372,Michael,Snyder,shahkatherine@example.net,667-218-3570,Rogerstown,FL,92421,2025-03-15
100373,Stephen,Blake,brittany76@example.org,553-936-8732,East Patriciaside,SC,66802,2025-04-26
100374,Lucas,Guerra,shannonbarrett@example.com,226-893-3888,Port Teresaton,NC,91321,2025-07-18
100375,Sonya,Castillo,amarquez@example.com,679-174-1130,New Andrew,NC,85494,2022-06-24
100376,Michelle,Reed,holmeselizabeth@example.net,015-356-0060,North Ellenchester,FL,30264,2021-10-04
100377,Gregory,Simmons,leslielamb@example.com,673-321-1718,Youngview,NC,66212,2021-05-15
100378,Mariah,Lee,ggraham@example.org,591-626-7846,New Joshuashire,NC,29888,2023-05-17
100379,Mary,Cordova,juliewalker@example.com,933-510-7421,Millermouth,NC,32412,2024-09-17
100380,Michelle,Tran,daycindy@example.org,980-536-4464,Lake Stevenside,SC,32076,2025-09-22
100381,Robert,Dominguez,clarknicholas@example.com,730-989-9223,Grahamton,NC,76346,2023-06-18
100382,Allen,Massey,brandon81@example.com,634-465-6376,Whitemouth,VA,67364,2022-11-12
100383,Heather,Shelton,gutierrezvincent@example.net,380-598-9137,North Williamborough,NC,89583,2021-05-23
100384,Jacob,Tucker,robertrivas@example.com,215-152-2158,South Sonyamouth,GA,75768,2025-09-29
100385,Jennifer,Calderon,jerrysmith@example.com,299-831-5637,West Marissamouth,SC,13203,2024-02-12
100386,Danny,Tyler,halltaylor@example.net,391-856-2776,Phillipsborough,NC,66493,2024-08-01
100387,Ashley,Mack,jonathan11@example.net,739-227-4085,North Nancyfurt,NC,54150,2023-09-05
100388,Christopher,Allen,sharonjones@example.com,857-416-7431,South Nicoleville,VA,61244,2024-11-28
100389,Brittany,Lucas,robinoneal@example.com,268-592-0984,Woodardchester,NC,88043,2023-06-16
100390,Jesus,Flowers,michelle33@example.com,028-830-3615,Peterberg,VA,94768,2021-05-24
100391,Brian,Bolton,dennis25@example.net,904-394-2080,Amyville,GA,48527,2024-08-08
100392,Melinda,Hopkins,markmiller@example.com,917-445-1648,Ramirezside,NC,80781,2021-04-11
100393,Karen,Weiss,deanna23@example.net,737-657-4069,South Jennifer,VA,52837,2021-05-05
100394,Deborah,Suarez,zcollins@example.org,632-200-4721,West Alicia,NC,10681,2022-03-04
100395,Michael,Andrews,judyadams@example.net,375-091-8015,Figueroatown,SC,15898,2024-08-30
100396,Richard,Moore,ywilliams@example.org,741-253-8397,Jaredshire,NC,67977,2025-08-10
100397,Ashley,Garcia,jameshayes@example.net,514-710-1113,Port John,NC,15670,2021-01-07
100398,Jeffrey,Cline,smithkatherine@example.org,169-148-3278,Port Christinamouth,SC,68457,2025-04-17
100399,Felicia,Foley,donaldlewis@example.org,039-754-8541,Adamborough,GA,79385,2021-09-25
100400,Daniel,Franco,john86@example.org,101-933-1391,Crossborough,GA,70520,2022-07-02
100401,Evan,Robles,jeffrey85@example.net,410-504-4124,Patriciaton,NC,27663,2022-11-20
100402,Kevin,Cooper,lduarte@example.com,185-928-0890,East Jeffreyland,SC,72801,2021-10-01
100403,William,Huff,tony76@example.net,730-610-7103,Gordonburgh,SC,38176,2023-01-12
100404,Caitlin,Reid,melissawilson@example.org,241-656-4746,Williamstown,SC,36529,2025-10-27
100405,Jennifer,Jacobs,victoria56@example.org,848-272-1827,Jonesmouth,FL,33013,2022-06-18
100406,Autumn,Barnes,olsongeorge@example.com,055-418-5392,Jasonton,SC,87201,2021-04-07
100407,Russell,Lewis,jacob54@example.org,359-077-4931,Briggsfurt,NC,43287,2023-12-18
100408,Misty,Mercer,ashleyevans@example.org,810-333-8020,Port Valerie,NC,58233,2023-02-08
100409,Allison,Oconnell,james79@example.com,649-787-5399,Ortizburgh,GA,77120,2022-08-17
100410,Tommy,Hammond,hubersherry@example.net,723-568-0959,Christopherbury,NC,37284,2025-03-19
100411,Jeffery,Mcdonald,leeearl@example.net,689-643-5523,West Steventon,SC,66982,2021-09-09
100412,Julia,Coleman,kingshaun@example.org,561-099-1128,Ellisshire,NC,90036,2021-08-05
100413,Brent,Martin,chadkelly@example.com,934-720-7991,Reginaldtown,NC,13798,2023-04-27
100414,Linda,Gibson,lhill@example.com,907-133-6126,Michaelchester,NC,96884,2021-02-04
100415,Elizabeth,Yang,smallalyssa@example.com,939-612-5307,Michelleport,NC,79831,2025-06-17
100416,Whitney,Quinn,daniel20@example.net,595-969-6483,East Jessicaton,NC,09151,2022-03-23
100417,Melinda,Phillips,gabrielle89@example.org,749-762-5701,South Alyssafurt,NC,67868,2022-07-04
100418,William,Blake,awalter@example.org,108-243-2989,South Williamville,NC,11536,2024-10-01
100419,Haley,Johns,vanessa68@example.org,662-693-1076,Sotoborough,SC,17054,2022-10-27
100420,Paul,Bryan,yparrish@example.com,811-783-3185,Christopherton,VA,25195,2024-03-26
100421,Kevin,Beasley,lindsay90@example.net,585-183-2618,Hobbsland,VA,96605,2024-12-17
100422,Sarah,Cook,nskinner@example.org,502-789-7445,Collinschester,NC,98283,2025-02-26
100423,Raymond,Bird,rachel96@example.net,774-632-0548,Ericatown,FL,37927,2022-07-21
100424,Jennifer,Richards,williamtaylor@example.com,916-295-6106,Lake Charles,NC,99769,2023-06-07
100425,Alan,Jackson,newtonjason@example.net,567-552-5011,West Brianport,VA,43995,2025-01-14
100426,Cody,Perkins,cpalmer@example.org,581-458-1813,Charlesbury,NC,51813,2023-07-07
100427,Mary,Petersen,davidrobinson@example.org,605-503-4809,Bethberg,FL,07471,2021-03-25
100428,Danielle,Morrison,shannon65@example.net,466-785-0264,North Shannon,NC,28159,2025-03-26
100429,Julie,Clark,murphydavid@example.net,795-539-9686,Taylorhaven,NC,27771,2023-04-24
100430,Cathy,Lopez,bmoore@example.net,633-002-0163,Carpenterfurt,SC,22222,2022-08-20
100431,Eric,Burke,dawnmurphy@example.com,581-162-9824,Allenton,GA,32834,2023-06-27
100432,Travis,Haley,alisonschroeder@example.org,619-079-1476,New Kayla,TN,55321,2022-09-12
100433,Zachary,White,fishercatherine@example.org,847-966-2484,Jenniferhaven,NC,21589,2021-08-08
100434,Ashley,Singleton,torresvanessa@example.org,774-295-3025,South Georgefurt,GA,58223,2024-03-03
100435,Tracey,Freeman,thomas73@example.net,003-013-6889,North Michaelview,NC,38558,2022-03-30
100436,Sean,Peterson,cgarcia@example.com,042-141-7331,Victoriaberg,NC,87352,2023-02-14
100437,Jacqueline,Peterson,michaelbaker@example.com,200-006-5136,South Peterhaven,SC,31177,2022-08-28
100438,Diana,Thomas,petersonmelissa@example.net,875-306-6899,South Destinytown,VA,84147,2023-06-27
100439,Craig,White,jessica68@example.com,709-152-7910,West Adamland,NC,93962,2022-08-30
100440,Tanya,Roberts,jacksongary@example.net,172-502-4981,Barryfort,SC,46461,2024-01-30
100441,Robert,Martinez,jefferyrogers@example.org,121-710-8016,Summersland,NC,33534,2022-01-14
100442,Susan,Walker,robinbrooks@example.com,045-802-4480,Derekchester,NC,50826,2023-05-12
100443,Monique,Rush,jasonhansen@example.com,216-524-5398,Fullerhaven,TN,19501,2021-05-01
100444,Kevin,Garrison,rodgerspamela@example.com,231-100-7677,Parkerborough,NC,62662,2023-04-25
100445,Carol,Davis,francoadam@example.org,121-973-9027,New John,NC,69717,2023-07-04
100446,Destiny,Welch,nsmall@example.org,107-968-1738,South Michaelmouth,TN,98697,2021-07-25
100447,Jennifer,Ali,twagner@example.com,736-449-6140,East Michaelland,NC,26314,2022-09-16
100448,Joseph,Mcconnell,lbeck@example.org,278-647-5791,East Craig,VA,59832,2025-04-13
100449,James,Barrett,anthonybrown@example.com,192-940-5211,Ryanhaven,SC,24974,2021-11-30
100450,James,Adams,amanda07@example.org,723-747-7769,Samanthafurt,VA,58152,2022-12-18
100451,Michael,Wilson,woconnell@example.com,540-634-0440,Port Samantha,NC,45052,2022-12-19
100452,Susan,Hill,michaellopez@example.com,291-244-1765,South Melissahaven,GA,31892,2022-11-07
100453,Robert,Stewart,omiller@example.org,108-571-9174,East Michaelport,NC,32896,2025-06-01
100454,Denise,Weeks,jennifer81@example.com,911-311-9646,Deckerton,TN,57232,2023-01-14
100455,Virginia,Cardenas,qrichard@example.com,240-729-1592,New Tyler,NC,04518,2022-11-29
100456,Erik,Oneal,tiffany37@example.net,212-135-6324,East Coreyborough,VA,99856,2023-12-07
100457,Phillip,Monroe,laura85@example.net,620-344-4088,Kathrynfort,NC,58849,2021-04-11
100458,Stacey,Vasquez,hjordan@example.com,596-765-1247,Port Jeffrey,NC,48877,2022-01-15
100459,Michael,Booker,bradleyelizabeth@example.org,151-346-9094,New Edwardborough,NC,81202,2021-03-13
100460,Kelsey,Harmon,jean05@example.org,576-009-2002,North Laurentown,SC,04394,2023-12-12
100461,Kimberly,Sweeney,robertvaughan@example.net,949-643-6312,Kimberlyfurt,FL,13027,2024-05-08
100462,Tiffany,Gould,mariah38@example.org,999-129-6539,South Stephanie,GA,01898,2023-06-16
100463,Colton,Ray,kleinnathan@example.net,906-015-5650,Reeveshaven,NC,93275,2022-01-04
100464,Michael,Montes,cowankristina@example.org,435-939-8069,Conradburgh,NC,80956,2024-04-05
100465,Natalie,Harris,eatonjohn@example.net,304-325-9768,New Justin,NC,16817,2025-08-15
100466,Martin,Tate,dyerjohn@example.net,070-249-9431,Johnsonfurt,NC,51826,2024-11-04
100467,Jacob,Burke,bmccullough@example.net,861-021-0768,Andersonfort,VA,86347,2022-12-02
100468,Kim,Avila,joannahernandez@example.net,265-282-0320,Elizabethhaven,NC,79120,2022-04-06
100469,Jamie,Smith,reedchristopher@example.org,104-882-1333,Pottsborough,GA,96075,2023-01-14
100470,Elizabeth,Browning,julierichardson@example.org,846-832-6326,Christianborough,NC,18570,2025-09-14
100471,Linda,Russell,branchjames@example.net,688-420-6991,Lake Melissaside,SC,39467,2024-01-19
100472,Kelsey,Howard,frankkendra@example.com,424-022-6310,North Pamela,NC,85882,2024-07-08
100473,Jennifer,Barron,kristengonzales@example.org,978-044-4262,Taylorville,VA,92405,2025-02-22
100474,Justin,Carrillo,glee@example.net,468-138-2295,Port Aliciastad,NC,88948,2025-03-05
100475,Barbara,Petersen,jblevins@example.com,474-685-8463,Lake Courtney,NC,74420,2021-07-28
100476,Candace,Ross,tamaraarnold@example.org,428-145-9927,Sotoview,NC,37740,2022-11-15
100477,Joshua,Patterson,stephenmiranda@example.org,059-231-8058,Deborahport,NC,80082,2025-08-28
100478,Kim,King,mmorrow@example.com,077-205-3149,Wellsside,NC,82267,2022-08-20
100479,Patricia,Green,stevensemily@example.net,542-842-0295,East Courtney,NC,48087,2022-06-29
100480,Sara,Mosley,ddouglas@example.net,453-575-5441,Sharonton,TN,71813,2022-09-07
100481,Willie,Wise,halltony@example.org,158-746-5610,Fishershire,SC,79561,2024-01-18
100482,Janet,Wright,jennifer16@example.com,649-248-9974,New Waltertown,TN,95555,2022-12-15
100483,Tabitha,Rodriguez,dwayne08@example.com,696-958-9666,Christinehaven,FL,49067,2022-10-06
100484,Angela,Perry,lramos@example.net,548-959-2603,South Scotttown,SC,54242,2021-12-26
100485,Robert,Cabrera,edwardstanley@example.net,480-028-2495,Jamesstad,NC,62623,2022-01-10
100486,Kyle,Tucker,ashley57@example.org,849-530-7122,New Joan,NC,12241,2023-05-16
100487,Calvin,Snow,joneskevin@example.com,793-644-2484,Angelport,NC,20070,2023-12-21
100488,Michelle,Smith,apark@example.org,667-950-3764,East Jeremiah,NC,30897,2023-10-03
100489,Wendy,Osborne,danielvasquez@example.org,882-648-3837,Garciafurt,NC,78697,2025-07-15
100490,Amy,Garza,caseyvelazquez@example.org,181-840-5925,South Bobbyburgh,NC,73700,2024-05-01
100491,Lauren,Harrison,zatkins@example.com,775-895-5239,Steveside,NC,11736,2021-11-22
100492,Rachel,Lopez,cynthiarobinson@example.org,142-483-0547,North Stephaniebury,GA,69743,2021-01-06
100493,Brandon,Thompson,bcannon@example.org,688-617-7125,Lake Thomas,FL,30474,2023-09-28
100494,Nicholas,Alvarado,mcgrathrobert@example.net,101-649-6251,Port Aimee,NC,44742,2025-01-24
100495,Amber,Daniels,schultzsherri@example.net,819-462-9440,Douglasview,FL,30161,2021-10-09
100496,Christina,Mendoza,phenry@example.com,643-601-8506,Seanton,NC,31804,2023-03-25
100497,Eric,English,johnwillis@example.com,660-181-9235,South Andreashire,SC,82819,2022-11-26
100498,Stanley,Mcpherson,gutierrezsharon@example.com,249-412-5216,New Bradleyshire,GA,47010,2025-09-16
100499,Matthew,George,jenna75@example.org,146-179-4284,South Deanna,VA,10291,2021-05-27
100500,Brian,Boyd,angelakelly@example.com,224-273-4649,Nicholasmouth,TN,43221,2021-05-04
100501,Jessica,Lee,scottcharles@example.net,276-336-2965,North Jessica,NC,32960,2021-11-04
100502,Kayla,Pace,leonreynolds@example.net,831-048-9294,North Sarahhaven,FL,16729,2023-10-25
100503,Stephanie,Herrera,johnsonjeffery@example.net,061-233-7757,Kelleyshire,NC,77797,2024-07-17
100504,Elizabeth,Fleming,yflores@example.net,344-711-0951,West Daniel,NC,30647,2023-06-22
100505,Lauren,Diaz,csavage@example.net,595-587-0997,North Scott,NC,87339,2024-02-15
100506,Elaine,Nelson,murphymiranda@example.org,260-434-9921,Martinezville,SC,89581,2022-02-05
100507,Jason,Kim,michaelcervantes@example.com,799-009-0855,Tylerchester,NC,14631,2021-05-01
100508,Marco,Montes,rebekah10@example.com,123-764-2675,Vargasmouth,NC,82561,2022-12-20
100509,James,Lawrence,owoodward@example.org,486-935-2825,Bondland,NC,29123,2024-11-27
100510,Willie,Brown,zoe32@example.org,672-661-4461,Jenkinston,NC,67853,2022-05-13
100511,Linda,Ramirez,james84@example.com,430-334-5123,Lake Jameston,NC,50001,2024-10-03
100512,Angela,Mcguire,glopez@example.com,464-810-9453,Robertton,FL,74005,2025-03-27
100513,Anthony,Randolph,stevencruz@example.com,973-007-3390,Longbury,NC,98489,2024-06-11
100514,Chris,White,bkaiser@example.net,974-914-0317,Ingramland,NC,54985,2023-11-19
100515,Emily,Wells,austin34@example.net,921-951-7649,New Sarah,VA,22179,2024-10-23
100516,Cheyenne,Garcia,qdunn@example.net,466-256-4599,Port Paul,SC,85120,2025-01-09
100517,Brittany,Johnson,karenbond@example.net,847-964-7446,Port Samuel,NC,60981,2024-03-28
100518,Joseph,Berry,kelly51@example.net,187-364-7601,Josefurt,NC,99300,2022-10-18
100519,James,Cain,gracechavez@example.com,697-549-6387,East Elizabeth,NC,70529,2021-10-29
100520,Janet,Burton,edwardparsons@example.org,798-230-6505,South Meredithview,NC,14802,2023-04-10
100521,John,Wheeler,freemanjeremy@example.net,469-675-8865,Davidside,VA,87762,2022-10-03
100522,Ryan,Johnson,nicole60@example.net,801-975-7653,Lake Valerieburgh,NC,24699,2024-11-02
100523,Jessica,Smith,wagnercarrie@example.org,267-576-1676,South Terry,NC,84917,2021-07-07
100524,Corey,Hunter,johnsonjessica@example.net,960-190-1166,New Amberberg,SC,55639,2024-03-24
100525,Kim,Miller,gboyd@example.net,434-753-9431,Cynthialand,VA,72131,2024-10-12
100526,Jeremy,Guerrero,hholden@example.com,709-014-3527,Port Jessica,FL,20201,2021-06-29
100527,Melissa,Sims,haleydudley@example.com,309-267-4680,North James,SC,43437,2021-01-30
100528,Kristi,Brown,smiller@example.com,218-608-2681,Craigport,NC,09628,2025-09-26
100529,Jessica,Manning,okennedy@example.org,778-191-0019,Juanfurt,SC,51025,2024-11-08
100530,Samantha,Blackburn,deborah27@example.net,673-812-7226,Johnville,NC,09943,2023-04-20
100531,Stephanie,Stevens,elizabeth46@example.org,840-414-2032,North Yvette,NC,46964,2025-05-16
100532,Lisa,West,romanlisa@example.net,916-045-9432,Adammouth,GA,33851,2023-08-25
100533,Jack,Mitchell,ashleylogan@example.org,908-043-8136,West Jonathan,NC,51591,2024-11-10
100534,Lisa,Collier,hernandezanna@example.com,384-884-2448,New Larryburgh,TN,16313,2021-11-27
100535,Daniel,Riley,cynthia13@example.net,688-821-0150,West Wendychester,SC,19313,2024-01-20
100536,James,Lee,znorman@example.org,070-918-4600,Lake Allisonfurt,NC,53525,2021-10-01
100537,Meghan,Frazier,mikediaz@example.com,101-425-3546,Richardland,NC,13613,2024-07-12
100538,Omar,Barnett,martinezchristina@example.com,325-920-6442,South Phillip,FL,69470,2023-10-25
100539,Kimberly,Miller,daughertycharles@example.com,508-652-0533,Baileyview,NC,29995,2025-06-30
100540,Jerry,Hardy,mitchell10@example.com,649-079-0669,West Deborah,NC,70189,2024-02-14
100541,David,Andersen,smithdebbie@example.org,763-937-1446,Coxfurt,NC,86216,2023-09-09
100542,Brandon,Bray,heatherthomas@example.com,093-295-2485,Brianview,SC,30889,2021-12-07
100543,Nicole,Stewart,michelle66@example.org,768-821-4200,Smithville,VA,69854,2021-05-20
100544,Michelle,Carter,sara14@example.com,308-788-2654,Thompsonland,VA,45710,2022-04-10
100545,Sue,Hall,nmoore@example.com,654-032-1473,New Amyville,VA,13703,2022-09-20
100546,William,Robinson,awalls@example.com,852-474-2589,New Darrellbury,NC,59551,2023-12-31
100547,Katrina,Gibson,denisestewart@example.org,018-889-9936,Lake Kurtchester,VA,50551,2023-01-19
100548,Patrick,Jensen,jacqueline38@example.com,833-978-7079,Brandonville,NC,75111,2023-08-14
100549,Eddie,Moss,daniel89@example.net,062-099-6787,North Raymondville,SC,42654,2024-04-03
100550,John,Wright,monicagoodwin@example.net,433-592-1093,North Pamela,VA,88116,2025-06-17
100551,Angela,Walker,matthew39@example.com,062-197-3881,Gonzalezmouth,NC,30904,2025-03-05
100552,Abigail,Rhodes,brivera@example.org,466-953-9190,South Mary,NC,13739,2022-06-22
100553,Bruce,Arias,ycaldwell@example.com,439-017-7586,West Beverly,VA,49137,2023-09-13
100554,Vernon,Gonzalez,dorseybrian@example.net,015-618-9921,Port Stephanie,SC,39038,2025-07-06
100555,Michael,Ponce,jonathan53@example.com,232-345-8144,East Markborough,FL,49244,2023-02-16
100556,Andrew,Lambert,singhsonya@example.com,041-319-7171,East Carlyberg,NC,16072,2025-08-09
100557,Brett,Reeves,diane63@example.com,070-959-0415,Lake Rhonda,GA,78134,2021-02-17
100558,Michael,Wilkerson,xmarshall@example.com,051-303-4374,Martinezborough,NC,54439,2021-01-15
100559,Vanessa,David,tmathis@example.com,105-785-8334,Lake Megan,NC,29375,2024-03-23
100560,Julie,Hernandez,yodom@example.com,382-638-6831,Donnafort,GA,60155,2023-09-19
100561,Kyle,Stout,brittneysmith@example.org,535-932-7924,New Raymond,NC,96996,2025-04-24
100562,Cassie,Bryan,catherine18@example.com,410-536-8790,Lake Justin,NC,38624,2021-10-14
100563,Susan,Barnes,elizabethdaugherty@example.org,288-627-9018,New Henrymouth,NC,93085,2023-07-04
100564,Todd,Anderson,yvonnearroyo@example.org,106-223-8084,Williamsbury,SC,01428,2025-06-02
100565,Brian,Brandt,harmonmichael@example.net,754-032-4264,Amymouth,NC,09215,2024-08-01
100566,Lori,Vasquez,tiffany41@example.net,995-218-1534,Nicoleport,NC,77486,2022-01-30
100567,Gabrielle,Campbell,mcdonaldsara@example.net,712-718-5243,Port Heatherport,NC,77422,2024-11-28
100568,Maria,Jones,johnsmith@example.org,141-308-7686,Hooperfurt,SC,96891,2021-11-10
100569,Lori,Brown,kimmike@example.net,366-601-6089,North Zoeborough,SC,09573,2021-12-28
100570,Tammie,Meza,longdenise@example.net,592-514-4308,Lake Jeffery,NC,62709,2025-05-26
100571,Kerri,Hamilton,stephanievazquez@example.com,843-026-9731,Gonzalezburgh,SC,52461,2025-02-21
100572,John,Johnson,xwong@example.com,066-778-7312,Lake Williamland,SC,34905,2022-07-19
100573,Anthony,Stone,omadden@example.net,101-423-0471,Port Jeffreyfort,NC,71883,2021-09-14
100574,Jesus,Roberts,david60@example.net,524-805-0166,Robinshire,VA,28175,2024-07-02
100575,Ronald,Goodwin,dawn72@example.com,707-970-2423,Darrellfurt,NC,64512,2025-05-25
100576,Justin,Huff,edwardbooth@example.com,257-109-3571,North Julie,FL,94913,2024-09-04
100577,Thomas,Andrews,zharris@example.net,196-126-5025,East Matthewside,SC,73160,2025-04-21
100578,Joseph,Cooper,njuarez@example.org,512-305-4531,Lake Harold,NC,97812,2021-03-30
100579,Diana,Ford,lori81@example.net,855-108-5875,Port Adrienne,NC,70554,2022-07-10
100580,Jonathan,Griffin,gryan@example.com,429-508-1106,North Danny,NC,62802,2023-03-19
100581,Taylor,Nguyen,justin31@example.org,931-754-0272,Port Joseph,VA,52747,2022-12-25
100582,Corey,Castillo,gordonmichael@example.com,511-938-8134,North Lydia,NC,44793,2021-06-11
100583,Brittany,Williams,ecook@example.com,505-753-4906,Tonyabury,VA,44204,2025-06-13
100584,Stacey,Richard,catherinedorsey@example.net,238-241-6811,North Andrew,SC,76677,2025-10-26
100585,Lisa,Pena,gmartin@example.net,875-024-5324,Brandonmouth,NC,73981,2025-06-22
100586,Michael,Hernandez,reillyamy@example.org,073-033-9672,Dawnshire,NC,36060,2021-07-24
100587,Melissa,Vaughn,katherinecox@example.net,684-335-2479,New Joshua,SC,91085,2024-01-26
100588,Maria,Leach,heather12@example.org,640-978-0763,Loristad,NC,90272,2022-11-01
100589,Sean,Yates,timothy31@example.com,477-756-8911,West Scottburgh,NC,21291,2022-06-29
100590,Pamela,Fields,mario39@example.net,707-626-5562,Phillipsville,NC,47235,2025-12-23
100591,David,Figueroa,brandtjonathan@example.net,861-960-1420,Tamarastad,VA,20667,2025-07-25
100592,David,Ellis,millerjoseph@example.net,340-654-1132,Lake Karenfurt,NC,13495,2022-01-06
100593,Melody,Stout,blakejeffery@example.org,111-135-0493,Jonesberg,TN,46986,2023-01-18
100594,Mark,Evans,dominguezjames@example.org,548-935-2602,West Jason,NC,02272,2022-03-14
100595,Harold,Skinner,dyoder@example.net,858-074-9537,Leachland,NC,90639,2021-09-14
100596,Jessica,Meyers,pgonzales@example.org,360-967-0086,South Joyport,FL,67321,2022-05-08
100597,Marcus,Long,jclayton@example.net,550-298-8904,Lake Danielbury,NC,69962,2024-10-09
100598,David,Mcconnell,chill@example.org,820-616-1036,South Taraton,SC,23488,2024-09-09
100599,Matthew,Ramos,alyssa75@example.com,673-785-3063,Chavezborough,GA,01830,2022-12-06
100600,Mark,Martinez,aguirrefrederick@example.org,719-697-1014,Romanport,FL,99137,2022-09-29
100601,Catherine,Taylor,efrench@example.org,968-256-9563,Parrishborough,VA,21318,2025-06-02
100602,Edward,Carney,fraziereric@example.net,186-596-9231,Robersonfort,NC,39629,2021-12-18
100603,Sonya,Moss,lisamcneil@example.net,213-230-1434,North John,SC,84579,2022-03-10
100604,Ashley,Murphy,larrythomas@example.org,910-658-9330,Ericfurt,NC,54227,2022-05-03
100605,Joshua,Jones,harperashley@example.org,682-139-4436,East Carolynchester,NC,53348,2025-11-29
100606,Shane,Ward,simssamantha@example.org,147-620-6763,Jasonbury,NC,34365,2023-08-24
100607,Regina,Cruz,mariajones@example.com,079-307-4805,Karashire,NC,04533,2023-07-29
100608,Benjamin,Berg,tonyajones@example.com,925-429-9114,West Laurie,NC,56519,2023-12-08
100609,Kevin,Hopkins,melissa73@example.com,292-430-3163,Smithmouth,SC,09874,2023-06-30
100610,Jason,Morris,spowers@example.com,514-753-8333,East Brianberg,NC,96471,2022-10-20
100611,Brooke,Knox,rachel13@example.org,332-392-3649,Wrightville,SC,85560,2022-04-11
100612,Tammy,Walker,welchcurtis@example.com,183-532-6455,Robertton,NC,93562,2023-03-29
100613,Alicia,Love,alejandro52@example.net,067-099-7680,Jasonville,NC,64881,2021-08-28
100614,Amy,Young,ldeleon@example.org,126-789-4625,East Richard,FL,68601,2024-10-20
100615,Brent,Thompson,uhodge@example.net,529-279-4973,Cynthialand,NC,33495,2025-02-04
100616,Gabrielle,Watts,santosnicole@example.com,799-776-3410,East Brenda,NC,48114,2021-06-12
100617,Daniel,Collins,valeriecoleman@example.com,831-324-6815,Shelbystad,GA,61417,2025-05-19
100618,James,Yang,williesteele@example.com,301-333-2403,West Markfurt,FL,52348,2025-08-02
100619,Courtney,Williams,simonjennifer@example.net,523-330-3582,Lake Jasminefurt,NC,72159,2024-01-21
100620,Angela,Holmes,christopher76@example.net,527-670-7012,Griffinchester,NC,30401,2021-01-22
100621,Derrick,Wagner,katherinebrennan@example.org,428-331-5661,Port Reneebury,NC,58535,2023-07-24
100622,Jesse,Gutierrez,hhorton@example.org,153-354-7238,Lake David,SC,89092,2023-09-02
100623,Christopher,Meyers,robertjames@example.net,611-380-8133,New Gabriellafurt,SC,09011,2022-05-10
100624,Sara,Holmes,kimberlyconley@example.net,919-345-8147,Audreyside,VA,13756,2022-08-20
100625,Tiffany,Cervantes,robinbrennan@example.org,703-604-3892,Wilsonchester,GA,30486,2024-11-29
100626,Scott,Johnson,gonzalezwilliam@example.org,718-737-9692,East Christopherborough,NC,54268,2025-03-28
100627,Jessica,Clark,lwilliams@example.com,837-416-3896,New Patriciaport,NC,36398,2023-03-15
100628,Sara,Chavez,bobrien@example.net,133-913-3756,North Loriside,NC,35336,2022-03-06
100629,Sheila,Jones,luis06@example.org,968-478-1516,East Seanberg,NC,81245,2024-09-12
100630,Allen,Lopez,wmartin@example.com,487-091-4614,North Tracy,NC,44760,2021-06-07
100631,Jacob,Ortega,james00@example.com,334-251-7023,Martinport,SC,65501,2022-05-30
100632,Kayla,Callahan,lanekimberly@example.net,836-647-7741,New Tracy,FL,28226,2022-04-04
100633,Megan,Spencer,bhall@example.com,099-556-4577,Saramouth,NC,58676,2022-07-15
100634,Kevin,Thomas,carl87@example.net,878-191-2865,Lake Jesse,SC,95337,2024-01-19
100635,Bryan,Foster,amandadavidson@example.com,892-485-6482,North Michelle,NC,71632,2024-02-19
100636,Mark,Johnston,isaiahwilson@example.org,522-780-0397,North Debra,VA,76005,2024-09-15
100637,Andrea,Nguyen,watsonedwin@example.com,202-998-2977,Port Jennifer,NC,70937,2023-07-04
100638,Regina,Alexander,joshuajohns@example.org,567-212-1362,Samuelshire,SC,70029,2024-01-09
100639,Brad,Cooper,bradley94@example.com,254-357-8814,Chavezville,NC,84892,2025-02-20
100640,Marc,Sutton,ffleming@example.net,953-312-1982,Martinezhaven,SC,34251,2021-02-03
100641,Gregory,Rogers,jwebster@example.net,831-904-7315,New Maryhaven,NC,82620,2021-11-21
100642,Dustin,Taylor,mmoore@example.org,032-301-5693,Cummingsberg,VA,64957,2024-03-13
100643,Matthew,Hernandez,clogan@example.net,283-582-1930,North Danieltown,NC,30186,2025-11-08
100644,Kimberly,Bryant,annejuarez@example.net,965-061-0864,West Jaredberg,GA,72337,2025-01-04
100645,Matthew,Jones,robert12@example.net,395-244-0969,Kathyview,TN,84634,2021-06-25
100646,Daniel,Smith,michael87@example.net,361-425-6002,East Carl,SC,73655,2021-05-26
100647,Stacey,Soto,justinsullivan@example.org,317-103-7161,Port Matthewtown,GA,77006,2022-07-05
100648,Andrew,Keith,zfischer@example.net,138-871-9240,Port Bradley,SC,57250,2022-03-11
100649,Joshua,Haley,callahanphilip@example.com,212-460-0074,North Jeffery,NC,36489,2025-08-11
100650,Tammie,Phillips,janegrant@example.org,155-886-7858,East Tracey,NC,10586,2023-04-15
100651,Russell,Hill,wilkinseric@example.net,796-314-1472,Port Michele,VA,80606,2022-01-14
100652,Jesse,Roy,alexis84@example.org,217-590-7400,Martinview,VA,62642,2023-03-30
100653,Gabriella,Johnson,nguyenmark@example.net,659-647-3031,East Justin,NC,92563,2022-07-27
100654,Michael,Griffin,wallacegregory@example.net,621-154-5777,Annton,NC,16244,2025-06-18
100655,Catherine,Powell,opeterson@example.com,914-527-8655,North Seanfurt,VA,53953,2025-02-01
100656,Keith,Villegas,kurtmitchell@example.net,081-141-6193,Lake Jenniferside,NC,37614,2021-09-18
100657,Michael,Lang,stewartcharles@example.com,917-024-2857,Scottside,NC,67212,2021-04-02
100658,Joann,Morales,nancybullock@example.net,393-706-0206,South Wendytown,TN,47570,2023-11-30
100659,Jenny,Stevens,martinezjohn@example.org,891-927-3969,New Sharon,NC,81097,2022-05-18
100660,Cynthia,Greer,jennifer82@example.net,886-391-9025,Lewishaven,TN,47475,2022-07-24
100661,Jennifer,Clark,lcrane@example.net,377-347-9092,Shannonfort,NC,59318,2024-08-02
100662,Kevin,Gates,rangeldestiny@example.net,134-768-0594,Port Gabrielle,NC,50708,2021-11-16
100663,Jesse,Rivera,davisvirginia@example.org,091-894-3563,South Stephanietown,SC,36274,2022-01-15
100664,Darius,Anderson,osbornelatoya@example.org,264-020-2129,Howardchester,SC,35876,2023-04-04
100665,Kevin,Horn,shelbycole@example.net,672-399-8262,Dennisfort,NC,52161,2025-04-28
100666,Anne,Brown,evan60@example.net,295-765-0869,New Anthony,VA,12019,2024-09-08
100667,David,Sampson,rachelgeorge@example.org,216-755-7471,West Jennifershire,NC,27087,2025-02-16
100668,Brandon,Leonard,jessicaherrera@example.net,496-920-2573,Johnstonmouth,GA,06769,2025-08-12
100669,Patrick,Russell,icastro@example.com,996-873-4075,Danamouth,NC,61192,2025-04-11
100670,Patrick,Pierce,cmoore@example.com,256-002-9743,New Jennifer,TN,92140,2021-12-19
100671,Riley,Diaz,hdavis@example.net,425-687-8917,New Pamela,FL,58709,2022-03-23
100672,Kayla,Elliott,heatherfoster@example.net,157-808-1237,South Angelatown,NC,30905,2022-07-18
100673,James,Moss,jacobcohen@example.net,544-712-0913,Patrickhaven,NC,97890,2023-10-29
100674,Jennifer,Lozano,danielwalker@example.com,101-266-4331,Lake Michaeltown,GA,13748,2023-10-09
100675,Ryan,Haynes,kennethmckenzie@example.org,262-133-7565,North Tammy,SC,23284,2021-07-20
100676,Joshua,Ortiz,rhonda85@example.net,695-292-1083,New Timothy,NC,77231,2021-09-17
100677,Tara,Hill,montgomerycarol@example.net,626-488-4533,East Douglas,NC,71346,2023-04-11
100678,Richard,Hernandez,kristin14@example.org,698-650-8702,Marymouth,NC,26309,2025-06-13
100679,Troy,Yoder,ealvarez@example.org,405-560-5287,Cynthiaberg,SC,11913,2025-07-29
100680,Jennifer,Pace,crystal38@example.org,116-565-7159,Ruizport,SC,61750,2022-10-21
100681,Dennis,Johnston,johnsonjoseph@example.org,681-667-1173,North Samanthastad,VA,94882,2021-05-13
100682,Colleen,Herrera,joannahicks@example.com,426-730-2014,Salazartown,VA,26409,2022-10-09
100683,Angel,Garza,annethomas@example.org,352-885-7561,Port Rebecca,GA,83839,2023-05-24
100684,Matthew,Douglas,teresa80@example.com,173-366-8024,Beasleyton,TN,84570,2024-04-12
100685,Robert,Allen,ilee@example.org,733-828-7479,Port Deborahbury,SC,84249,2023-05-27
100686,Richard,Martinez,castillocarolyn@example.net,201-829-2393,North Alex,TN,23119,2025-03-15
100687,Chris,Perry,woodcatherine@example.com,505-824-5862,Katherinechester,NC,66241,2023-04-16
100688,Patricia,Flores,dsullivan@example.net,910-851-2407,North Lisaborough,FL,32885,2024-01-04
100689,George,Jimenez,christopher10@example.net,000-058-3645,Aprilfurt,VA,05772,2024-12-06
100690,Hayley,Estrada,lawrencephillip@example.net,049-189-8332,East Stephaniehaven,SC,46339,2022-12-25
100691,Christopher,Richardson,ashleyjensen@example.net,848-107-2967,North Nathan,TN,48563,2024-11-17
100692,Lori,Hart,lkelly@example.org,019-772-8595,West Brianna,SC,43052,2023-04-17
100693,Claire,Norris,vjohnson@example.org,331-239-5469,South Mario,TN,84032,2022-11-10
100694,Joseph,Graves,ymiller@example.net,144-733-7517,East Sheila,GA,29861,2022-01-07
100695,Ronald,Humphrey,allison75@example.com,679-906-7350,Tuckermouth,SC,80648,2021-11-20
100696,Amy,Griffin,carrievargas@example.org,425-361-0935,Port Reneeside,FL,40689,2021-11-15
100697,Adam,Hernandez,markbrewer@example.com,433-524-3348,South Maria,NC,05181,2022-06-09
100698,Steven,Ford,billy81@example.org,205-501-5414,Danielleview,FL,67106,2025-04-06
100699,Jeffrey,Torres,wbass@example.com,500-542-4656,Danielton,NC,34451,2022-04-28
100700,Michael,Galvan,tracy16@example.com,966-548-0255,South Miguel,SC,47840,2022-12-01
100701,Shelly,Whitaker,john39@example.org,702-760-1684,North Joelshire,GA,38760,2021-09-17
100702,Brian,Gomez,stevethompson@example.com,933-551-6015,Davisberg,NC,52378,2023-12-01
100703,Michael,Lawson,patrickhenderson@example.net,307-560-4919,Port Mollyland,NC,55673,2024-02-19
100704,Cory,Garcia,ychan@example.com,258-676-2763,Kathrynborough,VA,44963,2023-10-26
100705,Lisa,Brown,elizabeth83@example.org,531-890-9600,Smithborough,NC,07634,2025-02-26
100706,Thomas,Brown,gonzalezjoseph@example.org,593-928-9783,Frosttown,NC,77164,2021-04-05
100707,Peter,Dawson,megan21@example.com,471-499-3288,East Mark,NC,63955,2025-03-17
100708,Katherine,Walker,fernandezsarah@example.com,071-491-3150,Vasquezfurt,TN,80635,2021-06-08
100709,Mary,Gardner,diaznathan@example.org,216-008-1123,Robertland,VA,07226,2023-01-06
100710,Sharon,Grant,philip53@example.net,411-980-4470,Mileshaven,NC,08766,2024-04-24
100711,Patricia,Villegas,lmunoz@example.org,092-127-0612,New Kathrynbury,NC,84844,2023-08-13
100712,David,Parker,robynbaker@example.net,741-892-6084,Michaelfort,GA,49213,2021-05-26
100713,Travis,Conner,alyssalong@example.net,490-058-1162,Elizabethchester,NC,03429,2025-06-03
100714,Alyssa,Pineda,vanessa05@example.org,981-697-5384,Rubenmouth,TN,60180,2023-03-26
100715,Jenna,Bailey,jeffreyhernandez@example.com,394-656-8000,Lake Johnside,NC,80013,2025-09-01
100716,Kelly,Sanders,swright@example.org,358-791-2146,Burnsburgh,NC,32080,2024-08-22
100717,Edwin,Brown,garciatimothy@example.net,844-257-0311,Kaneburgh,GA,36146,2024-06-02
100718,Todd,Fisher,jason98@example.net,934-380-5823,Port Brookehaven,NC,22058,2025-08-28
100719,Michelle,Mcguire,imurray@example.com,435-627-6857,Williamchester,NC,22054,2024-10-04
100720,Tina,Dalton,castrokathleen@example.org,898-540-1716,East Angelaport,NC,24600,2024-04-07
100721,Erin,Greer,scottthomas@example.net,201-654-3032,Kellyport,GA,65505,2023-04-25
100722,Andrew,Smith,watsoneric@example.com,676-836-6700,Guerreromouth,SC,60543,2022-03-18
100723,Erin,Sanders,christina41@example.com,904-441-9867,East Matthewborough,TN,03192,2024-07-04
100724,Samuel,Brooks,floresmaria@example.net,163-260-5000,West Karenfurt,NC,43152,2023-11-20
100725,Lisa,Smith,jimleblanc@example.org,338-876-8173,Sarahchester,SC,28482,2021-02-28
100726,Samantha,Francis,gloria85@example.com,118-961-8789,Raystad,FL,99804,2021-10-19
100727,Amanda,Shannon,keith34@example.net,098-817-9743,Kingmouth,GA,27899,2022-07-13
100728,Lori,Mitchell,christinarogers@example.com,187-602-0997,North Dorothybury,SC,78925,2021-01-30
100729,Lindsay,Green,jgomez@example.org,428-173-4616,Sharpfort,NC,70558,2021-04-18
100730,Victoria,Allen,murraydaniel@example.org,102-823-7038,East Justinland,VA,02563,2024-06-12
100731,Tammy,Jackson,cordovajeremy@example.com,454-754-0599,Wendyburgh,VA,83245,2024-03-12
100732,Michael,Faulkner,matthew46@example.com,516-319-9082,Tiffanybury,VA,20465,2022-08-03
100733,Michael,Diaz,marcusjohnson@example.org,658-097-6739,Piercechester,NC,60620,2021-08-28
100734,Nicole,Contreras,khurley@example.com,886-356-0462,New Steve,NC,09234,2022-04-28
100735,Sherry,Fuentes,jlawrence@example.com,860-452-8505,Cherylbury,GA,84309,2023-06-26
100736,Luis,Mcdaniel,afreeman@example.com,516-838-7958,Jacksonport,TN,29247,2025-03-21
100737,Sonya,Wells,whitejohn@example.org,713-609-0659,Lake Larryville,FL,23241,2025-06-25
100738,Angela,Harper,ninasmith@example.net,074-380-5899,East Susanton,NC,13348,2025-11-27
100739,Charles,Barrett,mike49@example.net,110-864-7282,Wallsshire,NC,50354,2024-08-02
100740,Marie,Scott,brownjames@example.net,034-783-1024,Pearsonview,VA,47341,2021-09-17
100741,Kathleen,Hoffman,ncain@example.org,988-401-7335,West Evanville,SC,33531,2021-08-18
100742,Judy,Howell,smithwanda@example.org,194-992-6466,Connerberg,SC,10295,2025-11-14
100743,Angela,Johnson,ricardo81@example.net,643-508-6854,West Laurieside,VA,30842,2024-05-05
100744,Joshua,Hines,brittany00@example.com,758-483-3379,South Amandaside,NC,39951,2025-04-20
100745,Gregory,Sanchez,juliechen@example.org,476-926-2308,Port Alejandroville,NC,79546,2021-10-01
100746,Michael,Smith,fernandezcharlotte@example.net,784-128-5281,Lake Matthewmouth,SC,01360,2021-04-15
100747,Jorge,David,rmcguire@example.org,835-464-5876,Port Tinaburgh,SC,02472,2021-12-23
100748,Peter,Gutierrez,matthew30@example.com,687-536-1100,Lake Crystal,SC,59564,2024-09-03
100749,James,Blackwell,hcooper@example.net,284-293-0116,Ritterton,NC,26750,2022-11-28
100750,Jade,Vasquez,wchapman@example.com,004-040-3069,South Alex,NC,48194,2025-03-18
100751,Melissa,Henderson,turnercarolyn@example.com,326-794-9604,Port Timothy,SC,90273,2023-05-29
100752,Ashley,Nelson,angela91@example.com,171-450-6594,East Maryport,GA,85981,2023-05-29
100753,Tracy,Phillips,scott37@example.com,542-455-7226,Garciaborough,NC,45271,2023-08-19
100754,Anthony,Ortega,alexanderstephen@example.org,746-731-7446,East Lydia,NC,48205,2023-11-05
100755,Adam,Key,caroline81@example.com,632-974-9372,New Ronaldmouth,VA,90718,2022-07-23
100756,Gregory,Mcdowell,lawsonrobert@example.org,925-220-5758,Juanborough,NC,56731,2024-09-19
100757,Mary,Sampson,dylan19@example.net,978-629-7955,Arnoldmouth,FL,62133,2024-07-20
100758,Melissa,Gilmore,tammymartin@example.net,289-892-2216,Jenniferbury,GA,01812,2025-01-02
100759,Robert,Robinson,iandrews@example.org,779-859-3176,Port Darlenehaven,TN,60538,2025-12-13
100760,Maria,Fox,ericdillon@example.com,181-911-0151,Lake Miguel,SC,92895,2025-11-14
100761,Laura,Ryan,david08@example.org,070-986-2972,Port Amybury,NC,94699,2025-10-27
100762,Tammy,Stewart,davissheila@example.org,880-095-3708,Nealmouth,SC,48631,2023-08-20
100763,Heather,Perez,fthompson@example.com,059-267-4016,Billyside,NC,30038,2025-08-29
100764,Molly,Floyd,bonnie86@example.org,112-854-9607,Chandlerton,NC,59594,2025-06-23
100765,Miguel,Moss,grantsteven@example.com,471-256-6738,East Crystalhaven,NC,73572,2021-06-27
100766,Dalton,Wood,walkerdiane@example.net,495-828-0684,Judithberg,GA,42447,2022-03-06
100767,Susan,Russo,mrogers@example.com,916-608-9806,Breannahaven,NC,09487,2025-01-28
100768,Cory,Newton,sara60@example.net,618-937-4023,West Angela,NC,59140,2025-09-03
100769,Adam,Gonzalez,kmartin@example.net,807-444-1238,Christopherchester,VA,55408,2021-08-16
100770,Ronald,Chapman,kwright@example.net,675-810-8940,Williamsville,SC,18430,2024-08-20
100771,Nancy,Adams,shane35@example.com,954-092-5656,South David,NC,25705,2023-07-06
100772,Tabitha,Schmidt,williamsbrian@example.net,166-724-4249,Tammyburgh,VA,99132,2024-10-14
100773,Steven,Miller,steven38@example.net,574-435-8929,Christophermouth,NC,59958,2025-06-23
100774,John,Spence,greerjennifer@example.org,518-042-9018,South Maryborough,TN,87008,2022-09-12
100775,Jason,Fischer,michaelmorris@example.net,880-093-5928,Copelandside,NC,15773,2024-12-24
100776,Laura,Jordan,thomas93@example.org,930-010-2018,Jessicabury,VA,15344,2023-02-27
100777,Russell,Swanson,scottjudith@example.com,692-079-8705,Richardton,VA,71344,2025-09-20
100778,Jacob,Adams,mckinneylisa@example.net,782-337-9816,Leefort,NC,53748,2022-04-12
100779,Thomas,Kidd,kristinburns@example.org,851-001-7247,Port Melissamouth,NC,62009,2023-11-09
100780,Joshua,Wolfe,kathy55@example.net,348-401-2945,Port Alexander,SC,74119,2022-08-05
100781,Sabrina,Terry,sanchezemily@example.com,869-098-7832,Raymondchester,NC,30094,2021-06-26
100782,Sue,Cooke,lfarmer@example.net,356-602-9634,New Bradley,GA,43084,2021-08-12
100783,Tammy,Reyes,fscott@example.com,691-752-0662,East Mariaberg,GA,69373,2022-03-14
100784,Donna,White,fullerjoseph@example.org,444-670-3486,Carolynside,TN,41916,2021-01-17
100785,Jennifer,Hoffman,chad99@example.net,777-584-2989,Johnsonmouth,GA,68286,2025-09-24
100786,Kevin,Johnson,jmyers@example.com,521-073-9600,Port Raymond,TN,26970,2025-08-04
100787,Elizabeth,Smith,cynthia70@example.org,758-924-6973,Lake Saramouth,NC,57234,2021-09-13
100788,Jose,Hunt,richardsonalyssa@example.com,484-278-4427,Allisonchester,NC,01434,2022-01-11
100789,Erik,Thompson,rachel44@example.com,010-038-5328,Travisport,NC,99664,2022-11-16
100790,Laura,Saunders,michellemorris@example.net,261-516-2027,Ashleyton,NC,95144,2023-02-14
100791,Michael,Bennett,justinrobinson@example.net,723-764-2108,East Jasonland,NC,69127,2025-02-26
100792,Sergio,Spencer,derrickschmidt@example.com,669-959-6183,South Austinport,NC,87224,2021-12-09
100793,Joshua,Jones,brendabauer@example.org,961-648-3722,Port Adambury,SC,42739,2023-02-25
100794,Paul,Fischer,jamiegarcia@example.com,549-295-9494,North Natashaside,SC,26554,2023-01-08
100795,Garrett,Nelson,isnyder@example.com,163-285-7997,South Christopher,SC,26990,2022-03-30
100796,Diane,French,matthew46@example.net,928-032-9231,Garciaborough,FL,81630,2023-10-10
100797,Jesus,Carlson,stanleyjeffrey@example.com,440-974-6233,New Samanthaland,SC,45603,2021-11-17
100798,Austin,Pace,gregory29@example.net,859-320-3017,Kendramouth,SC,37357,2024-11-25
100799,Richard,Norris,brent51@example.org,713-482-0394,New Amanda,NC,70420,2023-03-31
100800,Peter,Evans,patriciashepherd@example.com,864-364-0482,Benitezton,SC,41876,2021-01-19
100801,Kevin,Dawson,jacksonandrew@example.net,126-700-2282,South Anthony,NC,78500,2022-01-24
100802,Michelle,Romero,lamtodd@example.org,937-138-7808,New Erikaville,SC,03733,2024-09-29
100803,Anne,Berg,gregoryadams@example.org,600-390-7707,Jilliantown,SC,74005,2025-07-21
100804,William,Green,hlin@example.com,174-016-8633,Toddhaven,NC,47141,2021-02-20
100805,Donald,Snow,newmanalison@example.net,113-294-4426,Tuckerfurt,GA,18155,2022-05-15
100806,Kenneth,Watts,cynthiaerickson@example.net,143-474-7319,Port Kevin,NC,37007,2024-12-02
100807,Morgan,Elliott,logandiane@example.com,656-585-6818,Lake Adamshire,NC,79079,2024-10-22
100808,Eric,Barnes,smithkevin@example.net,312-057-8315,North Marvinstad,NC,42677,2022-12-07
100809,Brenda,Cain,fjones@example.org,579-520-7857,Sonyaland,NC,06008,2024-08-14
100810,Joseph,Jones,trevinojesse@example.org,241-157-9440,Vasquezhaven,GA,09839,2021-10-14
100811,Jeffrey,Harper,rgallagher@example.com,560-308-8815,Lake Peter,NC,87562,2023-06-15
100812,Alicia,Payne,johnsonmichael@example.org,356-831-2895,Nicolehaven,NC,68706,2024-05-15
100813,Scott,Hobbs,hannahpowell@example.net,837-566-0977,Gomezfurt,SC,91864,2024-03-06
100814,Lucas,Mcdaniel,rodgersmelissa@example.net,776-250-7229,West Stephaniemouth,NC,46615,2025-12-07
100815,Danielle,Downs,andrew47@example.net,091-331-2513,Lake Tammyburgh,SC,78942,2022-10-21
100816,Matthew,Shaw,taraparker@example.org,304-807-2520,South Sabrinaton,NC,38930,2022-09-10
100817,Brandon,Davis,patrickgeorge@example.com,990-778-3817,Lake Jasonland,NC,33403,2021-04-28
100818,Keith,Reynolds,qwinters@example.org,616-816-9051,Port Cody,SC,58472,2024-11-02
100819,Sonya,Walls,bethany90@example.net,513-085-7882,Johnshire,NC,55579,2025-04-28
100820,Kevin,Williams,lawrencecatherine@example.org,761-124-7059,North Paul,NC,22324,2025-02-05
100821,Michael,Glass,clane@example.com,059-907-2852,South Wendyborough,NC,07755,2024-05-20
100822,Wesley,Neal,theresadodson@example.org,276-153-3507,Bookerberg,NC,91945,2024-03-30
100823,William,Carter,gjohnson@example.org,333-792-7296,Port Catherinetown,NC,75014,2023-05-04
100824,Maria,Cooke,butlerjasmine@example.com,487-194-2204,Lindseychester,TN,09156,2025-10-25
100825,Stephen,Kelley,patricia15@example.net,185-247-8191,Robertsonview,NC,92001,2023-10-14
100826,Jordan,Duke,charles73@example.org,739-867-4992,Cassieport,NC,77545,2023-08-21
100827,Melanie,Bryant,matthew10@example.org,480-501-5573,Kristinabury,NC,24887,2022-02-06
100828,Kelly,Shields,reynoldsgavin@example.org,249-125-7278,New Christinafort,NC,93303,2022-05-13
100829,Jon,Smith,lauren71@example.com,111-147-9641,Doyleton,VA,16481,2025-05-18
100830,Benjamin,Reeves,william52@example.org,698-814-2562,Thomasburgh,SC,57075,2022-04-24
100831,Stephen,Lambert,joyce25@example.net,699-202-1212,East Gina,GA,81160,2023-08-17
100832,Christopher,Shepherd,ashlee31@example.com,284-605-8605,Richardchester,NC,06361,2022-10-15
100833,Stephanie,Swanson,stevenhenry@example.net,011-140-7676,Carrillobury,SC,45956,2023-11-26
100834,Diane,Campbell,gross@example.com,789-221-6033,Lake Jessicaside,NC,34824,2023-03-21
100835,Robert,Clark,vcrawford@example.net,908-539-5348,Julianborough,SC,65729,2023-05-29
100836,David,Bowen,tony70@example.net,870-841-2664,Tanyabury,NC,48276,2024-10-28
100837,Alexis,Perez,qtrevino@example.net,086-258-2193,Coreyside,GA,76624,2025-07-20
100838,Phillip,Sanders,taylorbethany@example.com,170-565-1551,Lowebury,NC,77478,2021-04-20
100839,Robert,Hall,jonesjoyce@example.com,337-663-3128,East Mauricestad,NC,76122,2023-05-13
100840,Joseph,Miller,jamestommy@example.org,349-712-8150,West Theresa,TN,23237,2021-08-05
100841,Nicholas,Jones,charlescarter@example.com,725-380-5635,Jamesside,NC,71961,2021-08-16
100842,Lauren,Clark,ellistanya@example.net,020-760-9297,Danielside,TN,31298,2023-08-07
100843,Philip,Wade,nelsonjodi@example.org,554-244-1958,Patelchester,GA,18585,2022-09-29
100844,Brandy,Lee,james81@example.org,229-007-3985,Navarroton,NC,30253,2022-11-16
100845,Karen,Davis,umiddleton@example.net,035-348-9572,Lake Aaron,FL,31900,2024-02-22
100846,Hector,Flores,christopher16@example.org,216-143-1907,Strongbury,VA,59782,2025-10-16
100847,David,Brewer,othompson@example.com,017-273-3234,Jonesmouth,SC,04705,2022-01-17
100848,Amber,Mcdaniel,carterchristopher@example.org,011-853-6193,Johnsonbury,NC,31813,2025-11-09
100849,Brian,Schmidt,kristi13@example.org,983-291-8759,Brandychester,NC,02352,2022-07-01
100850,Brenda,Santana,hallruben@example.net,143-908-4875,Lake Timothy,NC,22377,2024-04-15
100851,Tracy,Morgan,lrodriguez@example.net,391-526-0289,East Michaelside,NC,70171,2023-07-24
100852,Courtney,Porter,sandra30@example.org,026-361-6275,South Jamesfort,SC,94280,2025-06-15
100853,Vincent,Cabrera,yscott@example.org,526-727-6255,South Brendafurt,NC,89322,2023-08-05
100854,Charles,Goodman,igalvan@example.org,163-881-3663,Waltontown,NC,22431,2023-01-12
100855,Alexandra,Spencer,lynnarmstrong@example.net,447-990-7633,South Rachel,SC,21462,2025-12-08
100856,Brittney,Fox,pagegeorge@example.org,345-443-0648,Edwardtown,SC,49387,2021-08-31
100857,Franklin,Franklin,adamfrederick@example.org,547-553-4746,Murphybury,NC,77592,2023-12-26
100858,Larry,Ellis,whitakerallison@example.com,900-810-4918,Hendrixborough,NC,76005,2024-02-27
100859,Garrett,Ross,alyssalam@example.net,645-537-5091,Barryland,NC,00813,2025-02-11
100860,Jennifer,Wang,andreagray@example.com,759-939-3193,Kellyton,NC,41774,2024-04-25
100861,Ray,Sanchez,bjones@example.com,004-590-3201,Hancockmouth,NC,46576,2022-02-16
100862,Megan,Espinoza,zhuang@example.com,474-275-9362,Stephensview,NC,93554,2022-06-19
100863,Henry,Hood,morgancole@example.org,742-155-3410,South Jamie,FL,03308,2024-07-11
100864,Michael,Stanley,paulhuber@example.com,658-655-0600,Port Clifford,NC,09337,2021-09-19
100865,Tyler,Rogers,bobbyrobinson@example.net,135-015-2362,Lake Nicholasfort,SC,41141,2024-04-17
100866,Beverly,Gordon,robert38@example.org,873-045-9152,West Michelle,SC,70393,2021-04-25
100867,Jose,Khan,emurray@example.com,826-831-6783,Toddburgh,VA,89199,2023-11-29
100868,Ryan,Mcguire,john88@example.com,963-105-3051,Lake Ryan,GA,26487,2024-02-07
100869,Paul,Anderson,pettyaaron@example.net,185-229-8817,Parsonsmouth,NC,33279,2024-12-05
100870,Hannah,Sanchez,eric54@example.net,484-746-7272,Donnafurt,NC,38150,2021-07-20
100871,Erik,Mueller,leecarla@example.net,961-185-7675,West Amanda,GA,65524,2022-01-28
100872,Nicole,Ward,zthompson@example.net,883-408-4313,Mendezchester,NC,37946,2025-09-12
100873,Mark,Herrera,yeverett@example.org,705-389-0564,Allisonside,NC,49270,2022-04-19
100874,Sandra,Medina,randrade@example.org,301-143-4327,East Karentown,NC,16125,2022-12-25
100875,Kyle,Miller,shahtiffany@example.org,490-968-2559,Ashleyville,NC,73434,2024-03-29
100876,Danielle,Wood,christopherstevens@example.com,211-910-6191,Marshallville,NC,52315,2022-08-29
100877,James,Atkinson,ycooley@example.com,397-240-4254,Lake Roberto,NC,85476,2024-04-13
100878,Joshua,Jones,emily76@example.com,781-264-4756,Ayalaborough,FL,76978,2025-08-04
100879,Renee,Hughes,fitzpatrickjennifer@example.org,386-471-6573,West Tonyahaven,VA,21760,2021-02-14
100880,Yvette,Miller,caseymiguel@example.com,186-328-8608,Lake Patricia,SC,19913,2024-12-13
100881,Alexandra,Mcdaniel,kdelacruz@example.com,444-121-5436,Port Austinmouth,TN,56820,2025-05-09
100882,Brian,Castillo,aaronroach@example.org,206-150-8104,Hartside,NC,22483,2023-02-25
100883,Kristen,Lawson,adam05@example.net,708-933-4447,Jenniferburgh,VA,12999,2023-05-01
100884,Dawn,Lucas,moodyryan@example.com,219-900-7970,Danielton,VA,38773,2023-08-09
100885,Daniel,Young,stevengoodwin@example.com,819-606-4610,South Ariana,SC,46651,2022-07-05
100886,Bruce,Parker,davidlogan@example.net,437-116-8379,Lauraburgh,NC,78557,2025-06-28
100887,Michele,Ford,hoopermelinda@example.com,427-283-7324,Lake Jenniferland,NC,68722,2021-06-17
100888,Adam,Parker,dayraymond@example.net,867-860-0063,West Brandon,NC,66848,2021-09-09
100889,Peter,Vega,monica04@example.org,516-945-9582,Robertton,NC,43739,2024-01-21
100890,Jonathan,Adams,megan16@example.com,133-122-4424,Cassandratown,VA,63154,2025-12-16
100891,Dylan,Hughes,vsmith@example.org,092-835-5873,New Melissamouth,NC,42800,2025-05-13
100892,Austin,Martinez,coxcynthia@example.com,009-698-1235,Coxview,NC,72407,2025-07-01
100893,Stacy,Young,jamesclayton@example.com,721-975-3858,South Jamesburgh,NC,06114,2023-10-05
100894,Timothy,Walker,hughesalyssa@example.org,580-795-8470,Morganland,NC,93228,2024-12-03
100895,Vanessa,Fuentes,hwyatt@example.org,864-930-2651,East Patricia,VA,05815,2021-01-14
100896,Kimberly,Robinson,jenniferbaxter@example.net,021-858-2907,Lake Jonathan,NC,91512,2025-12-09
100897,Rebecca,Alexander,kclark@example.com,661-856-0930,Muellerhaven,GA,64445,2025-03-25
100898,Sara,Mckinney,cindy79@example.com,567-282-7610,Ericaview,NC,99824,2025-12-08
100899,Matthew,Burgess,tracy18@example.com,553-452-5983,Jasonbury,NC,69536,2021-03-11
100900,Joseph,Mcbride,gloria02@example.org,491-078-3815,West Mitchell,VA,83198,2022-03-22
100901,Andrew,Dixon,ysweeney@example.org,677-400-0386,Franklinstad,NC,47581,2025-01-09
100902,Kara,Sullivan,reedashley@example.com,561-141-5872,Lake Kristystad,NC,57631,2023-11-12
100903,Amber,Matthews,pmartinez@example.net,898-391-6516,South Andrewchester,NC,17297,2024-04-13
100904,Andrew,Fernandez,laura26@example.net,548-811-7686,South Patriciastad,NC,21334,2021-03-25
100905,Christopher,Bush,davidpark@example.org,875-282-5842,Ronaldton,NC,39108,2024-06-24
100906,Jason,Duffy,amy54@example.net,948-736-8304,Kevinshire,FL,19322,2022-08-06
100907,Emily,Gonzalez,matthewslinda@example.org,140-735-4438,West Jacob,VA,39694,2021-06-10
100908,Monica,Dixon,vhowe@example.org,926-539-5546,Lake Robert,VA,91925,2025-04-05
100909,Pamela,Hartman,brittany40@example.com,082-665-0554,Hubbardton,VA,09715,2025-04-21
100910,Christina,Andrews,egriffith@example.org,894-465-3115,Brendafort,SC,45286,2022-03-02
100911,Annette,Gonzalez,casecody@example.com,910-576-8712,West Kelly,NC,98961,2022-07-13
100912,Dana,Mendoza,martintaylor@example.com,278-839-3140,Lauriefurt,NC,82065,2025-08-10
100913,Alexander,Fitzpatrick,fernando43@example.com,477-501-3301,Andrewsberg,VA,63469,2023-10-02
100914,Taylor,Simmons,mcrawford@example.com,047-076-9640,Robinport,NC,07651,2021-09-19
100915,Jose,Robertson,kingbrandi@example.com,057-484-8026,Port Sandratown,SC,44566,2025-06-01
100916,Denise,Hughes,owilliams@example.net,023-944-9728,West Crystal,GA,61391,2023-04-23
100917,Kathryn,Ayala,znelson@example.com,061-948-8459,East Pamelaville,NC,93798,2023-10-12
100918,Sherry,Gibson,levi37@example.com,820-208-0764,Paulatown,SC,74291,2023-10-24
100919,Stephen,Lawson,shanenelson@example.com,771-574-4318,Charlesbury,NC,96230,2023-07-05
100920,Peter,Carter,stacyrobertson@example.com,787-451-1866,North Lisashire,SC,23252,2023-07-30
100921,Rebecca,Castillo,shawn09@example.com,315-880-6761,Seanstad,FL,79028,2021-07-05
100922,Latoya,Lee,williammartinez@example.com,561-468-3251,North Kristine,GA,05374,2024-08-20
100923,Elizabeth,Thompson,josephhamilton@example.org,937-834-8165,Jacobview,FL,58089,2025-04-24
100924,Sabrina,Wong,eatonalison@example.com,748-842-7451,South Cynthia,TN,46473,2024-07-13
100925,Lisa,Watts,william58@example.org,565-482-6747,Cookmouth,NC,48302,2023-11-05
100926,Joseph,Jackson,frankgordon@example.com,684-648-0593,West Vanessa,NC,86509,2022-06-01
100927,Abigail,Perez,allison93@example.org,253-518-6881,West Sheila,SC,71368,2024-05-04
100928,Hannah,Jones,holtchristina@example.org,803-965-1844,West Diana,TN,88616,2024-02-12
100929,Michael,Mitchell,jessica20@example.net,296-294-2012,Morrisonmouth,NC,66705,2022-04-13
100930,Anne,Smith,carol97@example.com,073-593-1639,Chadton,VA,47819,2023-12-27
100931,Sean,Anderson,cody66@example.net,424-377-9141,Amandaland,NC,22404,2022-04-05
100932,Donald,Bowers,xpayne@example.org,949-978-4011,Andreaport,SC,66641,2025-01-10
100933,Sarah,Jones,whenry@example.com,074-521-2359,Youngchester,SC,01736,2025-03-06
100934,Allison,Johnson,stuart01@example.com,454-570-2434,Cunninghamtown,NC,01595,2022-05-27
100935,Aaron,Wu,michaelburgess@example.org,637-616-7619,Randyfort,VA,01877,2023-05-02
100936,Miranda,Contreras,smithangela@example.org,346-546-0897,Port Barbara,NC,15778,2022-12-31
100937,Jesse,Cannon,kempwilliam@example.org,084-481-1890,North Lisaside,SC,76445,2021-02-07
100938,James,Jenkins,taylordavid@example.net,286-114-6024,Traviston,TN,18987,2021-01-06
100939,Peter,Robinson,kristen07@example.net,680-072-6622,Philipshire,SC,77972,2022-04-03
100940,Christian,Mccall,jordanwerner@example.org,458-587-2358,New Vickieside,NC,56790,2021-08-24
100941,Rebecca,Rodriguez,clarkalec@example.org,369-975-0300,North Kevinton,VA,89104,2025-11-11
100942,Amanda,Coffey,zmyers@example.com,203-645-4337,East Jorge,SC,32645,2021-08-06
100943,Anthony,Campbell,andrearamirez@example.org,017-422-1355,East Joshuashire,VA,07791,2022-07-31
100944,Dana,Harris,pthompson@example.net,675-876-2892,Wernerburgh,NC,44025,2023-05-02
100945,Regina,Harrison,laura12@example.net,471-227-0660,North Brenda,NC,22608,2024-05-03
100946,Jack,Gomez,andrebonilla@example.org,215-537-5493,Smithton,NC,97678,2021-04-09
100947,Kenneth,Martin,krhodes@example.com,336-117-1256,Bridgetstad,NC,67302,2024-05-21
100948,Charles,Contreras,cochranlisa@example.org,765-834-4589,Patelburgh,NC,38476,2023-11-23
100949,Kathryn,Gomez,campbelltracey@example.net,091-386-0482,West Cynthia,NC,97163,2023-05-21
100950,Chad,Graham,burnsdavid@example.net,425-339-6822,Lake Katie,NC,97373,2025-05-10
100951,Nicolas,Golden,swilliams@example.org,485-315-5663,North Kimberly,NC,29675,2025-06-05
100952,Timothy,Olsen,michaelprince@example.net,553-786-3937,New Johnville,GA,80785,2022-01-22
100953,April,Russell,dylan37@example.com,512-010-8424,South Nancy,NC,44817,2025-11-07
100954,Cathy,Arnold,frankmiller@example.org,712-301-1513,Woodsside,TN,34012,2023-10-17
100955,Robert,Walsh,monica38@example.org,157-548-7999,Padillastad,NC,98102,2025-12-29
100956,Chelsea,Alvarez,hartstephanie@example.org,986-801-5432,Cabreraside,SC,81719,2023-01-29
100957,Daniel,Wright,butleramy@example.com,063-531-6224,East Stephanie,SC,93196,2025-10-05
100958,Elizabeth,Wilkinson,traviscampos@example.com,361-397-0869,Claireside,NC,13956,2021-09-13
100959,Sarah,Rowe,stacey60@example.com,428-837-5402,New Shane,NC,79074,2021-07-14
100960,Ryan,Andersen,jacoblopez@example.com,992-265-2221,East Johnside,FL,69379,2023-04-01
100961,Christopher,Jones,erica91@example.org,420-496-8810,Elizabethview,NC,66277,2024-06-04
100962,Lisa,Robertson,zramsey@example.net,887-227-1780,Banksmouth,SC,72327,2025-09-02
100963,Stephanie,Hanna,tinamclean@example.com,864-591-2081,Edwardville,TN,09562,2024-04-14
100964,Michael,Fischer,john89@example.net,668-836-9672,South Nathanielchester,NC,60159,2025-11-07
100965,Katie,Ball,henry17@example.com,175-457-9915,South Erica,NC,40123,2025-11-25
100966,Brandy,Arroyo,leemark@example.com,522-478-6555,Guzmanshire,SC,29358,2024-03-22
100967,John,Smith,denisemeyer@example.org,043-877-2186,New Alejandrotown,SC,27279,2025-08-26
100968,Robert,Ramos,harrisapril@example.com,185-847-6506,Archerland,NC,99365,2025-09-08
100969,Carly,Williams,cpeters@example.com,657-907-8716,Sheppardburgh,NC,94549,2022-12-06
100970,Aaron,Drake,dchapman@example.net,272-073-7009,Bellville,NC,42746,2025-12-06
100971,Jared,Bautista,jason44@example.org,362-281-7813,Riveraton,NC,97992,2023-11-04
100972,Mark,Dean,petersonmarissa@example.org,790-325-7099,Lake Justin,NC,29498,2024-06-21
100973,Rachel,Nelson,markgutierrez@example.com,493-940-1707,Danielmouth,SC,25448,2024-10-28
100974,Jennifer,Robinson,daniel24@example.org,409-304-8176,Stoneborough,TN,32476,2024-04-21
100975,Brittney,Mccall,rebecca15@example.net,677-939-0585,New Gregside,NC,30394,2025-05-25
100976,Casey,Pruitt,joneserika@example.org,300-859-5833,Benjaminmouth,NC,27961,2024-12-27
100977,Matthew,Murphy,keithmartinez@example.org,440-732-8381,Lutzmouth,NC,26512,2025-07-08
100978,Nathan,Bennett,greensteven@example.com,292-503-6625,Melissaview,TN,11503,2023-03-30
100979,Scott,Hughes,shawnshaffer@example.com,024-081-0835,Robertville,NC,38055,2022-02-11
100980,Sean,Guerrero,sara66@example.com,373-855-4835,Leroyhaven,NC,29453,2024-11-27
100981,Heather,Tran,brenda68@example.net,983-283-6310,Lake Jennifer,VA,76406,2024-12-28
100982,Alicia,Lawrence,nwagner@example.net,947-779-6797,Robbinsland,NC,24215,2022-11-07
100983,Elizabeth,Harper,laurenforbes@example.com,319-418-7687,West Eric,SC,61571,2024-06-05
100984,Amanda,Smith,victoraguilar@example.com,516-824-7791,Williamville,NC,03986,2021-09-11
100985,Amy,Stokes,estradajohn@example.org,782-360-3190,Harrisonmouth,NC,95714,2021-07-22
100986,Bobby,Mitchell,ybell@example.net,230-248-8073,West Mauriceborough,NC,90010,2022-08-03
100987,Teresa,Dillon,madisonwest@example.com,538-130-1657,Perryfurt,GA,36751,2023-08-28
100988,Stefanie,Hernandez,robinsonlynn@example.org,593-484-9783,Mitchellport,GA,41005,2022-08-09
100989,Marvin,Munoz,williamsjamie@example.com,049-953-7327,Hickschester,VA,44216,2023-07-27
100990,Amanda,Doyle,alexis46@example.com,914-859-7175,Michaelstad,NC,98841,2021-11-19
100991,Jennifer,Holmes,debrasharp@example.net,744-572-4248,North Caleb,NC,73595,2025-10-30
100992,Dennis,Li,apalmer@example.org,631-893-6147,West Laura,NC,14463,2022-12-04
100993,Jonathan,Wang,hoffmanwilliam@example.net,527-429-3596,Lake Michelle,GA,95716,2023-01-22
100994,Jessica,Payne,debra88@example.net,756-030-9279,North Katelyn,NC,69344,2022-01-23
100995,Brandon,Ferguson,carolmason@example.org,855-251-1024,Robertsonfort,GA,43145,2023-11-28
100996,Jennifer,Pitts,hilleric@example.com,156-368-1945,East Christinatown,GA,63243,2021-06-12
100997,Michael,Turner,michaelsuarez@example.com,987-014-9035,Jenniferfort,FL,27406,2022-02-12
100998,James,Allen,watsonshannon@example.com,393-878-3567,North Angela,TN,43191,2024-07-02
100999,Stephen,Peterson,eguerrero@example.com,819-487-3164,North Billy,SC,05567,2025-06-14
101000,Cheryl,Johnson,shelia58@example.org,802-336-2833,New Dawn,VA,98548,2025-04-10
