payment_id,invoice_id,payment_date,payment_amount
800001,600001,2025-02-17,1431.35
800002,600002,2025-02-17,1639.71
800003,600003,2025-02-08,1237.72
800004,600004,2025-01-11,1568.13
800005,600005,2025-02-05,486.9
800006,600006,2025-01-28,1706.57
800007,600007,2025-02-09,1672.64
800008,600008,2025-02-11,1216.68
800009,600010,2025-02-08,932.96
800010,600011,2025-01-18,1086.21
800011,600012,2025-01-27,515.18
800012,600013,2025-02-22,1338.87
800013,600015,2025-02-17,961.29
800014,600016,2025-02-19,1048.11
800015,600017,2025-01-11,218.39
800016,600018,2025-01-28,692.52
800017,600019,2025-02-28,1274.11
800018,600020,2025-02-18,649.15
800019,600022,2025-01-20,655.91
800020,600023,2025-02-08,1172.56
800021,600024,2025-01-19,365.06
800022,600025,2025-02-21,1733.65
800023,600027,2025-02-15,666.19
800024,600028,2025-01-31,620.47
800025,600029,2025-02-09,1229.06
800026,600030,2025-02-17,1736.27
800027,600031,2025-02-19,1531.08
800028,600032,2025-01-28,1150.24
800029,600033,2025-01-25,1337.19
800030,600034,2025-01-29,751.94
800031,600035,2025-02-16,691.47
800032,600036,2025-02-02,1948.53
800033,600037,2025-02-24,1201.01
800034,600038,2025-02-25,1506.71
800035,600039,2025-01-15,1842.46
800036,600040,2025-02-07,667.83
800037,600041,2025-02-05,565.4
800038,600042,2025-02-24,208.11
800039,600043,2025-02-20,794.06
800040,600044,2025-02-05,1322.24
800041,600045,2025-02-13,1340.92
800042,600046,2025-02-18,1446.05
800043,600048,2025-01-25,662.66
800044,600049,2025-02-15,1732.33
800045,600050,2025-02-09,254.43
800046,600051,2025-01-21,835.55
800047,600052,2025-02-18,541.33
800048,600053,2025-02-20,1062.29
800049,600054,2025-02-10,543.95
800050,600055,2025-02-07,749.37
800051,600056,2025-02-12,1043.56
800052,600057,2025-02-13,571.25
800053,600058,2025-02-21,520.7
800054,600059,2025-02-28,552.66
800055,600060,2025-02-01,809.49
800056,600061,2025-01-31,1123.58
800057,600062,2025-02-15,696.31
800058,600063,2025-02-22,1574.8
800059,600064,2025-03-04,1073.46
800060,600065,2025-02-05,1258.62
800061,600067,2025-02-23,1631.62
800062,600068,2025-01-26,1926.38
800063,600069,2025-01-31,1372.18
800064,600070,2025-01-23,928.52
800065,600071,2025-02-19,858.27
800066,600072,2025-01-29,918.72
800067,600073,2025-01-20,1476.74
800068,600074,2025-02-03,616.55
800069,600075,2025-01-26,821.32
800070,600076,2025-02-24,550.1
800071,600077,2025-02-05,1512.06
800072,600078,2025-03-03,1350.41
800073,600079,2025-02-27,1091.68
800074,600080,2025-01-29,1515.32
800075,600081,2025-03-07,994.73
800076,600082,2025-02-02,1203.48
800077,600083,2025-02-09,618.67
800078,600085,2025-02-01,1442.55
800079,600086,2025-03-08,1277.87
800080,600087,2025-02-07,890.22
800081,600088,2025-02-20,578.63
800082,600089,2025-02-26,679.35
800083,600091,2025-02-14,1791.8
800084,600094,2025-02-09,1723.89
800085,600095,2025-03-10,1320.26
800086,600097,2025-03-02,1155.23
800087,600100,2025-03-03,562.73
800088,600101,2025-01-24,1483.61
800089,600103,2025-01-26,1271.88
800090,600104,2025-02-28,1034.74
800091,600105,2025-03-12,1779.99
800092,600106,2025-02-11,681.82
800093,600107,2025-02-14,752.77
800094,600108,2025-02-08,815.91
800095,600109,2025-02-10,689.04
800096,600110,2025-02-25,1297.49
800097,600111,2025-03-09,1313.34
800098,600112,2025-01-24,990.3
800099,600113,2025-03-04,1034.85
800100,600114,2025-02-05,853.97
800101,600115,2025-02-21,1457.02
800102,600116,2025-03-16,1918.53
800103,600117,2025-03-05,1057.32
800104,600118,2025-02-18,1533.45
800105,600119,2025-02-02,1077.91
800106,600120,2025-02-20,531.26
800107,600121,2025-02-14,1470.22
800108,600122,2025-02-11,1321.58
800109,600123,2025-02-12,1098.79
800110,600125,2025-02-06,929.24
800111,600127,2025-02-17,840.82
800112,600128,2025-01-31,753.92
800113,600129,2025-02-09,771.74
800114,600130,2025-02-27,1541.44
800115,600131,2025-03-19,693.96
800116,600132,2025-02-06,1175.08
800117,600133,2025-03-08,830.85
800118,600134,2025-01-29,500.56
800119,600135,2025-02-15,636.74
800120,600137,2025-02-26,1155.35
800121,600138,2025-02-16,1751.09
800122,600139,2025-02-13,1668.76
800123,600140,2025-02-24,936.55
800124,600141,2025-02-26,1178.13
800125,600142,2025-03-07,1014.62
800126,600143,2025-02-08,1270.63
800127,600144,2025-02-07,214.88
800128,600145,2025-03-06,1397.97
800129,600146,2025-01-31,1381.92
800130,600147,2025-03-05,858.42
800131,600148,2025-02-03,1099.82
800132,600149,2025-02-23,1446.93
800133,600150,2025-03-09,464.5
800134,600151,2025-03-02,545.73
800135,600152,2025-03-04,1056.76
800136,600154,2025-03-14,1418.4
800137,600155,2025-02-16,1735.5
800138,600156,2025-02-18,692.67
800139,600157,2025-02-28,767.63
800140,600158,2025-02-10,1642.87
800141,600159,2025-02-25,875.22
800142,600160,2025-02-23,1304.13
800143,600161,2025-03-03,976.04
800144,600162,2025-03-11,832.98
800145,600163,2025-02-15,1223.63
800146,600164,2025-02-03,1143.6
800147,600165,2025-03-18,1236.5
800148,600166,2025-03-07,1002.45
800149,600167,2025-03-04,1567.36
800150,600168,2025-03-12,1905.68
800151,600170,2025-03-12,1491.48
800152,600171,2025-03-20,847.83
800153,600172,2025-03-09,1054.8
800154,600173,2025-02-07,968.04
800155,600174,2025-02-10,1530.0
800156,600175,2025-02-18,403.76
800157,600176,2025-02-28,586.19
800158,600177,2025-02-03,1887.04
800159,600179,2025-03-07,731.01
800160,600180,2025-02-18,1174.97
800161,600181,2025-01-31,1662.26
800162,600182,2025-03-10,356.73
800163,600183,2025-02-20,1047.0
800164,600184,2025-02-24,964.12
800165,600185,2025-02-03,436.67
800166,600186,2025-02-28,928.76
800167,600187,2025-02-22,776.15
800168,600188,2025-03-09,704.76
800169,600190,2025-02-18,306.15
800170,600191,2025-02-06,1702.79
800171,600192,2025-03-13,941.74
800172,600193,2025-02-21,1192.05
800173,600194,2025-03-15,1915.35
800174,600195,2025-02-17,480.92
800175,600196,2025-03-05,961.16
800176,600197,2025-02-26,1656.04
800177,600198,2025-03-17,1243.47
800178,600200,2025-02-09,736.68
800179,600201,2025-02-28,964.23
800180,600202,2025-03-02,1334.1
800181,600203,2025-02-16,1402.75
800182,600204,2025-03-12,1165.28
800183,600205,2025-02-10,1025.37
800184,600206,2025-03-01,772.61
800185,600208,2025-03-10,1266.53
800186,600210,2025-03-27,1810.76
800187,600211,2025-03-24,1100.14
800188,600212,2025-03-21,999.11
800189,600213,2025-03-16,654.22
800190,600214,2025-02-27,818.02
800191,600215,2025-02-24,622.92
800192,600217,2025-03-12,764.53
800193,600218,2025-02-07,1430.2
800194,600219,2025-02-27,807.39
800195,600220,2025-02-20,1600.06
800196,600221,2025-03-05,1289.8
800197,600222,2025-02-21,1024.49
800198,600223,2025-03-17,470.68
800199,600225,2025-02-08,1498.52
800200,600226,2025-02-12,827.84
800201,600227,2025-02-18,452.17
800202,600228,2025-03-24,1237.27
800203,600229,2025-03-26,582.59
800204,600230,2025-03-08,1437.47
800205,600231,2025-04-03,1075.86
800206,600232,2025-02-22,1297.34
800207,600233,2025-02-24,634.48
800208,600234,2025-03-16,970.28
800209,600235,2025-03-04,1026.4
800210,600238,2025-03-09,1123.36
800211,600239,2025-03-05,965.91
800212,600240,2025-03-13,1219.24
800213,600241,2025-04-02,986.12
800214,600242,2025-03-04,1784.14
800215,600243,2025-03-21,584.17
800216,600244,2025-03-02,716.33
800217,600245,2025-02-26,1759.56
800218,600246,2025-03-21,844.57
800219,600247,2025-03-24,682.96
800220,600248,2025-03-09,1127.24
800221,600250,2025-03-17,1620.25
800222,600251,2025-03-16,1058.34
800223,600252,2025-02-17,617.63
800224,600253,2025-03-12,1392.22
800225,600254,2025-03-02,1714.77
800226,600255,2025-03-16,787.42
800227,600256,2025-03-01,788.26
800228,600257,2025-03-21,769.71
800229,600258,2025-03-07,845.9
800230,600259,2025-03-22,1008.43
800231,600260,2025-03-21,465.97
800232,600261,2025-03-27,1015.32
800233,600262,2025-04-04,1138.42
800234,600263,2025-03-15,986.52
800235,600264,2025-03-26,353.13
800236,600265,2025-02-26,1110.22
800237,600266,2025-03-10,1192.55
800238,600267,2025-02-28,1886.36
800239,600268,2025-03-31,547.93
800240,600269,2025-02-27,1290.69
800241,600270,2025-03-15,812.55
800242,600271,2025-03-18,917.31
800243,600272,2025-03-22,1395.64
800244,600273,2025-03-10,513.56
800245,600274,2025-03-10,1477.15
800246,600275,2025-04-05,1582.27
800247,600276,2025-03-03,1211.25
800248,600277,2025-03-05,1010.85
800249,600278,2025-03-06,1206.22
800250,600279,2025-03-10,638.46
800251,600280,2025-03-22,1925.82
800252,600282,2025-04-02,1509.59
800253,600283,2025-02-24,1619.29
800254,600285,2025-04-01,888.08
800255,600286,2025-04-07,1024.7
800256,600288,2025-04-08,1054.58
800257,600289,2025-03-14,1618.54
800258,600290,2025-03-30,1488.96
800259,600291,2025-03-08,399.92
800260,600294,2025-03-24,1425.12
800261,600295,2025-04-02,1386.8
800262,600297,2025-03-18,692.51
800263,600298,2025-04-06,1289.1
800264,600299,2025-04-05,1363.16
800265,600300,2025-03-24,996.6
800266,600301,2025-03-21,920.84
800267,600302,2025-03-23,1078.77
800268,600303,2025-04-05,763.37
800269,600305,2025-03-28,1262.18
800270,600306,2025-03-09,1091.2
800271,600308,2025-04-08,1079.38
800272,600309,2025-03-04,707.61
800273,600310,2025-04-10,1102.4
800274,600311,2025-03-13,1474.07
800275,600313,2025-03-10,1589.15
800276,600314,2025-03-27,811.4
800277,600316,2025-04-15,2009.01
800278,600317,2025-04-11,1603.38
800279,600318,2025-03-12,1618.93
800280,600319,2025-03-26,1451.36
800281,600320,2025-03-25,1106.94
800282,600321,2025-03-28,819.37
800283,600322,2025-03-12,1641.97
800284,600323,2025-03-16,1674.15
800285,600324,2025-03-03,1121.34
800286,600325,2025-03-02,1455.86
800287,600326,2025-03-09,597.77
800288,600327,2025-03-17,497.31
800289,600328,2025-03-05,785.78
800290,600329,2025-03-19,645.4
800291,600330,2025-03-20,275.61
800292,600331,2025-03-20,1589.88
800293,600332,2025-03-22,1422.82
800294,600333,2025-04-02,972.63
800295,600334,2025-04-11,740.37
800296,600335,2025-03-27,942.26
800297,600336,2025-03-31,1738.43
800298,600337,2025-03-27,1610.68
800299,600338,2025-04-10,944.33
800300,600339,2025-03-10,543.08
800301,600340,2025-04-09,883.98
800302,600341,2025-04-12,632.53
800303,600344,2025-03-13,1615.02
800304,600345,2025-03-12,1461.52
800305,600346,2025-03-17,177.95
800306,600347,2025-03-24,1098.05
800307,600348,2025-03-09,787.83
800308,600349,2025-03-21,324.85
800309,600350,2025-04-16,1155.14
800310,600351,2025-04-03,1157.15
800311,600352,2025-04-21,811.92
800312,600353,2025-03-29,1449.42
800313,600354,2025-04-11,908.96
800314,600355,2025-03-29,924.63
800315,600356,2025-03-23,1115.1
800316,600357,2025-03-12,552.03
800317,600358,2025-04-10,1756.05
800318,600359,2025-03-22,1461.66
800319,600360,2025-04-12,384.43
800320,600361,2025-03-22,800.78
800321,600362,2025-04-10,1674.44
800322,600363,2025-04-09,1352.36
800323,600364,2025-04-02,879.95
800324,600365,2025-03-06,1113.57
800325,600366,2025-04-03,1395.96
800326,600367,2025-03-20,1112.09
800327,600368,2025-03-19,850.92
800328,600369,2025-04-04,1180.36
800329,600370,2025-03-15,766.14
800330,600371,2025-04-06,816.05
800331,600372,2025-04-10,1481.64
800332,600373,2025-03-14,878.71
800333,600374,2025-04-13,1648.17
800334,600375,2025-03-27,1133.54
800335,600377,2025-03-17,570.8
800336,600378,2025-03-08,1647.6
800337,600379,2025-03-04,536.32
800338,600380,2025-04-01,1458.29
800339,600382,2025-03-25,1232.59
800340,600383,2025-04-03,871.94
800341,600385,2025-04-06,990.7
800342,600387,2025-04-04,1226.15
800343,600388,2025-03-12,1492.17
800344,600389,2025-04-13,1229.79
800345,600391,2025-03-30,1713.07
800346,600393,2025-04-22,1709.64
800347,600394,2025-03-29,1554.34
800348,600395,2025-03-24,1662.97
800349,600396,2025-04-20,1601.72
800350,600397,2025-04-20,1258.84
800351,600398,2025-03-16,1219.46
800352,600399,2025-04-19,857.73
800353,600400,2025-04-03,1046.61
800354,600402,2025-03-27,1032.27
800355,600403,2025-03-25,692.37
800356,600404,2025-04-16,863.77
800357,600406,2025-04-29,1276.58
800358,600408,2025-04-14,1049.81
800359,600409,2025-04-14,1501.34
800360,600410,2025-03-18,1100.61
800361,600411,2025-04-04,1181.33
800362,600412,2025-03-16,852.57
800363,600413,2025-04-29,432.79
800364,600415,2025-04-07,893.41
800365,600416,2025-04-23,172.98
800366,600417,2025-04-25,922.06
800367,600418,2025-04-13,1350.01
800368,600419,2025-04-01,1136.23
800369,600420,2025-03-28,743.9
800370,600421,2025-04-21,1265.48
800371,600422,2025-04-28,1194.82
800372,600423,2025-04-28,1349.68
800373,600424,2025-04-08,838.42
800374,600426,2025-03-22,913.4
800375,600427,2025-04-09,371.54
800376,600428,2025-04-08,1925.04
800377,600429,2025-04-22,542.76
800378,600430,2025-04-09,1468.98
800379,600431,2025-03-14,424.58
800380,600432,2025-04-24,1082.19
800381,600433,2025-04-08,747.46
800382,600434,2025-04-30,803.73
800383,600435,2025-04-03,946.23
800384,600436,2025-04-25,1568.8
800385,600437,2025-04-26,890.72
800386,600438,2025-03-28,769.41
800387,600439,2025-04-28,816.23
800388,600440,2025-04-18,765.68
800389,600441,2025-04-04,1702.43
800390,600442,2025-03-21,1745.7
800391,600444,2025-05-06,590.49
800392,600446,2025-04-22,951.58
800393,600447,2025-05-03,1396.21
800394,600448,2025-04-15,507.03
800395,600450,2025-05-08,581.85
800396,600451,2025-03-22,1872.29
800397,600452,2025-04-02,653.58
800398,600453,2025-04-02,1217.3
800399,600456,2025-04-08,1477.08
800400,600457,2025-03-17,1464.48
800401,600458,2025-04-21,1167.7
800402,600459,2025-03-23,825.07
800403,600461,2025-03-30,675.12
800404,600462,2025-04-21,1469.25
800405,600464,2025-04-28,1508.18
800406,600465,2025-03-31,604.52
800407,600466,2025-04-30,554.5
800408,600467,2025-04-24,200.34
800409,600468,2025-04-15,677.51
800410,600469,2025-04-09,1460.4
800411,600470,2025-03-28,1787.61
800412,600471,2025-05-12,510.22
800413,600472,2025-05-05,1006.25
800414,600474,2025-04-16,979.51
800415,600475,2025-04-24,1120.64
800416,600476,2025-03-24,1020.34
800417,600479,2025-04-29,814.85
800418,600481,2025-03-29,1143.43
800419,600482,2025-05-06,1740.9
800420,600483,2025-04-18,1161.43
800421,600484,2025-04-16,1710.31
800422,600485,2025-04-27,1401.44
800423,600486,2025-05-04,762.05
800424,600487,2025-05-07,1209.31
800425,600488,2025-05-01,849.15
800426,600489,2025-05-06,408.3
800427,600490,2025-04-28,950.27
800428,600491,2025-03-27,1670.36
800429,600492,2025-03-28,1288.47
800430,600493,2025-04-02,857.42
800431,600494,2025-04-06,911.25
800432,600495,2025-04-10,1152.93
800433,600496,2025-04-16,1550.89
800434,600497,2025-04-05,715.46
800435,600498,2025-05-11,708.1
800436,600499,2025-04-02,1784.64
800437,600500,2025-05-11,1256.73
800438,600501,2025-05-12,1752.52
800439,600502,2025-04-17,1346.45
800440,600503,2025-04-10,1244.6
800441,600504,2025-03-30,1292.89
800442,600505,2025-03-31,1450.77
800443,600506,2025-04-14,1296.67
800444,600508,2025-04-24,567.46
800445,600509,2025-04-04,565.26
800446,600511,2025-04-06,639.11
800447,600514,2025-05-10,908.91
800448,600515,2025-04-13,689.87
800449,600516,2025-04-08,1716.87
800450,600517,2025-04-30,744.89
800451,600518,2025-05-04,1816.65
800452,600519,2025-04-05,949.08
800453,600520,2025-04-07,857.29
800454,600522,2025-05-10,480.61
800455,600523,2025-04-14,1287.56
800456,600525,2025-04-23,974.6
800457,600526,2025-04-21,1323.89
800458,600527,2025-04-05,1246.54
800459,600529,2025-05-02,1417.3
800460,600530,2025-04-20,751.01
800461,600531,2025-04-18,567.74
800462,600533,2025-05-17,1350.37
800463,600534,2025-04-15,541.92
800464,600535,2025-04-23,1474.7
800465,600536,2025-04-06,1352.45
800466,600537,2025-05-10,318.3
800467,600539,2025-05-08,824.35
800468,600540,2025-05-16,1479.45
800469,600541,2025-04-23,1653.03
800470,600543,2025-05-10,874.79
800471,600544,2025-05-09,456.48
800472,600545,2025-04-29,1931.54
800473,600546,2025-04-15,1156.54
800474,600547,2025-04-13,1018.31
800475,600548,2025-05-22,241.28
800476,600549,2025-05-01,1149.17
800477,600550,2025-05-10,1027.23
800478,600551,2025-05-08,502.02
800479,600552,2025-04-17,1045.93
800480,600553,2025-04-13,956.35
800481,600554,2025-04-29,1109.67
800482,600555,2025-05-19,777.56
800483,600556,2025-05-07,903.71
800484,600557,2025-04-10,1166.21
800485,600558,2025-04-09,686.03
800486,600559,2025-04-30,1413.69
800487,600560,2025-05-10,1818.28
800488,600561,2025-05-07,1190.98
800489,600562,2025-04-24,1686.26
800490,600563,2025-05-04,1341.66
800491,600564,2025-05-18,784.24
800492,600565,2025-05-16,858.81
800493,600566,2025-05-07,1520.25
800494,600567,2025-04-10,1356.78
800495,600568,2025-04-14,695.47
800496,600569,2025-04-06,1443.04
800497,600570,2025-05-13,1484.05
800498,600571,2025-05-16,939.26
800499,600572,2025-04-18,879.2
800500,600573,2025-04-22,645.42
800501,600574,2025-04-15,1767.55
800502,600575,2025-05-18,692.87
800503,600576,2025-05-22,1143.89
800504,600577,2025-05-18,1779.38
800505,600578,2025-04-11,1174.97
800506,600579,2025-05-13,1277.62
800507,600580,2025-04-25,1674.67
800508,600581,2025-05-08,1106.8
800509,600582,2025-05-27,1486.66
800510,600583,2025-04-21,940.33
800511,600584,2025-05-07,1187.35
800512,600585,2025-05-07,1385.48
800513,600586,2025-05-23,1481.67
800514,600587,2025-05-17,1160.43
800515,600588,2025-05-15,734.56
800516,600589,2025-05-21,954.09
800517,600590,2025-05-10,1237.7
800518,600591,2025-05-10,1108.79
800519,600592,2025-04-22,444.66
800520,600593,2025-05-17,345.74
800521,600594,2025-05-11,1192.94
800522,600595,2025-04-20,717.98
800523,600596,2025-04-20,1671.58
800524,600597,2025-05-20,1782.7
800525,600598,2025-05-21,924.8
800526,600599,2025-05-25,885.83
800527,600600,2025-05-23,1116.56
800528,600601,2025-04-19,1585.58
800529,600602,2025-04-29,773.87
800530,600603,2025-05-25,1195.93
800531,600604,2025-05-22,581.58
800532,600605,2025-05-11,1558.64
800533,600606,2025-05-21,1028.42
800534,600607,2025-05-20,954.79
800535,600608,2025-05-12,683.74
800536,600610,2025-04-21,1366.84
800537,600611,2025-05-25,1550.34
800538,600612,2025-04-22,835.01
800539,600613,2025-05-14,881.94
800540,600614,2025-04-17,1444.7
800541,600615,2025-04-21,809.73
800542,600616,2025-05-24,927.92
800543,600617,2025-04-29,490.95
800544,600618,2025-06-01,1621.13
800545,600619,2025-05-07,734.12
800546,600620,2025-04-25,1020.35
800547,600621,2025-05-03,613.24
800548,600623,2025-05-07,599.45
800549,600624,2025-05-17,1620.28
800550,600625,2025-04-25,1353.73
800551,600626,2025-05-27,1002.59
800552,600627,2025-05-28,1100.74
800553,600628,2025-05-16,772.77
800554,600629,2025-05-26,1218.89
800555,600630,2025-05-08,1062.37
800556,600631,2025-05-01,948.88
800557,600632,2025-05-11,882.75
800558,600633,2025-06-01,1745.83
800559,600634,2025-06-04,1691.71
800560,600635,2025-05-12,838.64
800561,600636,2025-05-02,947.67
800562,600637,2025-05-14,1331.94
800563,600638,2025-05-23,1506.37
800564,600639,2025-05-21,945.84
800565,600640,2025-06-02,1468.39
800566,600641,2025-04-26,1513.08
800567,600642,2025-05-05,1261.31
800568,600643,2025-05-01,1027.12
800569,600644,2025-04-28,1770.79
800570,600645,2025-05-06,854.88
800571,600646,2025-04-25,1253.37
800572,600647,2025-05-08,1324.92
800573,600648,2025-05-07,1491.43
800574,600649,2025-05-29,783.35
800575,600650,2025-06-02,1071.32
800576,600651,2025-05-30,951.33
800577,600653,2025-05-21,1179.93
800578,600654,2025-06-07,621.91
800579,600655,2025-05-14,1772.21
800580,600656,2025-05-24,1186.02
800581,600657,2025-05-12,1517.7
800582,600658,2025-04-19,984.32
800583,600659,2025-06-01,1734.63
800584,600660,2025-05-22,459.47
800585,600661,2025-04-27,352.0
800586,600662,2025-05-12,1743.94
800587,600663,2025-05-29,1343.65
800588,600664,2025-05-10,851.04
800589,600665,2025-06-04,631.49
800590,600666,2025-06-10,717.89
800591,600667,2025-05-03,1423.63
800592,600668,2025-06-06,1291.68
800593,600671,2025-05-07,901.01
800594,600672,2025-05-19,1044.14
800595,600673,2025-05-16,505.93
800596,600674,2025-06-09,1299.48
800597,600675,2025-05-23,1043.53
800598,600677,2025-05-09,1338.54
800599,600679,2025-05-22,754.19
800600,600680,2025-06-06,916.12
800601,600681,2025-06-09,1372.17
800602,600682,2025-06-05,1251.08
800603,600683,2025-05-05,720.8
800604,600685,2025-05-26,1032.09
800605,600686,2025-05-26,139.12
800606,600687,2025-05-22,1104.53
800607,600688,2025-04-29,740.02
800608,600689,2025-05-06,202.47
800609,600690,2025-05-07,1444.12
800610,600691,2025-05-28,1824.8
800611,600692,2025-05-25,571.82
800612,600693,2025-05-09,403.17
800613,600694,2025-04-29,1314.11
800614,600695,2025-05-23,948.05
800615,600696,2025-05-07,1320.54
800616,600697,2025-06-08,1489.28
800617,600699,2025-05-22,840.45
800618,600700,2025-05-31,382.02
800619,600701,2025-05-06,533.3
800620,600702,2025-05-19,1334.96
800621,600703,2025-05-12,1242.5
800622,600704,2025-05-03,640.58
800623,600705,2025-05-12,1616.39
800624,600706,2025-04-29,910.01
800625,600707,2025-06-14,1369.29
800626,600708,2025-05-31,371.63
800627,600709,2025-05-30,610.36
800628,600711,2025-06-06,1785.2
800629,600712,2025-05-07,1080.02
800630,600713,2025-06-02,1367.26
800631,600714,2025-05-10,788.33
800632,600715,2025-05-10,913.2
800633,600716,2025-05-03,1156.3
800634,600717,2025-05-16,1113.77
800635,600718,2025-06-08,392.66
800636,600719,2025-05-31,909.58
800637,600721,2025-06-11,1529.48
800638,600722,2025-05-08,1475.98
800639,600723,2025-05-28,1559.67
800640,600724,2025-06-03,1377.85
800641,600727,2025-05-05,1869.95
800642,600728,2025-06-09,558.47
800643,600729,2025-06-11,1227.0
800644,600730,2025-06-16,1431.97
800645,600732,2025-06-18,345.37
800646,600733,2025-06-22,266.47
800647,600734,2025-05-28,1582.88
800648,600735,2025-05-12,1655.44
800649,600736,2025-05-04,715.97
800650,600737,2025-06-20,1742.01
800651,600738,2025-06-26,903.58
800652,600739,2025-05-21,887.1
800653,600740,2025-05-27,511.25
800654,600741,2025-05-18,1083.64
800655,600742,2025-05-23,1201.97
800656,600744,2025-05-16,772.52
800657,600745,2025-05-07,1744.31
800658,600747,2025-06-13,1508.69
800659,600748,2025-05-15,1545.39
800660,600749,2025-06-19,647.74
800661,600750,2025-05-16,1339.38
800662,600751,2025-05-15,1361.26
800663,600752,2025-05-26,987.81
800664,600753,2025-06-05,566.35
800665,600754,2025-06-03,1235.27
800666,600755,2025-06-13,1458.2
800667,600756,2025-05-17,503.74
800668,600757,2025-05-27,1283.41
800669,600758,2025-06-10,1092.8
800670,600759,2025-05-15,949.94
800671,600760,2025-06-07,1344.41
800672,600761,2025-05-25,1416.38
800673,600763,2025-05-13,1110.37
800674,600764,2025-05-21,746.58
800675,600767,2025-06-05,1380.04
800676,600768,2025-06-14,1106.82
800677,600769,2025-05-18,864.73
800678,600770,2025-06-25,695.18
800679,600771,2025-05-30,847.06
800680,600772,2025-05-14,1228.38
800681,600773,2025-06-05,605.86
800682,600774,2025-05-28,1592.0
800683,600775,2025-06-06,968.11
800684,600776,2025-06-20,1461.6
800685,600777,2025-06-25,1626.15
800686,600778,2025-05-17,906.43
800687,600779,2025-06-27,1022.15
800688,600780,2025-06-15,465.92
800689,600781,2025-06-15,1062.18
800690,600782,2025-06-04,860.51
800691,600783,2025-06-10,1227.75
800692,600784,2025-06-12,1301.63
800693,600785,2025-05-13,1055.52
800694,600786,2025-05-19,1086.65
800695,600787,2025-06-16,1278.4
800696,600788,2025-06-11,931.18
800697,600789,2025-05-31,535.48
800698,600790,2025-05-26,1229.43
800699,600791,2025-06-20,1811.45
800700,600793,2025-06-03,389.1
800701,600794,2025-06-10,1501.86
800702,600795,2025-05-16,1085.7
800703,600796,2025-06-05,1132.42
800704,600797,2025-06-23,1249.89
800705,600798,2025-06-28,988.9
800706,600799,2025-06-17,716.25
800707,600800,2025-06-10,1349.34
800708,600801,2025-06-02,811.59
800709,600802,2025-05-25,1038.76
800710,600803,2025-05-30,990.4
800711,600805,2025-06-15,798.86
800712,600806,2025-07-08,1365.1
800713,600807,2025-06-18,591.86
800714,600808,2025-06-21,348.18
800715,600810,2025-07-08,684.74
800716,600811,2025-06-25,563.18
800717,600812,2025-06-30,536.39
800718,600813,2025-06-12,1431.19
800719,600814,2025-06-22,1609.58
800720,600816,2025-07-01,1485.64
800721,600817,2025-07-06,1024.11
800722,600818,2025-06-04,527.98
800723,600819,2025-06-06,1190.41
800724,600820,2025-06-09,1319.72
800725,600821,2025-06-27,427.9
800726,600822,2025-07-08,895.38
800727,600823,2025-06-14,1371.05
800728,600824,2025-07-03,856.25
800729,600825,2025-06-23,1187.55
800730,600826,2025-06-26,183.55
800731,600827,2025-05-17,860.76
800732,600828,2025-06-16,610.04
800733,600829,2025-06-05,679.84
800734,600830,2025-05-28,1557.43
800735,600831,2025-06-21,1253.63
800736,600832,2025-07-05,1419.47
800737,600833,2025-06-25,1319.98
800738,600834,2025-07-08,351.79
800739,600835,2025-06-02,1349.71
800740,600836,2025-07-03,817.92
800741,600838,2025-06-10,1136.33
800742,600839,2025-05-29,578.23
800743,600840,2025-06-21,748.72
800744,600842,2025-06-03,1934.71
800745,600843,2025-07-11,731.34
800746,600844,2025-07-07,1666.22
800747,600845,2025-06-13,1660.64
800748,600846,2025-06-30,1684.04
800749,600848,2025-06-06,1285.46
800750,600849,2025-06-02,1614.11
800751,600850,2025-06-24,1494.42
800752,600851,2025-06-10,1091.12
800753,600852,2025-05-27,852.13
800754,600853,2025-06-19,981.51
800755,600854,2025-07-04,1540.46
800756,600855,2025-06-06,1718.24
800757,600856,2025-06-21,1043.1
800758,600857,2025-06-18,804.61
800759,600858,2025-05-28,830.95
800760,600859,2025-06-13,574.37
800761,600860,2025-07-08,619.26
800762,600861,2025-07-06,1257.35
800763,600862,2025-06-19,911.99
800764,600863,2025-06-05,651.83
800765,600865,2025-06-18,1362.62
800766,600866,2025-06-15,1507.26
800767,600868,2025-07-14,1280.54
800768,600869,2025-07-06,1349.51
800769,600870,2025-07-15,776.14
800770,600871,2025-05-31,684.91
800771,600872,2025-07-01,1297.69
800772,600873,2025-06-18,1603.26
800773,600874,2025-07-10,1187.44
800774,600875,2025-06-29,1747.38
800775,600877,2025-07-11,1556.63
800776,600878,2025-07-10,893.83
800777,600879,2025-06-07,1712.01
800778,600880,2025-07-09,823.39
800779,600882,2025-07-19,1338.12
800780,600883,2025-07-17,1195.83
800781,600884,2025-07-07,263.64
800782,600885,2025-07-11,1039.23
800783,600886,2025-07-19,1270.57
800784,600887,2025-07-11,1599.19
800785,600888,2025-06-21,601.27
800786,600889,2025-06-09,1319.85
800787,600891,2025-06-08,601.63
800788,600892,2025-06-28,782.15
800789,600893,2025-06-20,486.57
800790,600894,2025-06-27,629.31
800791,600895,2025-07-03,1083.94
800792,600896,2025-06-20,1327.14
800793,600897,2025-07-18,430.83
800794,600898,2025-07-17,945.09
800795,600899,2025-06-21,876.67
800796,600900,2025-06-26,1138.18
800797,600901,2025-07-16,540.86
800798,600902,2025-06-13,1403.75
800799,600903,2025-07-13,1329.01
800800,600904,2025-06-15,479.63
800801,600905,2025-07-15,764.88
800802,600906,2025-07-04,913.63
800803,600907,2025-06-29,281.11
800804,600908,2025-07-07,1554.84
800805,600909,2025-06-28,937.3
800806,600910,2025-06-15,258.56
800807,600911,2025-07-12,937.82
800808,600912,2025-07-03,877.62
800809,600913,2025-07-03,893.54
800810,600914,2025-07-12,839.04
800811,600915,2025-07-23,1060.83
800812,600916,2025-07-17,1191.6
800813,600917,2025-07-28,197.84
800814,600918,2025-06-13,1191.01
800815,600919,2025-07-12,1500.26
800816,600920,2025-07-06,1867.86
800817,600921,2025-06-23,630.71
800818,600923,2025-07-22,1413.58
800819,600924,2025-06-19,1182.07
800820,600925,2025-07-07,928.16
800821,600926,2025-07-18,665.59
800822,600927,2025-07-23,726.67
800823,600929,2025-07-06,1827.6
800824,600930,2025-07-01,1779.15
800825,600931,2025-07-17,814.59
800826,600932,2025-06-20,1519.65
800827,600933,2025-07-13,1183.48
800828,600934,2025-07-18,758.21
800829,600935,2025-06-19,878.62
800830,600936,2025-07-20,1122.34
800831,600937,2025-06-19,1048.72
800832,600938,2025-07-26,538.74
800833,600940,2025-06-13,812.11
800834,600941,2025-07-14,579.43
800835,600942,2025-07-20,615.77
800836,600943,2025-07-20,1256.37
800837,600944,2025-07-10,195.84
800838,600945,2025-06-13,1322.77
800839,600947,2025-06-24,881.19
800840,600948,2025-07-12,1155.45
800841,600949,2025-07-08,807.14
800842,600950,2025-07-29,1652.0
800843,600951,2025-07-25,1309.25
800844,600952,2025-06-28,1422.06
800845,600953,2025-07-12,697.54
800846,600954,2025-06-25,1181.9
800847,600955,2025-07-03,717.62
800848,600956,2025-06-23,1046.74
800849,600957,2025-06-15,1066.11
800850,600958,2025-07-25,695.43
800851,600959,2025-07-07,1528.12
800852,600960,2025-06-12,583.94
800853,600961,2025-07-08,779.95
800854,600962,2025-07-18,549.94
800855,600963,2025-07-12,1109.41
800856,600964,2025-07-20,925.75
800857,600965,2025-07-10,1593.93
800858,600966,2025-07-20,782.43
800859,600967,2025-07-06,1490.18
800860,600968,2025-07-08,824.12
800861,600969,2025-07-21,873.26
800862,600970,2025-07-14,1124.86
800863,600971,2025-07-19,1269.54
800864,600972,2025-07-28,1303.67
800865,600973,2025-07-21,957.85
800866,600974,2025-06-30,1071.13
800867,600975,2025-07-31,536.23
800868,600976,2025-07-01,979.5
800869,600977,2025-07-16,861.84
800870,600978,2025-07-28,320.96
800871,600979,2025-07-24,567.21
800872,600980,2025-07-15,871.18
800873,600981,2025-08-01,1205.5
800874,600982,2025-07-29,1171.49
800875,600983,2025-07-17,1414.62
800876,600984,2025-07-26,485.39
800877,600985,2025-07-30,1945.16
800878,600987,2025-07-13,1370.92
800879,600988,2025-07-19,1144.22
800880,600989,2025-07-28,1747.63
800881,600990,2025-07-29,729.7
800882,600991,2025-08-02,430.44
800883,600992,2025-07-16,371.14
800884,600993,2025-07-15,1086.55
800885,600994,2025-07-20,1762.56
800886,600995,2025-07-30,1042.7
800887,600996,2025-07-03,1660.95
800888,600997,2025-08-03,816.09
800889,600998,2025-07-19,1745.55
800890,600999,2025-06-26,1721.93
800891,601000,2025-08-05,1310.0
800892,601001,2025-08-02,613.52
800893,601002,2025-07-25,628.2
800894,601004,2025-07-14,787.82
800895,601005,2025-06-30,1668.25
800896,601006,2025-07-03,919.06
800897,601007,2025-08-03,1494.53
800898,601008,2025-07-20,1372.32
800899,601009,2025-06-26,1710.62
800900,601010,2025-07-17,454.06
800901,601011,2025-07-05,600.96
800902,601012,2025-08-06,980.1
800903,601013,2025-06-24,1728.76
800904,601014,2025-07-11,667.04
800905,601015,2025-08-14,1248.61
800906,601016,2025-06-28,247.67
800907,601017,2025-07-03,1205.87
800908,601018,2025-07-24,1761.09
800909,601019,2025-07-28,1592.05
800910,601020,2025-07-20,658.19
800911,601021,2025-07-10,1331.28
800912,601022,2025-07-25,1532.93
800913,601023,2025-06-21,702.63
800914,601024,2025-07-18,916.28
800915,601025,2025-07-30,450.9
800916,601026,2025-07-14,1381.8
800917,601027,2025-06-26,731.89
800918,601028,2025-07-14,1269.13
800919,601029,2025-08-05,711.87
800920,601030,2025-07-11,1315.65
800921,601031,2025-07-20,1571.9
800922,601032,2025-08-11,446.61
800923,601033,2025-08-12,1105.21
800924,601034,2025-07-27,498.07
800925,601035,2025-08-06,314.74
800926,601036,2025-07-18,455.12
800927,601037,2025-07-02,798.24
800928,601038,2025-08-03,597.3
800929,601039,2025-07-19,942.33
800930,601040,2025-08-07,1235.64
800931,601041,2025-08-11,648.25
800932,601042,2025-07-19,1836.63
800933,601043,2025-08-01,909.22
800934,601044,2025-08-02,1032.48
800935,601045,2025-08-18,1654.76
800936,601046,2025-08-06,353.07
800937,601047,2025-08-04,1563.47
800938,601048,2025-08-10,315.05
800939,601049,2025-07-08,1612.73
800940,601050,2025-08-04,981.48
800941,601051,2025-07-02,1157.32
800942,601053,2025-07-17,1021.46
800943,601054,2025-08-15,1406.59
800944,601055,2025-07-09,1196.34
800945,601056,2025-07-15,800.19
800946,601057,2025-08-01,1016.84
800947,601058,2025-07-23,1323.98
800948,601059,2025-08-07,1638.67
800949,601060,2025-07-19,1173.14
800950,601061,2025-07-29,816.41
800951,601062,2025-07-16,1896.39
800952,601063,2025-07-17,1742.68
800953,601064,2025-07-20,1140.03
800954,601065,2025-07-27,1043.67
800955,601066,2025-07-10,1694.42
800956,601067,2025-08-06,417.06
800957,601068,2025-07-17,462.37
800958,601069,2025-08-11,309.1
800959,601070,2025-08-18,884.44
800960,601071,2025-08-10,1618.69
800961,601072,2025-07-14,1219.84
800962,601073,2025-07-26,776.42
800963,601075,2025-07-08,1834.66
800964,601076,2025-07-09,1207.87
800965,601077,2025-07-11,406.58
800966,601078,2025-08-10,699.34
800967,601079,2025-08-10,776.92
800968,601080,2025-08-12,1628.82
800969,601081,2025-08-06,1140.97
800970,601082,2025-07-25,1626.73
800971,601083,2025-07-12,831.87
800972,601084,2025-07-22,1103.65
800973,601085,2025-07-09,1278.61
800974,601086,2025-08-05,701.52
800975,601087,2025-08-20,399.53
800976,601088,2025-08-14,1154.51
800977,601089,2025-08-24,682.34
800978,601090,2025-08-14,578.33
800979,601091,2025-08-10,444.72
800980,601092,2025-07-31,1425.18
800981,601093,2025-08-09,994.32
800982,601094,2025-07-14,937.49
800983,601095,2025-07-12,1321.52
800984,601096,2025-07-14,1789.77
800985,601097,2025-07-23,672.3
800986,601098,2025-07-20,625.52
800987,601099,2025-08-12,515.74
800988,601100,2025-07-09,648.0
800989,601102,2025-08-07,983.06
800990,601103,2025-07-21,1251.04
800991,601104,2025-07-24,363.78
800992,601105,2025-08-07,1001.54
800993,601106,2025-08-18,1362.84
800994,601107,2025-08-09,986.45
800995,601108,2025-08-11,1051.59
800996,601109,2025-07-21,1090.54
800997,601110,2025-07-21,836.51
800998,601111,2025-07-23,874.38
800999,601112,2025-07-08,1113.82
801000,601113,2025-08-24,480.42
801001,601114,2025-08-21,555.12
801002,601115,2025-08-12,570.84
801003,601116,2025-08-08,1118.21
801004,601117,2025-07-27,1479.11
801005,601119,2025-08-23,1050.55
801006,601120,2025-08-11,1940.39
801007,601121,2025-08-12,1822.81
801008,601122,2025-07-21,1659.1
801009,601123,2025-07-23,210.54
801010,601124,2025-08-08,1295.58
801011,601125,2025-08-13,1629.56
801012,601126,2025-08-27,892.13
801013,601127,2025-07-29,1682.7
801014,601128,2025-08-21,1003.43
801015,601130,2025-08-08,1616.06
801016,601131,2025-07-27,1207.53
801017,601132,2025-07-18,684.73
801018,601133,2025-08-10,583.86
801019,601134,2025-07-31,961.67
801020,601135,2025-07-19,893.93
801021,601136,2025-08-04,1508.43
801022,601137,2025-08-09,1443.51
801023,601138,2025-08-17,1066.53
801024,601139,2025-07-30,861.72
801025,601140,2025-08-04,1317.42
801026,601144,2025-08-24,1135.45
801027,601145,2025-08-08,1001.64
801028,601146,2025-08-10,1523.26
801029,601148,2025-08-07,1519.95
801030,601150,2025-08-17,380.31
801031,601151,2025-07-24,1520.43
801032,601153,2025-08-16,290.42
801033,601154,2025-08-23,1314.4
801034,601156,2025-07-30,1782.7
801035,601157,2025-08-19,1045.32
801036,601158,2025-07-24,1180.62
801037,601159,2025-08-10,1539.62
801038,601160,2025-08-25,1190.7
801039,601161,2025-07-27,1690.08
801040,601162,2025-08-18,903.13
801041,601163,2025-08-19,1438.73
801042,601164,2025-07-29,1511.67
801043,601166,2025-09-05,434.2
801044,601167,2025-08-19,451.43
801045,601168,2025-08-19,1038.92
801046,601170,2025-08-26,327.98
801047,601171,2025-08-26,1188.07
801048,601172,2025-08-01,716.11
801049,601173,2025-07-25,1105.02
801050,601174,2025-08-25,171.25
801051,601175,2025-08-31,905.51
801052,601177,2025-08-03,1879.22
801053,601178,2025-07-31,1311.88
801054,601179,2025-07-31,845.14
801055,601180,2025-07-22,996.67
801056,601181,2025-08-16,1003.21
801057,601183,2025-08-13,527.83
801058,601184,2025-08-27,737.44
801059,601185,2025-07-19,1044.23
801060,601186,2025-08-05,1259.1
801061,601187,2025-08-09,1313.44
801062,601188,2025-08-04,423.06
801063,601189,2025-08-29,813.64
801064,601190,2025-08-22,1236.46
801065,601191,2025-08-28,1002.66
801066,601192,2025-08-23,832.82
801067,601193,2025-07-25,707.19
801068,601194,2025-08-28,562.92
801069,601195,2025-08-07,887.28
801070,601196,2025-08-15,875.8
801071,601197,2025-08-03,1071.58
801072,601198,2025-07-25,906.0
801073,601199,2025-07-27,539.3
801074,601200,2025-07-28,935.35
801075,601201,2025-09-08,256.51
801076,601203,2025-08-09,1678.69
801077,601204,2025-08-07,654.35
801078,601205,2025-08-28,1249.81
801079,601206,2025-09-07,1893.19
801080,601207,2025-08-24,1294.21
801081,601208,2025-07-31,1770.31
801082,601209,2025-08-07,1268.52
801083,601210,2025-08-28,821.78
801084,601211,2025-08-23,1441.73
801085,601212,2025-09-02,1206.88
801086,601213,2025-08-26,908.44
801087,601215,2025-08-07,1257.53
801088,601216,2025-09-09,779.59
801089,601217,2025-08-06,1174.88
801090,601219,2025-09-05,687.61
801091,601220,2025-08-27,962.34
801092,601221,2025-08-20,485.12
801093,601222,2025-08-23,588.91
801094,601223,2025-09-08,1079.41
801095,601224,2025-08-15,548.52
801096,601225,2025-08-15,721.72
801097,601226,2025-08-15,1149.46
801098,601227,2025-08-27,1328.14
801099,601228,2025-09-05,1524.91
801100,601229,2025-09-05,340.97
801101,601230,2025-08-09,844.03
801102,601231,2025-09-12,1192.1
801103,601232,2025-08-07,1149.61
801104,601233,2025-08-07,1100.52
801105,601234,2025-08-12,319.59
801106,601235,2025-08-10,696.09
801107,601236,2025-08-17,1493.1
801108,601237,2025-09-01,923.88
801109,601238,2025-08-31,1400.46
801110,601240,2025-09-16,1748.18
801111,601241,2025-08-31,867.52
801112,601242,2025-09-06,674.9
801113,601243,2025-08-24,1322.92
801114,601244,2025-08-30,592.43
801115,601245,2025-08-25,935.72
801116,601246,2025-09-12,575.65
801117,601247,2025-08-30,658.6
801118,601249,2025-09-15,1262.83
801119,601250,2025-09-11,1815.45
801120,601251,2025-08-29,1115.38
801121,601252,2025-09-15,1280.38
801122,601253,2025-09-10,1005.57
801123,601255,2025-08-24,1234.55
801124,601256,2025-09-21,1425.8
801125,601257,2025-08-07,386.51
801126,601258,2025-09-13,1177.73
801127,601259,2025-09-04,1803.14
801128,601260,2025-08-03,1305.13
801129,601261,2025-09-18,721.99
801130,601262,2025-08-28,821.67
801131,601264,2025-09-10,833.78
801132,601266,2025-09-04,746.45
801133,601267,2025-08-19,886.37
801134,601268,2025-08-11,667.82
801135,601269,2025-08-16,597.17
801136,601270,2025-08-08,711.86
801137,601271,2025-08-13,850.27
801138,601272,2025-09-03,1631.79
801139,601273,2025-08-02,898.31
801140,601274,2025-09-14,1608.51
801141,601275,2025-09-01,1656.89
801142,601276,2025-09-16,1544.33
801143,601277,2025-09-09,533.71
801144,601278,2025-09-19,484.4
801145,601279,2025-09-07,1697.19
801146,601280,2025-08-20,1874.0
801147,601281,2025-08-20,406.73
801148,601282,2025-08-17,718.4
801149,601283,2025-08-30,536.55
801150,601286,2025-08-14,1469.3
801151,601288,2025-08-17,940.52
801152,601289,2025-08-14,953.66
801153,601291,2025-08-18,515.6
801154,601292,2025-08-05,1604.08
801155,601293,2025-08-31,805.16
801156,601294,2025-08-25,1549.74
801157,601296,2025-08-13,989.27
801158,601297,2025-08-18,374.62
801159,601298,2025-09-09,1128.05
801160,601299,2025-08-10,478.21
801161,601300,2025-08-23,714.56
801162,601301,2025-09-18,1093.63
801163,601302,2025-09-09,1621.7
801164,601303,2025-08-14,1483.69
801165,601305,2025-09-17,407.96
801166,601306,2025-09-08,1170.36
801167,601307,2025-08-10,845.4
801168,601308,2025-09-16,1778.77
801169,601309,2025-08-24,526.94
801170,601310,2025-08-18,593.16
801171,601311,2025-08-14,345.21
801172,601312,2025-09-11,783.21
801173,601314,2025-09-13,748.37
801174,601315,2025-09-17,696.29
801175,601316,2025-09-08,264.77
801176,601317,2025-09-05,1053.38
801177,601318,2025-08-14,923.39
801178,601319,2025-09-12,1668.81
801179,601320,2025-09-24,849.56
801180,601322,2025-09-19,1720.6
801181,601323,2025-09-08,1630.27
801182,601324,2025-08-18,673.09
801183,601325,2025-08-18,1794.4
801184,601326,2025-09-06,491.24
801185,601327,2025-08-25,290.55
801186,601328,2025-08-16,536.63
801187,601329,2025-09-16,1001.26
801188,601330,2025-10-01,1572.58
801189,601331,2025-09-20,1162.09
801190,601332,2025-08-26,1358.92
801191,601333,2025-08-24,353.43
801192,601334,2025-09-25,1041.2
801193,601335,2025-09-16,1528.59
801194,601336,2025-08-29,529.5
801195,601337,2025-08-19,1227.49
801196,601339,2025-09-24,1046.85
801197,601341,2025-09-23,823.65
801198,601342,2025-08-21,1304.35
801199,601343,2025-09-08,1281.69
801200,601344,2025-08-16,1351.59
801201,601345,2025-09-20,328.11
801202,601346,2025-09-11,1234.43
801203,601347,2025-08-23,1000.07
801204,601348,2025-08-23,1003.93
801205,601349,2025-09-04,1443.4
801206,601350,2025-09-13,683.95
801207,601351,2025-08-22,1327.96
801208,601352,2025-09-23,396.72
801209,601353,2025-08-28,1278.8
801210,601354,2025-08-17,907.41
801211,601355,2025-09-06,1303.33
801212,601356,2025-09-17,918.64
801213,601357,2025-09-27,1785.76
801214,601359,2025-09-22,737.61
801215,601360,2025-08-26,964.43
801216,601361,2025-08-21,1260.02
801217,601363,2025-09-27,1242.0
801218,601365,2025-09-13,1301.86
801219,601366,2025-08-28,1377.84
801220,601367,2025-09-19,1012.18
801221,601368,2025-08-27,1086.66
801222,601369,2025-09-05,649.72
801223,601371,2025-08-22,1033.77
801224,601372,2025-10-03,871.94
801225,601373,2025-09-18,904.88
801226,601374,2025-09-04,1346.1
801227,601375,2025-09-13,1315.22
801228,601376,2025-08-25,1256.18
801229,601377,2025-10-08,885.98
801230,601378,2025-10-03,1418.3
801231,601379,2025-09-10,205.62
801232,601381,2025-09-03,1823.73
801233,601382,2025-09-12,1295.13
801234,601383,2025-09-20,1421.94
801235,601384,2025-09-09,1201.51
801236,601385,2025-09-27,655.3
801237,601386,2025-08-24,1598.82
801238,601387,2025-10-07,1955.9
801239,601388,2025-09-24,801.29
801240,601389,2025-08-31,740.8
801241,601390,2025-09-01,1208.3
801242,601391,2025-09-10,809.09
801243,601392,2025-09-11,292.56
801244,601393,2025-09-12,1208.34
801245,601394,2025-10-06,1321.54
801246,601395,2025-10-13,1364.55
801247,601396,2025-10-06,1183.16
801248,601397,2025-09-11,1488.34
801249,601398,2025-09-28,1314.71
801250,601399,2025-09-26,999.5
801251,601400,2025-08-29,730.82
801252,601401,2025-09-26,1246.64
801253,601402,2025-09-20,1559.76
801254,601403,2025-09-21,1386.19
801255,601404,2025-09-10,1588.83
801256,601405,2025-09-18,1956.25
801257,601406,2025-09-12,571.33
801258,601407,2025-08-31,561.77
801259,601408,2025-08-31,1084.11
801260,601409,2025-10-05,1133.3
801261,601410,2025-09-16,1024.59
801262,601411,2025-09-19,1698.5
801263,601412,2025-10-04,1757.52
801264,601413,2025-10-10,1059.46
801265,601414,2025-09-27,987.0
801266,601415,2025-09-05,1069.64
801267,601416,2025-09-08,629.31
801268,601418,2025-09-04,1032.81
801269,601420,2025-09-16,1052.39
801270,601421,2025-09-28,1302.35
801271,601422,2025-09-27,543.43
801272,601423,2025-09-05,915.79
801273,601424,2025-09-21,1111.93
801274,601425,2025-09-17,270.24
801275,601426,2025-08-25,1086.18
801276,601427,2025-10-04,1217.14
801277,601428,2025-10-08,336.57
801278,601431,2025-09-21,642.76
801279,601433,2025-10-13,1458.47
801280,601434,2025-10-08,939.97
801281,601435,2025-10-08,1034.83
801282,601436,2025-09-24,1324.31
801283,601437,2025-09-11,718.13
801284,601438,2025-08-29,1553.57
801285,601439,2025-09-19,1493.33
801286,601440,2025-09-15,1011.51
801287,601441,2025-08-30,751.89
801288,601442,2025-10-10,755.59
801289,601443,2025-09-05,811.68
801290,601444,2025-09-22,688.29
801291,601445,2025-09-01,932.26
801292,601446,2025-09-20,1320.66
801293,601447,2025-09-27,825.44
801294,601448,2025-10-01,789.27
801295,601449,2025-10-18,1185.81
801296,601450,2025-09-11,863.34
801297,601451,2025-10-12,1318.22
801298,601452,2025-09-10,1188.38
801299,601453,2025-09-13,530.83
801300,601454,2025-10-05,1557.11
801301,601455,2025-09-25,932.84
801302,601456,2025-10-04,1027.31
801303,601457,2025-10-17,1276.6
801304,601458,2025-09-29,1841.47
801305,601459,2025-10-05,1262.06
801306,601460,2025-09-01,429.68
801307,601461,2025-09-05,687.22
801308,601463,2025-09-18,1428.28
801309,601464,2025-10-08,744.09
801310,601465,2025-09-17,827.17
801311,601467,2025-09-27,346.06
801312,601468,2025-09-28,1540.24
801313,601469,2025-10-22,1006.67
801314,601470,2025-09-14,479.56
801315,601471,2025-10-18,1074.04
801316,601472,2025-10-11,495.96
801317,601473,2025-09-29,852.35
801318,601474,2025-10-13,1429.98
801319,601475,2025-10-20,1751.26
801320,601476,2025-10-17,1170.09
801321,601477,2025-09-17,1469.14
801322,601478,2025-10-10,947.98
801323,601479,2025-09-29,1671.08
801324,601480,2025-09-20,844.72
801325,601481,2025-09-14,576.34
801326,601484,2025-09-17,1342.56
801327,601485,2025-09-29,226.85
801328,601486,2025-10-11,1953.68
801329,601487,2025-09-27,824.56
801330,601488,2025-09-15,1104.14
801331,601489,2025-09-26,973.5
801332,601490,2025-10-16,556.54
801333,601491,2025-09-19,997.4
801334,601493,2025-10-16,920.68
801335,601494,2025-09-13,792.53
801336,601495,2025-10-01,896.31
801337,601496,2025-09-18,1288.93
801338,601497,2025-09-11,859.81
801339,601498,2025-09-18,992.41
801340,601499,2025-10-01,1288.99
801341,601500,2025-10-19,202.51
801342,601501,2025-10-15,1027.39
801343,601502,2025-10-22,1693.78
801344,601503,2025-10-22,207.49
801345,601504,2025-10-23,772.37
801346,601505,2025-09-22,1191.27
801347,601506,2025-10-08,1601.58
801348,601507,2025-10-11,1211.71
801349,601508,2025-10-13,606.64
801350,601509,2025-10-22,1100.9
801351,601511,2025-09-13,1296.98
801352,601512,2025-10-28,1456.9
801353,601513,2025-10-12,1001.85
801354,601514,2025-10-26,796.39
801355,601515,2025-10-20,669.13
801356,601516,2025-09-24,823.46
801357,601517,2025-10-13,1086.85
801358,601518,2025-09-28,1305.52
801359,601519,2025-10-11,1015.1
801360,601520,2025-10-14,1251.5
801361,601521,2025-10-12,1156.89
801362,601523,2025-09-13,941.77
801363,601525,2025-10-17,964.07
801364,601526,2025-10-06,422.0
801365,601528,2025-10-03,261.95
801366,601529,2025-09-23,1202.04
801367,601530,2025-09-27,1286.62
801368,601531,2025-10-11,448.97
801369,601532,2025-10-05,1112.47
801370,601533,2025-10-10,1636.74
801371,601534,2025-10-31,790.38
801372,601535,2025-09-27,1204.55
801373,601536,2025-09-24,452.41
801374,601537,2025-10-14,559.3
801375,601538,2025-10-02,882.73
801376,601539,2025-10-29,1102.0
801377,601540,2025-10-21,683.61
801378,601541,2025-10-02,1972.72
801379,601542,2025-09-19,1009.64
801380,601543,2025-10-02,1493.89
801381,601545,2025-10-21,1149.43
801382,601546,2025-09-26,1363.05
801383,601547,2025-10-24,553.49
801384,601548,2025-10-05,1447.43
801385,601549,2025-10-15,931.43
801386,601550,2025-10-16,931.81
801387,601551,2025-10-18,706.82
801388,601552,2025-09-14,1417.84
801389,601553,2025-10-10,1637.91
801390,601554,2025-10-05,924.7
801391,601555,2025-09-23,293.73
801392,601556,2025-10-21,193.88
801393,601557,2025-10-04,1339.13
801394,601558,2025-09-26,243.51
801395,601559,2025-10-09,1335.7
801396,601560,2025-10-20,983.14
801397,601561,2025-10-18,505.77
801398,601562,2025-09-30,1499.72
801399,601563,2025-09-21,838.88
801400,601564,2025-09-27,1695.13
801401,601565,2025-09-29,448.46
801402,601566,2025-10-13,400.57
801403,601567,2025-10-18,1787.58
801404,601568,2025-11-07,893.9
801405,601569,2025-10-22,1096.39
801406,601570,2025-11-06,824.74
801407,601571,2025-10-03,864.9
801408,601572,2025-11-07,1086.72
801409,601573,2025-10-01,1050.81
801410,601574,2025-11-02,1277.12
801411,601575,2025-10-30,380.25
801412,601577,2025-09-30,1280.73
801413,601578,2025-10-07,920.03
801414,601579,2025-10-10,592.26
801415,601580,2025-09-18,1502.72
801416,601581,2025-10-18,970.18
801417,601582,2025-10-04,1487.87
801418,601583,2025-10-16,1701.64
801419,601585,2025-09-30,1168.37
801420,601586,2025-10-13,924.23
801421,601587,2025-10-27,1306.68
801422,601588,2025-10-19,881.57
801423,601590,2025-10-22,1120.95
801424,601591,2025-10-21,657.78
801425,601592,2025-09-23,638.19
801426,601593,2025-10-08,852.49
801427,601594,2025-10-21,622.35
801428,601595,2025-09-27,102.04
801429,601596,2025-10-13,1495.38
801430,601597,2025-10-26,1714.9
801431,601598,2025-10-02,1086.08
801432,601599,2025-11-03,1416.47
801433,601600,2025-11-04,1834.1
801434,601601,2025-10-16,1225.02
801435,601602,2025-11-09,1706.01
801436,601603,2025-10-15,1698.18
801437,601604,2025-10-13,733.56
801438,601605,2025-11-16,973.79
801439,601607,2025-09-26,1193.28
801440,601608,2025-10-25,1414.93
801441,601609,2025-09-26,706.1
801442,601610,2025-10-14,320.73
801443,601611,2025-10-14,126.97
801444,601612,2025-10-13,1006.64
801445,601613,2025-10-12,699.46
801446,601614,2025-09-24,1120.67
801447,601615,2025-10-21,856.6
801448,601616,2025-10-09,233.64
801449,601617,2025-10-21,1033.95
801450,601618,2025-10-05,1242.93
801451,601619,2025-09-30,119.98
801452,601620,2025-11-04,823.04
801453,601621,2025-10-22,1294.55
801454,601622,2025-10-25,1121.47
801455,601623,2025-10-11,1061.92
801456,601624,2025-10-21,1538.36
801457,601625,2025-10-26,1582.43
801458,601626,2025-10-29,750.71
801459,601628,2025-11-02,1663.42
801460,601629,2025-11-07,1350.67
801461,601630,2025-11-03,1219.79
801462,601631,2025-10-16,786.1
801463,601632,2025-10-26,1261.02
801464,601633,2025-10-29,1162.34
801465,601634,2025-10-18,1569.82
801466,601635,2025-10-21,1080.6
801467,601636,2025-09-27,943.51
801468,601637,2025-11-09,459.28
801469,601638,2025-10-22,1707.15
801470,601639,2025-11-09,681.16
801471,601640,2025-11-07,1153.21
801472,601642,2025-11-14,1253.76
801473,601643,2025-10-12,1400.53
801474,601644,2025-10-15,1193.63
801475,601645,2025-11-03,767.52
801476,601646,2025-11-15,212.37
801477,601647,2025-10-30,910.8
801478,601648,2025-10-12,1379.43
801479,601649,2025-11-02,1289.07
801480,601650,2025-11-20,1515.01
801481,601651,2025-10-30,1193.95
801482,601652,2025-11-07,312.36
801483,601655,2025-11-10,927.09
801484,601657,2025-10-15,1120.34
801485,601658,2025-10-25,1170.11
801486,601659,2025-11-13,1126.16
801487,601660,2025-10-25,672.98
801488,601661,2025-11-09,1362.07
801489,601662,2025-11-05,324.12
801490,601663,2025-11-18,1680.19
801491,601664,2025-10-25,584.0
801492,601665,2025-10-27,1044.28
801493,601666,2025-11-02,1036.11
801494,601667,2025-11-11,995.86
801495,601668,2025-10-06,1322.37
801496,601670,2025-10-27,1404.37
801497,601671,2025-10-09,1222.76
801498,601672,2025-11-20,1293.91
801499,601673,2025-10-29,1200.32
801500,601674,2025-10-26,1321.05
801501,601675,2025-11-17,1539.17
801502,601676,2025-10-24,1313.32
801503,601677,2025-10-30,1224.58
801504,601678,2025-11-04,895.3
801505,601680,2025-10-10,1319.2
801506,601681,2025-11-13,386.96
801507,601682,2025-10-09,1678.9
801508,601683,2025-10-23,819.53
801509,601684,2025-10-26,479.09
801510,601686,2025-10-27,1740.45
801511,601687,2025-10-28,810.67
801512,601688,2025-11-05,994.64
801513,601689,2025-11-04,979.18
801514,601690,2025-10-19,1485.51
801515,601691,2025-10-26,1774.97
801516,601692,2025-11-12,1028.32
801517,601693,2025-11-10,828.28
801518,601694,2025-10-27,1118.96
801519,601695,2025-10-23,1445.06
801520,601696,2025-10-23,1311.71
801521,601697,2025-10-25,446.72
801522,601698,2025-11-09,488.93
801523,601699,2025-11-14,1630.38
801524,601700,2025-11-02,1282.45
801525,601701,2025-11-23,563.0
801526,601702,2025-10-11,751.88
801527,601703,2025-10-12,780.77
801528,601704,2025-10-25,1727.68
801529,601705,2025-11-30,1693.6
801530,601706,2025-10-16,680.23
801531,601707,2025-11-25,1678.74
801532,601708,2025-11-08,1291.14
801533,601709,2025-11-02,1114.83
801534,601711,2025-10-15,1448.0
801535,601712,2025-11-20,1151.77
801536,601713,2025-11-11,1385.37
801537,601714,2025-11-12,758.81
801538,601715,2025-11-06,464.61
801539,601716,2025-10-25,820.33
801540,601717,2025-10-31,1285.63
801541,601718,2025-11-07,674.8
801542,601719,2025-10-31,1414.23
801543,601720,2025-11-04,1139.26
801544,601721,2025-10-22,1302.06
801545,601722,2025-10-31,1566.57
801546,601723,2025-10-31,1035.67
801547,601724,2025-10-13,953.68
801548,601725,2025-10-21,814.73
801549,601726,2025-11-20,871.64
801550,601727,2025-11-20,1328.66
801551,601730,2025-11-03,614.9
801552,601732,2025-11-15,1778.24
801553,601735,2025-11-10,1047.88
801554,601736,2025-10-25,1358.5
801555,601737,2025-10-25,719.38
801556,601738,2025-10-22,652.37
801557,601739,2025-12-08,1216.32
801558,601740,2025-11-28,425.29
801559,601741,2025-11-09,1149.13
801560,601742,2025-11-10,1329.01
801561,601743,2025-12-03,1200.77
801562,601744,2025-11-20,408.97
801563,601745,2025-10-28,980.36
801564,601746,2025-11-19,690.95
801565,601747,2025-11-08,1170.42
801566,601748,2025-11-07,1832.46
801567,601750,2025-11-01,168.3
801568,601751,2025-10-20,353.77
801569,601752,2025-10-22,1362.32
801570,601753,2025-11-29,1042.39
801571,601755,2025-10-18,1300.31
801572,601756,2025-11-04,1010.02
801573,601757,2025-11-09,1050.72
801574,601758,2025-10-23,1474.77
801575,601759,2025-10-28,1241.95
801576,601760,2025-11-20,1148.52
801577,601761,2025-12-05,1857.94
801578,601762,2025-10-18,1680.51
801579,601763,2025-10-28,1479.93
801580,601764,2025-11-03,723.28
801581,601766,2025-11-27,237.22
801582,601767,2025-11-24,919.94
801583,601768,2025-11-15,1301.23
801584,601769,2025-11-16,642.22
801585,601770,2025-12-02,998.82
801586,601771,2025-11-03,1122.81
801587,601772,2025-10-22,963.79
801588,601773,2025-10-29,653.54
801589,601774,2025-11-20,802.32
801590,601776,2025-11-05,675.51
801591,601777,2025-11-04,1662.15
801592,601778,2025-12-12,1146.73
801593,601779,2025-11-08,857.24
801594,601780,2025-10-28,720.95
801595,601781,2025-12-13,1500.88
801596,601782,2025-11-29,1247.14
801597,601783,2025-11-13,1039.91
801598,601784,2025-11-19,850.1
801599,601785,2025-11-21,818.65
801600,601786,2025-11-06,1314.56
801601,601787,2025-11-15,1258.88
801602,601789,2025-11-26,835.0
801603,601791,2025-12-05,907.14
801604,601792,2025-10-28,1614.78
801605,601793,2025-11-09,472.86
801606,601794,2025-11-11,806.04
801607,601795,2025-12-07,1289.97
801608,601796,2025-10-29,1303.08
801609,601798,2025-10-30,833.88
801610,601799,2025-12-03,1249.96
801611,601801,2025-12-14,1721.36
801612,601802,2025-11-26,1046.76
801613,601803,2025-11-01,900.78
801614,601804,2025-11-13,1523.03
801615,601806,2025-12-08,1265.52
801616,601807,2025-11-30,1717.62
801617,601809,2025-12-13,1615.18
801618,601810,2025-12-16,1372.43
801619,601811,2025-12-13,254.87
801620,601812,2025-11-27,1457.55
801621,601813,2025-11-22,1312.51
801622,601814,2025-11-12,1047.24
801623,601815,2025-12-03,1097.14
801624,601817,2025-11-03,1131.96
801625,601818,2025-12-06,1294.59
801626,601819,2025-11-30,1083.1
801627,601820,2025-11-09,779.36
801628,601821,2025-11-09,1368.02
801629,601822,2025-12-10,1217.11
801630,601823,2025-11-18,1808.47
801631,601825,2025-11-26,1767.76
801632,601826,2025-11-23,1002.55
801633,601827,2025-11-18,1222.2
801634,601828,2025-11-05,632.27
801635,601829,2025-12-05,1071.44
801636,601830,2025-12-05,1514.62
801637,601831,2025-11-14,706.72
801638,601832,2025-11-13,1218.41
801639,601833,2025-12-09,929.87
801640,601834,2025-11-28,1407.48
801641,601835,2025-11-07,1836.17
801642,601836,2025-11-07,1500.95
801643,601837,2025-12-16,1050.94
801644,601838,2025-11-05,1459.04
801645,601839,2025-11-30,1409.34
801646,601840,2025-11-15,301.38
801647,601841,2025-11-05,615.26
801648,601842,2025-11-13,1457.9
801649,601843,2025-11-24,1141.79
801650,601844,2025-11-10,830.74
801651,601845,2025-11-26,674.76
801652,601846,2025-11-23,1380.8
801653,601847,2025-12-09,1248.99
801654,601848,2025-11-30,1089.17
801655,601849,2025-12-03,816.57
801656,601850,2025-12-05,1569.53
801657,601851,2025-11-28,1921.1
801658,601852,2025-12-03,733.71
801659,601853,2025-11-14,910.27
801660,601854,2025-12-14,796.81
801661,601855,2025-12-05,1062.31
801662,601856,2025-11-11,1323.34
801663,601857,2025-11-19,1439.46
801664,601858,2025-12-07,1163.62
801665,601861,2025-11-27,459.18
801666,601862,2025-12-03,699.29
801667,601863,2025-12-02,900.29
801668,601864,2025-11-14,741.83
801669,601865,2025-11-18,1117.61
801670,601866,2025-11-26,870.59
801671,601867,2025-12-14,1354.39
801672,601868,2025-12-01,991.88
801673,601869,2025-11-25,1217.13
801674,601870,2025-11-29,1678.79
801675,601871,2025-11-16,1138.37
801676,601872,2025-12-05,1844.67
801677,601873,2025-12-16,1326.87
801678,601874,2025-12-13,231.88
801679,601875,2025-11-13,554.75
801680,601876,2025-11-20,531.07
801681,601878,2025-12-19,1623.07
801682,601879,2025-11-19,1076.16
801683,601880,2025-11-30,847.75
801684,601881,2025-12-20,343.02
801685,601882,2025-11-17,1773.06
801686,601884,2025-12-04,1172.17
801687,601885,2025-11-11,1232.45
801688,601886,2025-12-08,1016.58
801689,601887,2025-11-16,1668.27
801690,601888,2025-11-16,936.44
801691,601890,2025-12-17,885.85
801692,601891,2025-12-30,1466.0
801693,601892,2025-12-18,1903.12
801694,601893,2025-12-12,1445.43
801695,601894,2025-11-12,1091.84
801696,601895,2025-11-17,1893.98
801697,601896,2025-11-25,1359.44
801698,601897,2025-12-27,1102.62
801699,601898,2025-12-10,1676.45
801700,601899,2025-12-12,165.93
801701,601900,2025-12-24,272.83
801702,601901,2025-11-28,605.34
801703,601902,2025-11-17,1104.52
801704,601903,2025-12-02,513.98
801705,601904,2025-11-29,1451.24
801706,601905,2025-12-08,1739.26
801707,601906,2025-12-13,1655.05
801708,601907,2025-12-27,523.79
801709,601908,2025-11-19,1872.41
801710,601909,2025-11-17,830.3
801711,601910,2025-12-04,1306.71
801712,601911,2025-11-17,1001.36
801713,601912,2025-12-09,1070.32
801714,601913,2025-12-24,993.34
801715,601914,2025-12-16,463.52
801716,601915,2025-12-14,522.08
801717,601916,2025-12-08,604.19
801718,601917,2025-12-22,726.5
801719,601919,2025-12-11,983.91
801720,601920,2025-12-22,285.91
801721,601922,2025-12-14,1111.56
801722,601923,2025-12-06,645.8
801723,601924,2025-12-12,1952.58
801724,601925,2025-12-29,1079.47
801725,601926,2025-12-19,1150.97
801726,601927,2025-12-03,1119.54
801727,601928,2025-11-23,1310.7
801728,601929,2025-11-25,1055.21
801729,601930,2025-11-20,625.48
801730,601932,2025-12-20,1314.35
801731,601933,2025-12-17,1239.21
801732,601934,2025-12-26,1142.41
801733,601935,2025-11-23,1914.75
801734,601937,2026-01-03,753.49
801735,601938,2025-11-24,1755.3
801736,601939,2025-12-16,1240.63
801737,601940,2025-11-20,992.09
801738,601941,2025-12-11,952.23
801739,601942,2025-12-24,1348.44
801740,601943,2025-12-08,673.05
801741,601945,2025-12-05,1057.21
801742,601946,2025-12-11,1539.43
801743,601947,2025-12-13,965.42
801744,601948,2025-11-28,966.19
801745,601949,2025-12-21,1530.11
801746,601950,2026-01-02,1377.55
801747,601951,2025-12-02,982.22
801748,601952,2025-12-10,1174.75
801749,601953,2025-12-21,842.95
801750,601954,2026-01-05,897.73
801751,601955,2026-01-11,1668.15
801752,601956,2026-01-01,1457.13
801753,601958,2026-01-10,980.11
801754,601959,2026-01-03,1438.7
801755,601960,2025-12-13,595.63
801756,601962,2025-12-29,1309.75
801757,601963,2025-12-13,1776.82
801758,601964,2025-11-21,1274.27
801759,601965,2025-11-21,1489.93
801760,601966,2025-12-19,1152.34
801761,601967,2026-01-10,1047.4
801762,601968,2025-12-31,940.94
801763,601969,2025-12-02,1073.3
801764,601971,2025-12-25,1192.93
801765,601972,2025-12-24,1805.89
801766,601973,2025-12-12,1033.33
801767,601974,2025-11-29,485.9
801768,601975,2025-12-29,1077.15
801769,601976,2026-01-08,1004.03
801770,601977,2026-01-01,928.57
801771,601979,2025-12-24,1075.74
801772,601980,2026-01-09,956.05
801773,601981,2025-12-09,691.2
801774,601982,2025-12-10,1502.31
801775,601984,2025-11-25,1295.1
801776,601985,2025-12-25,1496.94
801777,601986,2025-12-09,819.6
801778,601987,2025-11-25,843.51
801779,601988,2025-11-23,434.84
801780,601990,2025-12-05,634.28
801781,601991,2025-11-30,1013.3
801782,601992,2025-12-13,1302.94
801783,601993,2025-12-08,662.91
801784,601994,2026-01-03,938.14
801785,601996,2025-12-27,946.37
801786,601997,2026-01-08,987.5
801787,601998,2026-01-05,465.99
801788,601999,2025-12-10,686.84
801789,602000,2025-11-30,1731.57
801790,602001,2025-12-16,128.11
801791,602002,2026-01-05,1476.81
801792,602003,2025-12-06,1660.07
801793,602004,2025-12-29,1718.54
801794,602005,2025-12-16,999.8
801795,602006,2026-01-02,1143.76
801796,602007,2025-12-07,1423.76
801797,602008,2025-12-04,928.86
801798,602009,2025-12-06,554.18
801799,602010,2025-12-04,1397.58
801800,602011,2025-12-01,1083.36
801801,602013,2025-12-31,858.1
801802,602014,2026-01-12,1191.07
801803,602015,2026-01-04,1280.79
801804,602016,2025-12-29,1604.09
801805,602017,2026-01-16,1788.99
801806,602018,2025-12-04,1609.6
801807,602019,2025-12-10,1876.55
801808,602020,2025-12-31,987.93
801809,602021,2025-12-17,1614.57
801810,602022,2025-12-26,1023.73
801811,602023,2025-12-23,1114.18
801812,602024,2026-01-01,1232.46
801813,602025,2025-12-31,1053.45
801814,602026,2025-12-22,1453.48
801815,602027,2025-12-15,911.66
801816,602028,2026-01-12,940.35
801817,602029,2026-01-19,1071.88
801818,602030,2025-12-29,1168.7
801819,602031,2026-01-09,1780.47
801820,602032,2025-12-30,1410.5
801821,602033,2025-12-21,840.91
801822,602034,2025-12-18,679.06
801823,602035,2025-12-14,746.56
801824,602036,2025-12-25,1211.22
801825,602037,2025-12-11,1406.04
801826,602038,2025-12-15,727.96
801827,602039,2025-12-20,1783.46
801828,602040,2026-01-14,1560.08
801829,602041,2026-01-08,630.48
801830,602042,2025-12-11,870.7
801831,602043,2026-01-17,1127.57
801832,602044,2025-12-16,1089.11
801833,602045,2025-12-25,927.05
801834,602046,2026-01-15,1846.41
801835,602047,2026-01-26,1178.24
801836,602049,2025-12-30,797.31
801837,602050,2026-01-15,1335.65
801838,602052,2026-01-14,1368.3
801839,602053,2025-12-23,1126.26
801840,602054,2025-12-08,888.26
801841,602055,2026-01-13,1156.73
801842,602056,2025-12-29,1831.12
801843,602057,2025-12-10,1758.28
801844,602058,2025-12-29,412.11
801845,602059,2026-01-19,1386.79
801846,602060,2025-12-25,487.39
801847,602061,2025-12-17,1114.92
801848,602062,2025-12-24,463.36
801849,602063,2025-12-30,708.12
801850,602064,2026-01-13,1434.55
801851,602065,2025-12-30,1716.0
801852,602066,2026-01-28,1504.65
801853,602067,2026-01-19,1474.27
801854,602068,2026-01-07,1174.78
801855,602069,2026-01-12,814.53
801856,602071,2026-01-15,577.48
801857,602072,2025-12-20,819.31
801858,602073,2025-12-17,1099.45
801859,602076,2026-01-20,783.84
801860,602077,2025-12-25,933.0
801861,602078,2026-01-01,847.75
801862,602079,2026-01-20,1477.08
801863,602080,2025-12-21,1031.67
801864,602081,2025-12-15,1548.43
801865,602082,2026-01-17,619.88
801866,602084,2025-12-14,1696.48
801867,602085,2026-01-05,1121.63
801868,602086,2025-12-18,1041.12
801869,602088,2026-01-05,1098.83
801870,602089,2026-01-30,1603.76
801871,602090,2026-01-17,301.69
801872,602091,2026-01-02,1088.02
801873,602092,2026-01-21,1081.63
801874,602093,2026-01-11,1226.68
801875,602094,2026-02-03,890.82
801876,602095,2026-01-07,844.42
801877,602096,2025-12-25,930.72
801878,602097,2026-01-12,1702.17
801879,602098,2026-01-09,405.23
801880,602099,2025-12-22,646.95
801881,602100,2026-01-27,1081.88
801882,602102,2026-01-08,1335.37
801883,602103,2025-12-15,938.1
801884,602104,2026-01-11,1830.1
801885,602105,2025-12-28,814.89
801886,602106,2025-12-29,859.57
801887,602107,2025-12-31,1837.28
801888,602108,2026-01-19,1190.64
801889,602109,2025-12-25,969.06
801890,602110,2026-01-19,873.99
801891,602112,2026-01-03,684.87
801892,602113,2026-01-08,1844.46
801893,602114,2025-12-30,827.69
801894,602115,2026-01-24,801.48
801895,602116,2026-01-07,951.11
801896,602117,2025-12-22,1376.43
801897,602118,2026-02-05,977.97
801898,602119,2026-01-27,840.46
801899,602120,2026-01-16,678.54
801900,602121,2026-01-12,1325.23
801901,602122,2026-01-10,478.18
801902,602123,2026-02-01,1492.91
801903,602124,2026-01-07,1118.27
801904,602125,2026-01-28,873.45
801905,602126,2026-02-04,1262.58
801906,602127,2025-12-25,1284.22
801907,602128,2026-01-24,576.42
801908,602130,2026-01-18,1891.19
801909,602131,2026-01-01,1806.47
801910,602132,2026-01-30,1102.98
801911,602133,2025-12-21,924.22
801912,602134,2026-02-04,905.88
801913,602135,2026-02-01,1812.18
801914,602136,2026-02-04,1433.16
801915,602137,2026-01-10,1505.44
801916,602138,2026-01-14,934.69
801917,602139,2025-12-31,832.9
801918,602140,2026-01-10,827.85
801919,602141,2026-01-15,1759.4
801920,602142,2026-01-09,1118.7
801921,602143,2026-01-19,450.84
801922,602144,2026-01-26,1199.23
801923,602145,2026-01-10,983.56
801924,602146,2026-02-01,735.14
801925,602148,2025-12-30,1057.62
801926,602149,2026-01-05,1140.92
801927,602150,2026-01-26,1400.81
801928,602151,2026-02-02,1349.08
801929,602153,2026-01-07,1383.07
801930,602155,2026-01-18,1674.45
801931,602156,2026-01-18,1030.68
801932,602157,2026-02-09,1268.9
801933,602158,2026-01-22,1319.14
801934,602160,2026-01-02,789.12
801935,602161,2026-01-02,315.7
801936,602162,2026-02-01,880.09
801937,602163,2025-12-25,1376.27
801938,602164,2026-01-09,1685.94
801939,602165,2026-01-30,986.62
801940,602166,2026-01-03,944.14
801941,602167,2026-01-06,237.38
801942,602169,2026-02-03,1543.46
801943,602171,2026-02-02,941.96
801944,602172,2026-01-08,1193.24
801945,602173,2026-01-13,1361.11
801946,602174,2026-01-25,1229.84
801947,602175,2026-01-24,706.78
801948,602176,2026-01-07,1290.3
801949,602177,2026-01-20,1333.94
801950,602178,2026-01-01,411.46
801951,602179,2026-01-26,1390.28
801952,602180,2026-01-19,1628.0
801953,602181,2026-02-06,1084.17
801954,602182,2026-01-17,1114.7
801955,602183,2026-01-27,691.21
801956,602184,2026-01-17,946.6
801957,602185,2026-01-06,656.54
801958,602186,2025-12-27,479.8
801959,602187,2026-01-04,264.36
801960,602188,2026-01-18,1441.94
801961,602189,2025-12-31,540.35
801962,602190,2026-01-12,605.56
801963,602191,2026-01-10,1400.03
801964,602192,2026-01-10,1337.04
801965,602194,2026-01-23,1795.39
801966,602195,2026-01-18,1339.83
801967,602196,2026-02-04,1068.18
801968,602197,2026-01-19,887.04
801969,602198,2026-01-07,1807.83
801970,602199,2026-01-27,1374.45
801971,602200,2026-02-04,1102.16
801972,602201,2026-01-29,724.55
801973,602202,2026-01-18,1253.95
801974,602203,2026-02-09,1414.16
801975,602204,2026-02-05,1138.7
801976,602206,2026-01-28,1024.4
801977,602208,2026-01-05,1296.3
801978,602209,2026-02-10,1007.43
801979,602211,2026-02-13,943.19
801980,602212,2026-02-06,673.98
801981,602213,2026-01-05,1166.7
801982,602214,2026-01-13,1201.02
801983,602215,2026-01-14,726.07
801984,602216,2026-02-07,951.11
801985,602218,2026-01-26,1423.27
801986,602219,2026-01-17,1162.7
801987,602220,2026-01-19,1152.68
801988,602221,2026-01-25,1044.35
801989,602222,2026-01-13,908.0
801990,602224,2026-02-20,997.52
801991,602225,2026-01-29,698.13
801992,602226,2026-01-27,541.54
801993,602227,2026-02-06,795.19
801994,602228,2026-01-16,1701.67
801995,602229,2026-01-29,739.28
801996,602230,2026-01-09,536.66
801997,602231,2026-01-04,1366.3
801998,602232,2026-01-24,541.81
801999,602233,2026-02-16,1497.5
802000,602234,2026-02-03,1037.39
802001,602235,2026-01-26,1329.64
802002,602236,2026-02-16,1717.56
802003,602237,2026-02-07,565.13
802004,602238,2026-02-12,1032.89
802005,602239,2026-02-13,1301.88
802006,602240,2026-02-14,1442.61
802007,602241,2026-01-11,1036.77
802008,602242,2026-01-24,739.23
802009,602243,2026-02-12,1133.63
802010,602244,2026-01-25,1021.74
802011,602245,2026-01-12,817.08
802012,602246,2026-02-10,1494.11
802013,602247,2026-02-03,1308.52
802014,602248,2026-02-21,857.63
802015,602249,2026-01-07,1002.5
802016,602250,2026-01-05,459.73
802017,602252,2026-01-12,1707.1
802018,602253,2026-02-20,1410.87
802019,602254,2026-01-18,744.47
802020,602255,2026-01-23,1806.43
802021,602256,2026-02-13,565.72
802022,602257,2026-02-11,1497.17
802023,602258,2026-01-17,633.0
802024,602259,2026-02-20,1039.87
802025,602261,2026-01-30,794.52
802026,602262,2026-02-15,1903.58
802027,602263,2026-02-20,1430.47
802028,602264,2026-01-22,526.53
802029,602265,2026-02-17,1619.35
802030,602266,2026-02-12,595.07
802031,602267,2026-01-17,1570.22
802032,602268,2026-02-01,1151.37
802033,602269,2026-01-28,1398.4
802034,602270,2026-02-26,978.98
802035,602271,2026-01-10,870.72
802036,602272,2026-01-16,1294.17
802037,602273,2026-02-08,1417.66
802038,602274,2026-02-11,1352.02
802039,602275,2026-02-01,1648.07
802040,602276,2026-02-22,1312.26
802041,602277,2026-01-31,1109.37
802042,602279,2026-02-12,868.56
802043,602280,2026-01-24,171.66
802044,602281,2026-02-19,593.51
802045,602282,2026-02-25,943.51
802046,602283,2026-01-26,1441.31
802047,602285,2026-02-04,1583.83
802048,602286,2026-01-16,1315.46
802049,602287,2026-01-23,468.24
802050,602288,2026-01-30,964.41
802051,602289,2026-02-14,1248.71
802052,602290,2026-01-09,1215.47
802053,602291,2026-02-18,865.96
802054,602292,2026-01-26,1421.25
802055,602293,2026-02-08,1420.24
802056,602294,2026-02-05,1497.44
802057,602296,2026-02-14,761.02
802058,602297,2026-02-06,1611.6
802059,602298,2026-01-29,1924.04
802060,602299,2026-02-24,203.84
802061,602300,2026-02-28,1504.41
802062,602301,2026-01-30,471.02
802063,602302,2026-02-11,341.02
802064,602303,2026-01-25,1515.29
802065,602304,2026-02-03,1575.17
802066,602306,2026-01-19,832.85
802067,602307,2026-02-05,1374.76
802068,602308,2026-02-23,1499.75
802069,602309,2026-02-18,730.0
802070,602310,2026-01-23,1722.79
802071,602311,2026-03-01,384.68
802072,602312,2026-02-24,1281.15
802073,602313,2026-02-04,1675.46
802074,602314,2026-02-15,1079.11
802075,602315,2026-02-15,1537.07
802076,602316,2026-02-28,1409.72
802077,602317,2026-03-05,1208.16
802078,602318,2026-02-13,807.23
802079,602319,2026-01-31,1116.03
802080,602320,2026-01-26,747.07
802081,602321,2026-02-01,177.21
802082,602322,2026-01-27,973.49
802083,602323,2026-02-28,1735.93
802084,602324,2026-02-22,1599.15
802085,602325,2026-02-13,427.75
802086,602326,2026-03-01,2001.82
802087,602327,2026-03-06,1547.71
802088,602329,2026-02-08,1994.13
802089,602330,2026-01-31,517.49
802090,602331,2026-02-12,1156.61
802091,602333,2026-02-27,384.41
802092,602334,2026-02-27,737.77
802093,602335,2026-03-05,1504.98
802094,602336,2026-02-10,1236.48
802095,602337,2026-01-25,873.78
802096,602339,2026-03-07,1003.02
802097,602340,2026-02-08,809.26
802098,602341,2026-02-07,895.78
802099,602342,2026-02-11,879.19
802100,602343,2026-02-12,1154.69
802101,602344,2026-02-10,1033.11
802102,602345,2026-03-03,778.28
802103,602346,2026-02-09,499.76
802104,602347,2026-02-08,1481.68
802105,602348,2026-02-04,906.0
802106,602350,2026-02-13,1150.78
802107,602352,2026-02-21,656.9
802108,602353,2026-02-12,733.84
802109,602354,2026-02-22,877.1
802110,602355,2026-02-07,1545.6
802111,602356,2026-02-14,849.47
802112,602357,2026-02-24,687.51
802113,602358,2026-03-08,512.86
802114,602359,2026-02-14,387.89
802115,602360,2026-01-31,1292.4
802116,602361,2026-02-17,846.67
802117,602362,2026-03-13,1510.66
802118,602363,2026-03-02,966.67
802119,602364,2026-03-12,1073.45
802120,602365,2026-02-04,941.43
802121,602367,2026-03-05,362.98
802122,602368,2026-02-02,1829.34
802123,602369,2026-02-10,1060.44
802124,602370,2026-03-20,856.57
802125,602371,2026-01-31,1121.69
802126,602372,2026-02-20,566.29
802127,602373,2026-03-14,1501.5
802128,602374,2026-03-17,1330.62
802129,602375,2026-02-06,767.45
802130,602376,2026-02-21,716.18
802131,602377,2026-02-18,1073.5
802132,602378,2026-02-16,1303.02
802133,602379,2026-02-09,1404.47
802134,602380,2026-01-28,1317.37
802135,602381,2026-02-18,818.55
802136,602382,2026-02-02,1848.83
802137,602383,2026-02-02,390.25
802138,602384,2026-03-12,724.44
802139,602385,2026-03-17,1375.53
802140,602386,2026-03-17,1067.96
802141,602387,2026-03-20,816.39
802142,602388,2026-03-06,581.29
802143,602389,2026-02-07,1007.13
802144,602390,2026-02-11,1321.09
802145,602391,2026-03-07,1045.87
802146,602392,2026-02-10,693.0
802147,602393,2026-02-10,1335.32
802148,602394,2026-02-10,1298.91
802149,602395,2026-02-06,1545.82
802150,602396,2026-03-07,919.47
802151,602397,2026-03-02,1291.84
802152,602398,2026-02-14,1523.35
802153,602399,2026-02-12,1421.7
802154,602400,2026-02-23,344.24
802155,602401,2026-03-05,1170.21
802156,602402,2026-02-26,674.65
802157,602403,2026-03-08,229.92
802158,602404,2026-03-03,456.44
802159,602405,2026-02-22,1838.5
802160,602406,2026-02-04,1436.73
802161,602407,2026-03-20,972.51
802162,602408,2026-03-08,1128.2
802163,602409,2026-02-21,1079.73
802164,602410,2026-03-05,1531.4
802165,602411,2026-03-02,987.39
802166,602412,2026-03-15,1604.16
802167,602413,2026-03-18,980.47
802168,602414,2026-02-15,624.46
802169,602416,2026-02-24,1367.23
802170,602417,2026-03-11,1574.66
802171,602418,2026-02-28,1131.82
802172,602420,2026-02-26,670.51
802173,602421,2026-03-01,1126.2
802174,602422,2026-03-18,579.93
802175,602423,2026-03-28,438.01
802176,602424,2026-02-24,533.93
802177,602425,2026-02-09,1258.24
802178,602426,2026-03-01,330.1
802179,602427,2026-03-21,1071.06
802180,602428,2026-02-28,388.2
802181,602429,2026-02-12,1092.26
802182,602430,2026-03-29,795.32
802183,602431,2026-02-26,1596.82
802184,602432,2026-03-23,539.05
802185,602433,2026-03-23,1899.64
802186,602434,2026-03-03,895.49
802187,602435,2026-02-19,1221.39
802188,602436,2026-03-07,896.93
802189,602437,2026-03-16,1618.26
802190,602438,2026-03-03,1408.51
802191,602439,2026-03-04,892.79
802192,602440,2026-03-18,1981.17
802193,602441,2026-03-20,810.74
802194,602442,2026-03-16,1225.94
802195,602443,2026-02-20,1943.53
802196,602444,2026-03-02,1031.3
802197,602445,2026-03-03,712.01
802198,602446,2026-02-14,1114.88
802199,602447,2026-03-29,1360.74
802200,602448,2026-03-06,1013.61
802201,602449,2026-03-15,1251.14
802202,602450,2026-02-19,1337.36
802203,602451,2026-03-31,992.26
802204,602452,2026-03-22,992.53
802205,602453,2026-02-18,1351.73
802206,602454,2026-03-24,1261.48
802207,602455,2026-03-05,1195.96
802208,602456,2026-02-24,1461.2
802209,602457,2026-02-19,1232.69
802210,602458,2026-03-16,993.97
802211,602459,2026-02-18,1349.08
802212,602460,2026-02-14,1127.18
802213,602461,2026-03-22,1184.55
802214,602462,2026-02-11,1644.39
802215,602463,2026-03-09,985.64
802216,602464,2026-03-15,717.41
802217,602465,2026-03-26,963.19
802218,602466,2026-03-20,343.23
802219,602467,2026-02-20,798.7
802220,602468,2026-03-27,1551.19
802221,602469,2026-03-05,1802.12
802222,602470,2026-03-13,740.7
802223,602471,2026-02-16,577.85
802224,602472,2026-03-18,1200.1
802225,602474,2026-03-23,784.87
802226,602475,2026-03-11,1245.54
802227,602476,2026-03-01,871.28
802228,602477,2026-03-01,962.37
802229,602478,2026-03-26,1015.85
802230,602479,2026-02-17,1187.91
802231,602480,2026-02-25,227.53
802232,602481,2026-03-29,1207.85
802233,602482,2026-03-21,935.59
802234,602483,2026-03-28,1307.63
802235,602484,2026-03-26,1396.58
802236,602486,2026-02-23,644.45
802237,602487,2026-03-21,1489.32
802238,602488,2026-03-12,1704.23
802239,602489,2026-03-13,984.53
802240,602490,2026-03-20,1467.87
802241,602491,2026-03-08,1301.59
802242,602493,2026-03-21,1201.03
802243,602494,2026-03-08,699.75
802244,602495,2026-03-07,689.16
802245,602496,2026-03-26,921.61
802246,602497,2026-02-28,1195.43
802247,602498,2026-03-21,1279.66
802248,602501,2026-03-08,371.57
802249,602502,2026-03-08,869.55
802250,602503,2026-03-20,1698.39
802251,602504,2026-02-24,745.84
802252,602505,2026-03-16,415.01
802253,602506,2026-02-24,1826.29
802254,602507,2026-03-02,1461.2
802255,602508,2026-03-10,708.64
802256,602509,2026-04-04,415.19
802257,602510,2026-04-02,876.07
802258,602511,2026-04-11,1558.12
802259,602512,2026-03-28,1344.65
802260,602513,2026-02-23,1615.66
802261,602514,2026-02-24,1117.78
802262,602515,2026-03-05,1098.52
802263,602516,2026-03-28,1852.76
802264,602517,2026-03-22,415.16
802265,602518,2026-02-26,1809.28
802266,602519,2026-04-08,609.49
802267,602520,2026-03-08,1179.23
802268,602521,2026-04-06,1955.92
802269,602522,2026-04-05,1288.25
802270,602523,2026-02-27,1342.1
802271,602524,2026-03-18,1635.32
802272,602525,2026-03-28,865.04
802273,602526,2026-03-18,1384.07
802274,602527,2026-03-04,829.76
802275,602528,2026-03-28,820.24
802276,602529,2026-02-17,1011.07
802277,602530,2026-03-07,1332.18
802278,602531,2026-03-11,1745.86
802279,602532,2026-03-22,1610.82
802280,602533,2026-04-05,370.95
802281,602534,2026-03-19,1004.29
802282,602535,2026-02-19,1074.89
802283,602536,2026-03-20,1079.64
802284,602537,2026-04-03,1560.04
802285,602538,2026-03-13,1131.24
802286,602539,2026-03-01,586.58
802287,602540,2026-03-31,1660.58
802288,602541,2026-03-07,1549.2
802289,602542,2026-03-01,1434.96
802290,602543,2026-03-01,1238.49
802291,602544,2026-03-19,1400.59
802292,602545,2026-04-12,1162.58
802293,602546,2026-03-30,1022.25
802294,602547,2026-03-30,1572.17
802295,602548,2026-03-15,1077.32
802296,602549,2026-02-27,869.1
802297,602550,2026-04-09,1319.15
802298,602551,2026-02-25,1735.81
802299,602552,2026-04-07,1001.46
802300,602553,2026-02-25,1373.05
802301,602554,2026-03-23,1949.83
802302,602555,2026-03-12,1232.35
802303,602556,2026-03-01,1481.78
802304,602557,2026-03-06,781.1
802305,602558,2026-03-09,617.41
802306,602559,2026-02-23,1443.67
802307,602560,2026-03-27,975.17
802308,602561,2026-04-06,1133.02
802309,602562,2026-03-28,1882.27
802310,602563,2026-03-27,307.14
802311,602564,2026-03-20,1352.32
802312,602565,2026-04-06,1507.52
802313,602566,2026-03-03,501.81
802314,602567,2026-03-07,1303.67
802315,602568,2026-03-15,576.78
802316,602569,2026-04-19,664.43
802317,602570,2026-03-26,1659.97
802318,602571,2026-03-13,439.03
802319,602572,2026-04-03,1432.5
802320,602573,2026-03-27,1366.06
802321,602574,2026-03-09,460.92
802322,602575,2026-03-08,934.42
802323,602576,2026-03-15,1612.91
802324,602577,2026-04-07,1198.19
802325,602578,2026-04-10,980.57
802326,602579,2026-04-18,783.09
802327,602580,2026-03-11,433.49
802328,602581,2026-03-19,1048.61
802329,602582,2026-03-30,1103.38
802330,602583,2026-03-19,1755.99
802331,602584,2026-03-22,1034.24
802332,602585,2026-04-18,1288.49
802333,602586,2026-03-22,620.71
802334,602587,2026-03-27,1392.64
802335,602589,2026-03-15,906.53
802336,602590,2026-03-15,1368.06
802337,602591,2026-04-05,854.21
802338,602593,2026-03-31,532.38
802339,602595,2026-03-23,1019.66
802340,602596,2026-03-13,663.73
802341,602597,2026-03-08,1108.26
802342,602598,2026-04-05,996.55
802343,602599,2026-03-13,829.77
802344,602604,2026-04-07,299.21
802345,602605,2026-04-11,1565.85
802346,602606,2026-03-19,1027.01
802347,602608,2026-03-28,454.25
802348,602609,2026-03-31,1336.0
802349,602610,2026-04-24,274.53
802350,602611,2026-03-10,1040.95
802351,602612,2026-04-05,402.36
802352,602613,2026-04-17,1478.37
802353,602614,2026-03-22,1005.67
802354,602615,2026-04-21,1593.12
802355,602616,2026-04-19,778.22
802356,602617,2026-03-09,921.26
802357,602618,2026-04-08,765.77
802358,602619,2026-03-29,1230.91
802359,602620,2026-04-10,560.34
802360,602621,2026-03-16,1481.16
802361,602622,2026-04-16,1414.5
802362,602623,2026-04-06,1457.28
802363,602624,2026-03-15,1442.76
802364,602625,2026-04-04,1459.34
802365,602626,2026-04-19,1547.16
802366,602627,2026-04-03,1336.64
802367,602628,2026-03-11,1251.42
802368,602629,2026-04-06,339.98
802369,602630,2026-03-14,749.08
802370,602631,2026-03-21,341.16
802371,602632,2026-03-08,736.59
802372,602633,2026-03-12,509.55
802373,602634,2026-04-26,1386.06
802374,602635,2026-04-11,1578.7
802375,602636,2026-03-15,865.24
802376,602637,2026-04-22,784.87
802377,602639,2026-04-24,1197.73
802378,602640,2026-04-04,1078.54
802379,602641,2026-04-13,373.27
802380,602642,2026-04-29,886.15
802381,602644,2026-03-14,1571.62
802382,602645,2026-04-14,629.66
802383,602646,2026-04-19,758.35
802384,602649,2026-04-23,1330.42
802385,602650,2026-04-12,782.29
802386,602651,2026-04-08,1359.45
802387,602652,2026-04-15,665.48
802388,602653,2026-03-24,638.09
802389,602654,2026-04-21,987.4
802390,602655,2026-04-10,911.96
802391,602656,2026-03-29,848.16
802392,602657,2026-04-17,873.63
802393,602658,2026-03-14,880.7
802394,602659,2026-04-29,1323.04
802395,602660,2026-03-25,624.33
802396,602661,2026-05-02,1294.92
802397,602662,2026-05-04,769.49
802398,602663,2026-03-28,2000.31
802399,602664,2026-04-09,742.02
802400,602665,2026-04-22,589.17
802401,602666,2026-03-20,931.95
802402,602667,2026-04-11,806.88
802403,602668,2026-04-09,615.23
802404,602669,2026-03-30,192.42
802405,602670,2026-03-23,1026.47
802406,602671,2026-03-16,1165.95
802407,602672,2026-04-19,1809.66
802408,602673,2026-04-25,501.3
802409,602674,2026-04-19,1964.07
802410,602675,2026-04-19,329.24
802411,602676,2026-04-02,1206.81
802412,602678,2026-04-02,1415.58
802413,602679,2026-03-16,1165.3
802414,602681,2026-04-28,1596.4
802415,602682,2026-04-11,364.31
802416,602683,2026-04-10,1065.69
802417,602684,2026-03-15,964.78
802418,602685,2026-05-02,1338.64
802419,602686,2026-04-13,638.73
802420,602687,2026-04-03,875.35
802421,602688,2026-04-03,1642.05
802422,602689,2026-03-30,1002.63
802423,602690,2026-05-10,827.27
802424,602692,2026-05-06,1311.54
802425,602693,2026-04-01,1312.53
802426,602694,2026-04-03,1552.51
802427,602695,2026-03-29,1345.14
802428,602697,2026-04-11,1731.72
802429,602698,2026-04-11,1603.61
802430,602699,2026-04-07,1578.19
802431,602700,2026-04-27,432.35
802432,602701,2026-04-14,161.53
802433,602702,2026-04-17,1695.54
802434,602703,2026-05-10,971.36
802435,602704,2026-04-17,1425.25
802436,602705,2026-04-26,1985.27
802437,602706,2026-03-27,1088.48
802438,602707,2026-05-09,793.06
802439,602708,2026-04-10,909.27
802440,602709,2026-05-03,533.98
802441,602710,2026-04-27,1004.28
802442,602711,2026-04-20,1418.03
802443,602712,2026-04-23,1795.79
802444,602713,2026-04-25,435.64
802445,602714,2026-04-19,712.54
802446,602715,2026-05-08,1252.7
802447,602716,2026-04-27,888.19
802448,602717,2026-03-27,743.59
802449,602718,2026-04-17,1346.89
802450,602719,2026-04-26,957.8
802451,602720,2026-04-27,1644.62
802452,602721,2026-04-03,1500.96
802453,602722,2026-04-25,445.12
802454,602723,2026-05-03,1353.66
802455,602724,2026-05-01,521.81
802456,602725,2026-03-31,402.97
802457,602726,2026-04-04,386.43
802458,602727,2026-05-10,939.53
802459,602728,2026-04-22,931.15
802460,602729,2026-05-05,850.22
802461,602730,2026-04-29,1109.02
802462,602731,2026-04-01,699.1
802463,602732,2026-04-22,1304.72
802464,602733,2026-04-01,1446.89
802465,602734,2026-04-20,900.54
802466,602735,2026-04-16,386.77
802467,602736,2026-05-10,1104.37
802468,602737,2026-04-24,1307.24
802469,602738,2026-04-09,1455.36
802470,602739,2026-04-23,1090.39
802471,602740,2026-04-26,1478.12
802472,602741,2026-04-17,1020.33
802473,602742,2026-04-25,246.42
802474,602743,2026-04-17,824.85
802475,602745,2026-05-13,1259.1
802476,602746,2026-04-19,1946.25
802477,602747,2026-05-06,1138.32
802478,602748,2026-04-21,1679.74
802479,602749,2026-04-23,1164.61
802480,602751,2026-05-08,1286.72
802481,602752,2026-05-06,121.97
802482,602753,2026-05-04,696.08
802483,602754,2026-04-14,1395.96
802484,602755,2026-03-27,911.47
802485,602756,2026-04-26,669.14
802486,602757,2026-05-11,498.39
802487,602758,2026-05-02,1363.32
802488,602759,2026-04-29,1029.76
802489,602760,2026-05-19,956.59
802490,602762,2026-05-18,1170.85
802491,602763,2026-04-11,132.7
802492,602764,2026-04-03,977.33
802493,602765,2026-05-08,1279.87
802494,602766,2026-04-28,1015.52
802495,602767,2026-04-28,854.99
802496,602768,2026-04-10,276.09
802497,602769,2026-04-15,688.11
802498,602770,2026-04-03,1304.11
802499,602771,2026-05-15,877.11
802500,602772,2026-04-23,850.43
802501,602773,2026-05-13,1500.98
802502,602775,2026-04-28,1109.65
802503,602777,2026-05-13,1507.11
802504,602778,2026-04-21,1247.88
802505,602779,2026-05-09,404.17
802506,602781,2026-04-27,1671.47
802507,602782,2026-04-10,870.12
802508,602783,2026-05-02,346.4
802509,602784,2026-04-06,738.89
802510,602785,2026-04-25,675.27
802511,602786,2026-05-01,737.86
802512,602787,2026-04-25,1392.04
802513,602788,2026-04-25,930.61
802514,602789,2026-05-18,816.11
802515,602790,2026-04-29,1348.03
802516,602791,2026-05-14,339.6
802517,602792,2026-04-25,1592.19
802518,602793,2026-04-26,418.92
802519,602794,2026-04-19,991.38
802520,602796,2026-04-15,887.6
802521,602797,2026-04-29,1914.0
802522,602798,2026-04-26,1302.47
802523,602799,2026-05-23,861.47
802524,602800,2026-05-08,1142.25
802525,602801,2026-04-10,1346.19
802526,602802,2026-04-29,1028.93
802527,602803,2026-04-11,1128.98
802528,602804,2026-05-10,1386.62
802529,602805,2026-04-28,1556.8
802530,602806,2026-04-18,1006.92
802531,602807,2026-05-14,329.18
802532,602808,2026-05-12,1335.05
802533,602809,2026-04-16,203.65
802534,602810,2026-04-27,841.11
802535,602811,2026-05-05,1239.03
802536,602812,2026-05-21,1886.99
802537,602813,2026-05-20,1215.02
802538,602814,2026-05-08,1219.79
802539,602815,2026-05-15,889.05
802540,602816,2026-04-17,507.42
802541,602817,2026-05-02,646.44
802542,602820,2026-05-26,314.99
802543,602821,2026-05-08,993.31
802544,602822,2026-04-28,1241.66
802545,602823,2026-04-12,1297.03
802546,602824,2026-05-08,1450.88
802547,602825,2026-04-29,890.49
802548,602826,2026-05-05,615.37
802549,602827,2026-05-13,708.39
802550,602828,2026-05-01,289.01
802551,602829,2026-05-27,1113.47
802552,602830,2026-05-21,1139.64
802553,602831,2026-05-17,706.43
802554,602832,2026-05-20,1320.87
802555,602833,2026-05-12,806.88
802556,602834,2026-04-24,1064.34
802557,602835,2026-05-04,1008.84
802558,602836,2026-04-24,1008.53
802559,602837,2026-05-14,597.49
802560,602838,2026-04-27,1069.82
802561,602839,2026-05-09,263.22
802562,602840,2026-05-28,1606.28
802563,602841,2026-04-29,379.47
802564,602842,2026-05-28,395.64
802565,602843,2026-05-29,1248.66
802566,602844,2026-05-26,629.79
802567,602845,2026-05-14,524.01
802568,602846,2026-05-16,1583.11
802569,602848,2026-05-17,1088.18
802570,602849,2026-05-25,1172.23
802571,602850,2026-04-18,654.34
802572,602851,2026-04-24,1559.59
802573,602853,2026-05-19,1105.65
802574,602854,2026-05-22,767.76
802575,602855,2026-04-21,1094.58
802576,602856,2026-05-10,675.89
802577,602857,2026-05-20,1288.29
802578,602858,2026-05-24,1073.8
802579,602860,2026-05-03,930.67
802580,602861,2026-04-30,1458.4
802581,602862,2026-05-20,582.05
802582,602863,2026-05-20,891.99
802583,602864,2026-05-16,629.44
802584,602865,2026-04-27,1383.81
802585,602866,2026-05-14,747.65
802586,602867,2026-05-05,986.41
802587,602868,2026-05-14,475.55
802588,602869,2026-05-27,1537.01
802589,602870,2026-05-01,576.47
802590,602871,2026-05-21,1839.39
802591,602872,2026-06-06,1535.49
802592,602873,2026-05-26,588.54
802593,602874,2026-05-18,723.41
802594,602875,2026-05-01,1061.65
802595,602876,2026-05-19,1204.34
802596,602877,2026-05-12,1276.01
802597,602878,2026-05-26,850.07
802598,602879,2026-04-24,764.84
802599,602880,2026-05-31,825.07
802600,602882,2026-05-10,1308.47
802601,602883,2026-05-22,813.96
802602,602884,2026-05-26,1472.74
802603,602885,2026-06-12,1229.21
802604,602886,2026-04-22,891.93
802605,602887,2026-05-28,1118.09
802606,602888,2026-05-08,889.15
802607,602889,2026-04-28,596.33
802608,602891,2026-05-09,1143.05
802609,602892,2026-05-12,1776.35
802610,602893,2026-05-12,1125.99
802611,602894,2026-04-27,772.99
802612,602895,2026-05-20,1406.44
802613,602896,2026-05-20,846.72
802614,602897,2026-05-06,978.37
802615,602898,2026-05-22,914.23
802616,602899,2026-04-29,1490.19
802617,602900,2026-04-27,1274.08
802618,602901,2026-06-04,877.28
802619,602902,2026-04-29,1154.02
802620,602903,2026-05-16,770.65
802621,602904,2026-05-25,664.65
802622,602905,2026-05-06,1929.93
802623,602906,2026-05-16,1515.95
802624,602907,2026-05-31,478.18
802625,602908,2026-04-29,561.2
802626,602909,2026-05-02,1685.09
802627,602910,2026-05-10,505.77
802628,602911,2026-05-30,1449.86
802629,602912,2026-05-21,1157.21
802630,602913,2026-06-07,1024.12
802631,602914,2026-05-13,1784.66
802632,602915,2026-05-28,1277.4
802633,602916,2026-06-05,1376.98
802634,602918,2026-05-04,934.06
802635,602919,2026-05-09,715.58
802636,602920,2026-05-15,738.77
802637,602921,2026-06-05,965.62
802638,602923,2026-05-08,619.91
802639,602924,2026-05-11,821.74
802640,602925,2026-04-28,1338.05
802641,602926,2026-06-06,1493.8
802642,602927,2026-05-20,704.7
802643,602928,2026-05-08,892.37
802644,602929,2026-05-07,1564.94
802645,602930,2026-04-28,860.25
802646,602931,2026-05-08,975.34
802647,602933,2026-06-12,660.9
802648,602934,2026-05-10,875.63
802649,602935,2026-05-18,788.07
802650,602936,2026-05-12,1362.43
802651,602938,2026-06-05,988.4
802652,602939,2026-06-03,983.43
802653,602940,2026-06-06,380.16
802654,602941,2026-06-19,618.82
802655,602942,2026-05-22,1119.33
802656,602943,2026-05-08,1409.07
802657,602944,2026-05-11,1075.54
802658,602945,2026-05-30,1684.75
802659,602946,2026-05-28,1718.99
802660,602947,2026-05-08,1624.77
802661,602948,2026-05-30,1550.98
802662,602949,2026-05-11,1593.55
802663,602950,2026-05-24,1691.06
802664,602951,2026-05-21,1533.48
802665,602952,2026-05-29,1261.03
802666,602953,2026-05-31,776.24
802667,602954,2026-05-05,1147.12
802668,602955,2026-05-18,1125.4
802669,602956,2026-05-16,1361.58
802670,602957,2026-05-12,365.23
802671,602958,2026-06-08,1225.61
802672,602959,2026-05-16,1202.51
802673,602960,2026-06-14,1639.53
802674,602961,2026-06-22,1193.84
802675,602962,2026-06-02,959.26
802676,602963,2026-05-11,268.34
802677,602964,2026-06-15,792.56
802678,602965,2026-05-12,1555.4
802679,602966,2026-05-12,1266.58
802680,602967,2026-06-03,750.75
802681,602968,2026-06-23,588.33
802682,602969,2026-06-15,700.44
802683,602970,2026-05-20,807.34
802684,602973,2026-06-11,1079.24
802685,602974,2026-05-21,486.17
802686,602975,2026-06-04,1011.58
802687,602976,2026-05-10,1444.49
802688,602978,2026-05-20,1628.2
802689,602979,2026-06-08,1201.07
802690,602980,2026-05-25,249.6
802691,602981,2026-06-11,1674.29
802692,602983,2026-06-09,291.92
802693,602984,2026-06-17,1412.48
802694,602985,2026-05-09,825.56
802695,602986,2026-05-23,1069.06
802696,602987,2026-05-12,1391.7
802697,602989,2026-05-27,994.39
802698,602990,2026-05-27,939.13
802699,602991,2026-06-16,1465.21
802700,602993,2026-06-19,1090.25
802701,602994,2026-07-01,1991.76
802702,602995,2026-05-30,852.1
802703,602996,2026-06-17,562.65
802704,602997,2026-06-16,631.1
802705,602998,2026-06-16,467.77
802706,602999,2026-07-02,723.35
802707,603000,2026-06-22,962.85
802708,603001,2026-05-24,1205.51
802709,603002,2026-05-28,683.35
802710,603003,2026-06-13,885.9
802711,603004,2026-05-25,684.91
802712,603005,2026-05-19,1028.33
802713,603006,2026-06-11,1097.69
802714,603007,2026-05-31,863.07
802715,603008,2026-06-09,940.8
802716,603009,2026-06-09,1666.15
802717,603010,2026-06-02,1527.04
802718,603011,2026-07-04,1424.68
802719,603012,2026-06-09,1223.02
802720,603013,2026-06-01,1075.04
802721,603014,2026-06-14,761.17
802722,603015,2026-05-29,963.4
802723,603016,2026-06-26,666.64
802724,603017,2026-06-05,554.57
802725,603018,2026-07-01,1296.48
802726,603019,2026-05-17,1493.99
802727,603020,2026-06-14,966.5
802728,603022,2026-07-01,1137.08
802729,603023,2026-06-23,321.6
802730,603024,2026-05-31,1432.46
802731,603025,2026-06-12,891.45
802732,603026,2026-05-29,1332.59
802733,603027,2026-06-25,679.09
802734,603028,2026-05-29,396.9
802735,603029,2026-05-28,780.45
802736,603030,2026-05-25,1147.11
802737,603031,2026-05-30,601.3
802738,603032,2026-06-08,466.96
802739,603034,2026-06-29,451.24
802740,603035,2026-05-29,1354.88
802741,603036,2026-06-16,836.01
802742,603037,2026-06-21,1570.66
802743,603038,2026-07-05,1196.31
802744,603039,2026-06-01,891.9
802745,603040,2026-07-02,961.63
802746,603041,2026-06-11,1865.39
802747,603042,2026-05-25,521.18
802748,603043,2026-06-11,1088.69
802749,603044,2026-05-24,1310.95
802750,603045,2026-06-05,1193.94
802751,603046,2026-05-25,1113.8
802752,603047,2026-05-23,834.73
802753,603048,2026-05-30,1106.32
802754,603049,2026-06-10,493.17
802755,603050,2026-05-20,1391.7
802756,603051,2026-06-02,630.0
802757,603052,2026-06-25,1698.0
802758,603053,2026-07-06,1659.35
802759,603054,2026-06-14,1383.62
802760,603055,2026-06-18,1313.89
802761,603056,2026-06-17,872.46
802762,603057,2026-07-09,496.46
802763,603058,2026-06-17,686.37
802764,603059,2026-07-04,1506.25
802765,603060,2026-06-21,1532.0
802766,603061,2026-06-09,622.66
802767,603062,2026-06-08,900.25
802768,603063,2026-05-29,1147.03
802769,603064,2026-06-23,1111.93
802770,603065,2026-06-21,1430.25
802771,603066,2026-05-26,561.92
802772,603067,2026-06-26,623.23
802773,603069,2026-06-29,635.93
802774,603070,2026-06-03,1145.39
802775,603071,2026-06-04,1573.01
802776,603072,2026-06-25,590.23
802777,603073,2026-06-24,1349.37
802778,603074,2026-07-12,399.08
802779,603075,2026-06-14,874.2
802780,603076,2026-07-05,613.5
802781,603077,2026-05-30,787.39
802782,603078,2026-06-09,825.03
802783,603079,2026-06-16,933.9
802784,603081,2026-06-28,1636.5
802785,603082,2026-06-22,1326.66
802786,603083,2026-06-12,820.18
802787,603084,2026-07-02,431.82
802788,603085,2026-07-12,1174.71
802789,603086,2026-06-10,576.76
802790,603087,2026-06-23,2018.46
802791,603088,2026-07-05,487.61
802792,603089,2026-06-19,647.17
802793,603090,2026-07-04,997.25
802794,603091,2026-06-06,1466.42
802795,603092,2026-06-25,1227.17
802796,603093,2026-06-19,1155.6
802797,603094,2026-06-08,1216.49
802798,603095,2026-06-26,1827.9
802799,603096,2026-06-09,782.34
802800,603097,2026-07-08,1022.47
802801,603098,2026-07-15,1043.45
802802,603099,2026-06-18,1310.71
802803,603100,2026-07-05,555.68
802804,603101,2026-07-11,1363.87
802805,603102,2026-06-03,1188.94
802806,603104,2026-06-27,678.11
802807,603105,2026-07-04,1329.87
802808,603106,2026-07-04,1242.49
802809,603107,2026-05-30,515.99
802810,603108,2026-07-17,660.41
802811,603109,2026-06-08,1017.21
802812,603110,2026-06-21,1103.15
802813,603111,2026-06-17,1058.62
802814,603112,2026-07-05,1363.74
802815,603113,2026-07-17,1272.7
802816,603114,2026-06-11,788.07
802817,603115,2026-06-15,1731.09
802818,603116,2026-07-02,1547.38
802819,603117,2026-07-19,1114.63
802820,603118,2026-07-05,1409.95
802821,603119,2026-06-05,1192.07
802822,603120,2026-06-29,718.48
802823,603121,2026-06-25,589.15
802824,603122,2026-07-17,401.63
802825,603123,2026-06-23,972.79
802826,603124,2026-06-29,738.64
802827,603125,2026-07-01,262.91
802828,603126,2026-06-24,700.44
802829,603127,2026-07-12,254.73
802830,603128,2026-06-09,1086.48
802831,603129,2026-06-08,1628.24
802832,603130,2026-06-23,641.67
802833,603131,2026-06-27,619.72
802834,603132,2026-06-19,1163.08
802835,603133,2026-07-16,1189.41
802836,603134,2026-07-15,1053.37
802837,603135,2026-07-19,883.04
802838,603136,2026-06-12,1156.1
802839,603137,2026-07-05,1144.86
802840,603138,2026-07-01,1089.2
802841,603139,2026-07-11,352.86
802842,603140,2026-06-30,1082.73
802843,603141,2026-06-01,1291.16
802844,603142,2026-06-21,1568.97
802845,603143,2026-06-19,1552.41
802846,603144,2026-06-17,749.62
802847,603145,2026-07-19,971.17
802848,603146,2026-07-05,1639.23
802849,603147,2026-07-08,1141.04
802850,603148,2026-06-29,995.07
802851,603149,2026-07-02,876.2
802852,603150,2026-06-15,1280.65
802853,603151,2026-07-23,555.95
802854,603153,2026-07-17,1733.8
802855,603154,2026-07-12,469.17
802856,603155,2026-06-08,2014.9
802857,603156,2026-06-12,1165.62
802858,603157,2026-07-12,963.37
802859,603158,2026-06-07,821.96
802860,603159,2026-07-26,1943.34
802861,603160,2026-07-13,1778.77
802862,603161,2026-06-26,1714.49
802863,603162,2026-07-03,916.6
802864,603163,2026-06-20,905.56
802865,603164,2026-07-23,1460.18
802866,603165,2026-07-13,1549.64
802867,603166,2026-07-06,320.56
802868,603167,2026-06-15,625.53
802869,603168,2026-06-10,1469.86
802870,603169,2026-07-02,1340.39
802871,603170,2026-06-09,796.86
802872,603171,2026-07-14,832.23
802873,603172,2026-06-08,668.81
802874,603173,2026-07-17,912.08
802875,603174,2026-07-06,1097.6
802876,603175,2026-06-25,1017.74
802877,603176,2026-06-17,1397.9
802878,603177,2026-07-15,1374.03
802879,603178,2026-07-12,1900.7
802880,603180,2026-06-16,447.83
802881,603181,2026-07-13,1208.39
802882,603182,2026-07-25,914.75
802883,603183,2026-06-20,1028.08
802884,603184,2026-07-02,203.84
802885,603185,2026-07-22,999.62
802886,603186,2026-06-09,1161.96
802887,603188,2026-06-24,1447.43
802888,603189,2026-07-11,1588.62
802889,603190,2026-07-23,1220.18
802890,603191,2026-07-08,898.41
802891,603192,2026-06-21,1317.67
802892,603193,2026-07-10,1058.33
802893,603194,2026-06-27,1650.02
802894,603195,2026-06-20,1074.03
802895,603196,2026-07-23,643.01
802896,603197,2026-07-24,1178.35
802897,603198,2026-07-23,557.67
802898,603199,2026-07-11,781.1
802899,603200,2026-07-01,545.76
802900,603201,2026-07-24,728.67
802901,603202,2026-06-12,502.46
802902,603204,2026-06-29,279.24
802903,603205,2026-06-27,1013.98
802904,603206,2026-06-19,1734.06
802905,603207,2026-07-09,333.88
802906,603208,2026-07-14,653.08
802907,603209,2026-07-16,932.53
802908,603210,2026-06-21,1108.75
802909,603211,2026-07-12,1369.44
802910,603212,2026-07-12,1551.2
802911,603213,2026-06-17,1748.15
802912,603214,2026-07-20,762.93
802913,603216,2026-07-26,1546.08
802914,603217,2026-07-17,1344.94
802915,603218,2026-07-24,1733.81
802916,603219,2026-06-22,806.66
802917,603220,2026-06-12,1204.05
802918,603221,2026-07-19,305.34
802919,603222,2026-07-10,305.63
802920,603223,2026-07-19,909.23
802921,603224,2026-06-27,724.6
802922,603225,2026-06-30,1092.24
802923,603226,2026-07-07,1219.13
802924,603227,2026-07-19,1242.89
802925,603228,2026-06-27,1477.54
802926,603229,2026-07-29,938.02
802927,603230,2026-07-20,1530.03
802928,603231,2026-06-28,944.7
802929,603232,2026-06-30,585.8
802930,603233,2026-06-26,1109.25
802931,603235,2026-06-26,1039.53
802932,603236,2026-07-26,1576.29
802933,603237,2026-07-16,1147.92
802934,603238,2026-07-06,1968.35
802935,603239,2026-07-02,1538.9
802936,603240,2026-08-01,241.06
802937,603241,2026-07-12,1194.32
802938,603242,2026-07-15,704.87
802939,603243,2026-07-15,1674.67
802940,603244,2026-06-27,1322.55
802941,603245,2026-06-29,616.21
802942,603246,2026-07-25,1592.78
802943,603247,2026-07-12,1099.73
802944,603249,2026-07-06,1451.3
802945,603251,2026-07-07,739.21
802946,603252,2026-07-07,501.16
802947,603253,2026-07-05,1584.97
802948,603254,2026-06-20,1024.48
802949,603255,2026-07-14,861.3
802950,603257,2026-07-17,683.43
802951,603258,2026-07-11,715.73
802952,603259,2026-07-10,793.46
802953,603260,2026-07-28,1403.0
802954,603261,2026-06-18,1038.98
802955,603262,2026-08-09,1030.94
802956,603263,2026-07-14,769.22
802957,603264,2026-08-01,577.85
802958,603265,2026-07-09,1023.95
802959,603266,2026-07-20,1570.0
802960,603267,2026-07-19,1968.94
802961,603268,2026-06-22,624.39
802962,603269,2026-07-12,1384.42
802963,603270,2026-07-23,1846.41
802964,603271,2026-08-02,1150.48
802965,603272,2026-08-02,253.44
802966,603273,2026-07-22,828.88
802967,603274,2026-07-29,1110.57
802968,603275,2026-08-09,1360.43
802969,603276,2026-07-26,1165.3
802970,603277,2026-07-29,1051.47
802971,603278,2026-08-11,1605.06
802972,603279,2026-06-29,709.43
802973,603281,2026-08-03,889.26
802974,603282,2026-08-06,1485.7
802975,603283,2026-08-12,634.95
802976,603284,2026-06-30,1462.01
802977,603285,2026-07-16,674.99
802978,603286,2026-07-05,1451.79
802979,603288,2026-08-06,1100.72
802980,603292,2026-07-04,1775.84
802981,603293,2026-08-07,374.05
802982,603294,2026-07-18,817.99
802983,603295,2026-08-05,1188.6
802984,603296,2026-07-14,1335.77
802985,603299,2026-07-06,456.5
802986,603300,2026-08-17,740.5
802987,603301,2026-07-13,1421.93
802988,603302,2026-07-28,815.06
802989,603303,2026-07-25,1081.3
802990,603304,2026-08-08,994.2
802991,603305,2026-07-27,810.12
802992,603306,2026-07-24,1901.07
802993,603307,2026-07-13,292.49
802994,603308,2026-07-24,1723.27
802995,603309,2026-07-17,1515.78
802996,603310,2026-08-06,972.3
802997,603311,2026-06-27,686.19
802998,603312,2026-07-06,510.39
802999,603313,2026-08-08,1006.93
803000,603314,2026-08-15,494.43
803001,603315,2026-08-05,1033.4
803002,603316,2026-07-29,576.82
803003,603317,2026-08-08,1351.39
803004,603318,2026-08-12,1500.48
803005,603319,2026-07-05,1749.56
803006,603320,2026-08-15,258.14
803007,603321,2026-07-11,211.52
803008,603322,2026-07-29,1524.39
803009,603323,2026-07-12,1473.79
803010,603324,2026-07-25,1404.3
803011,603325,2026-07-27,1159.71
803012,603326,2026-07-24,826.99
803013,603327,2026-07-21,847.18
803014,603328,2026-08-02,474.15
803015,603329,2026-08-15,1084.36
803016,603330,2026-08-06,737.13
803017,603331,2026-08-17,773.61
803018,603332,2026-08-15,951.61
803019,603333,2026-07-12,884.58
